-- MySQL dump 10.13  Distrib 8.0.14, for Win64 (x86_64)
--
-- Host: localhost    Database: test_bench
-- ------------------------------------------------------
-- Server version	8.0.14

/*!40101 SET @OLD_CHARACTER_SET_CLIENT=@@CHARACTER_SET_CLIENT */;
/*!40101 SET @OLD_CHARACTER_SET_RESULTS=@@CHARACTER_SET_RESULTS */;
/*!40101 SET @OLD_COLLATION_CONNECTION=@@COLLATION_CONNECTION */;
 SET NAMES utf8mb4 ;
/*!40103 SET @OLD_TIME_ZONE=@@TIME_ZONE */;
/*!40103 SET TIME_ZONE='+00:00' */;
/*!40014 SET @OLD_UNIQUE_CHECKS=@@UNIQUE_CHECKS, UNIQUE_CHECKS=0 */;
/*!40014 SET @OLD_FOREIGN_KEY_CHECKS=@@FOREIGN_KEY_CHECKS, FOREIGN_KEY_CHECKS=0 */;
/*!40101 SET @OLD_SQL_MODE=@@SQL_MODE, SQL_MODE='NO_AUTO_VALUE_ON_ZERO' */;
/*!40111 SET @OLD_SQL_NOTES=@@SQL_NOTES, SQL_NOTES=0 */;

--
-- Table structure for table `data_entity_action_insert`
--

DROP TABLE IF EXISTS `data_entity_action_insert`;
/*!40101 SET @saved_cs_client     = @@character_set_client */;
 SET character_set_client = utf8mb4 ;
CREATE TABLE `data_entity_action_insert` (
  `entity_id` int(10) unsigned NOT NULL,
  `entity_entity_id` int(10) unsigned NOT NULL,
  `entity_action_type_id` int(10) unsigned NOT NULL,
  `entity_action_desc` varchar(1000) NOT NULL,
  `entity_action_data` varchar(1000) DEFAULT NULL,
  PRIMARY KEY (`entity_id`,`entity_entity_id`)
) ENGINE=InnoDB DEFAULT CHARSET=utf8;
/*!40101 SET character_set_client = @saved_cs_client */;

--
-- Dumping data for table `data_entity_action_insert`
--

LOCK TABLES `data_entity_action_insert` WRITE;
/*!40000 ALTER TABLE `data_entity_action_insert` DISABLE KEYS */;
/*!40000 ALTER TABLE `data_entity_action_insert` ENABLE KEYS */;
UNLOCK TABLES;
/*!50003 SET @saved_cs_client      = @@character_set_client */ ;
/*!50003 SET @saved_cs_results     = @@character_set_results */ ;
/*!50003 SET @saved_col_connection = @@collation_connection */ ;
/*!50003 SET character_set_client  = utf8mb4 */ ;
/*!50003 SET character_set_results = utf8mb4 */ ;
/*!50003 SET collation_connection  = utf8mb4_0900_ai_ci */ ;
/*!50003 SET @saved_sql_mode       = @@sql_mode */ ;
/*!50003 SET sql_mode              = 'ONLY_FULL_GROUP_BY,STRICT_TRANS_TABLES,NO_ZERO_IN_DATE,NO_ZERO_DATE,ERROR_FOR_DIVISION_BY_ZERO,NO_ENGINE_SUBSTITUTION' */ ;
DELIMITER ;;
/*!50003 CREATE*/ /*!50017 DEFINER=`root`@`localhost`*/ /*!50003 TRIGGER `data_entity_action_insert_AFTER_INSERT` AFTER INSERT ON `data_entity_action_insert` FOR EACH ROW BEGIN
	 CALL create_entity_action(
		NEW.entity_id, 
        NEW.entity_entity_id, 
		NEW.entity_action_type_id,
		NEW.entity_action_desc, 
		NEW.entity_action_data);
END */;;
DELIMITER ;
/*!50003 SET sql_mode              = @saved_sql_mode */ ;
/*!50003 SET character_set_client  = @saved_cs_client */ ;
/*!50003 SET character_set_results = @saved_cs_results */ ;
/*!50003 SET collation_connection  = @saved_col_connection */ ;

--
-- Table structure for table `data_entity_insert`
--

DROP TABLE IF EXISTS `data_entity_insert`;
/*!40101 SET @saved_cs_client     = @@character_set_client */;
 SET character_set_client = utf8mb4 ;
CREATE TABLE `data_entity_insert` (
  `id` int(10) unsigned NOT NULL,
  `entity_id` int(10) unsigned NOT NULL,
  `entity_name` varchar(45) NOT NULL,
  `entity_type_name` varchar(45) NOT NULL,
  `entity_desc` text,
  `creation_type` enum('AUTO','MAN') NOT NULL,
  `should_have_tool_tip` varchar(5) NOT NULL,
  `tool_tip_text` varchar(250) DEFAULT NULL,
  `new_version_category` enum('MAJOR','MINOR','BUILD') NOT NULL,
  `entity_parent_id` int(10) unsigned NOT NULL COMMENT 'id	entity_test_id	entity_test_name	entity_id	created_by_employee_id	entity_test_parent	description	initial_value	expected_value	received_value	insert_value	failure_halts_test	test_category_primary	test_category_secondary	test_created\n',
  `entity_parent_entity_id` int(10) unsigned NOT NULL COMMENT 'id	entity_test_id	entity_test_name	entity_id	created_by_employee_id	entity_test_parent	description	initial_value	expected_value	received_value	insert_value	failure_halts_test	test_category_primary	test_category_secondary	test_created\n',
  `endl` varchar(2) DEFAULT NULL,
  PRIMARY KEY (`id`,`entity_id`,`entity_name`),
  UNIQUE KEY `entity_id_UNIQUE` (`entity_id`),
  UNIQUE KEY `id_UNIQUE` (`id`)
) ENGINE=InnoDB DEFAULT CHARSET=utf8 COMMENT='entityParentId INT UNSIGNED,\n    IN entityParentEntityId INT UNSIGNED,\n    ';
/*!40101 SET character_set_client = @saved_cs_client */;

--
-- Dumping data for table `data_entity_insert`
--

LOCK TABLES `data_entity_insert` WRITE;
/*!40000 ALTER TABLE `data_entity_insert` DISABLE KEYS */;
/*!40000 ALTER TABLE `data_entity_insert` ENABLE KEYS */;
UNLOCK TABLES;
/*!50003 SET @saved_cs_client      = @@character_set_client */ ;
/*!50003 SET @saved_cs_results     = @@character_set_results */ ;
/*!50003 SET @saved_col_connection = @@collation_connection */ ;
/*!50003 SET character_set_client  = utf8mb4 */ ;
/*!50003 SET character_set_results = utf8mb4 */ ;
/*!50003 SET collation_connection  = utf8mb4_0900_ai_ci */ ;
/*!50003 SET @saved_sql_mode       = @@sql_mode */ ;
/*!50003 SET sql_mode              = 'ONLY_FULL_GROUP_BY,STRICT_TRANS_TABLES,NO_ZERO_IN_DATE,NO_ZERO_DATE,ERROR_FOR_DIVISION_BY_ZERO,NO_ENGINE_SUBSTITUTION' */ ;
DELIMITER ;;
/*!50003 CREATE*/ /*!50017 DEFINER=`root`@`localhost`*/ /*!50003 TRIGGER `data_entity_insert_AFTER_INSERT` AFTER INSERT ON `data_entity_insert` FOR EACH ROW BEGIN
	CALL create_new_entity(
		NEW.id,
		NEW.entity_id, 
        NEW.entity_name, 
        NEW.entity_type_name, 
        NEW.entity_desc, 
        NEW.creation_type, 
        NEW.entity_parent_id, 
        NEW.entity_parent_entity_id, 
        NEW.should_have_tool_tip,
        NEW.tool_tip_text,
        NEW.new_version_category);
END */;;
DELIMITER ;
/*!50003 SET sql_mode              = @saved_sql_mode */ ;
/*!50003 SET character_set_client  = @saved_cs_client */ ;
/*!50003 SET character_set_results = @saved_cs_results */ ;
/*!50003 SET collation_connection  = @saved_col_connection */ ;

--
-- Table structure for table `data_entity_test_insert`
--

DROP TABLE IF EXISTS `data_entity_test_insert`;
/*!40101 SET @saved_cs_client     = @@character_set_client */;
 SET character_set_client = utf8mb4 ;
CREATE TABLE `data_entity_test_insert` (
  `id` int(10) unsigned NOT NULL AUTO_INCREMENT,
  `entity_test_row_id` int(10) unsigned NOT NULL,
  `entity_test_id` int(10) unsigned NOT NULL,
  `entity_test_name` varchar(200) NOT NULL,
  `entity_id` int(10) unsigned NOT NULL,
  `entity_entity_id` int(10) unsigned NOT NULL,
  `created_by_employee_id` varchar(45) NOT NULL,
  `entity_test_parent_row_id` int(10) unsigned DEFAULT NULL,
  `entity_test_parent_id` int(10) unsigned DEFAULT NULL,
  `description` text,
  `test_function` varchar(250) NOT NULL COMMENT 'Value at the start of the test',
  `data_in` text COMMENT 'Expected value at the end of the test',
  `data_out` text COMMENT 'Value from another source',
  `data_expected` text COMMENT 'Value at the start of the test',
  `failure_halts_test` tinyint(4) NOT NULL DEFAULT '0',
  `test_category_primary` varchar(45) NOT NULL,
  `test_category_secondary` varchar(45) DEFAULT NULL,
  `test_created` date NOT NULL,
  `endl` varchar(2) DEFAULT NULL,
  PRIMARY KEY (`id`,`entity_test_row_id`,`entity_test_id`,`entity_test_name`),
  UNIQUE KEY `entity_id_UNIQUE` (`entity_id`),
  UNIQUE KEY `entity_test_id_UNIQUE` (`entity_test_id`),
  UNIQUE KEY `id_UNIQUE` (`id`),
  UNIQUE KEY `entity_test_row_id_UNIQUE` (`entity_test_row_id`),
  KEY `fk_entity_test_employee1_idx` (`created_by_employee_id`),
  CONSTRAINT `fk_entity_test_employee10` FOREIGN KEY (`created_by_employee_id`) REFERENCES `employee` (`id`)
) ENGINE=InnoDB AUTO_INCREMENT=555 DEFAULT CHARSET=utf8 COMMENT='	IN id INT UNSIGNED, IN entityTestId INT UNSIGNED, IN entityId INT UNSIGNED, IN entityEntityId INT UNSIGNED, \n	IN entityTestName VARCHAR(200), IN createdByEmployeeId VARCHAR(45), IN entityTestDesc VARCHAR(1000), \n    IN testFunction VARCHAR(1000), IN dataIn VARCHAR(1000), IN dataOut VARCHAR(1000), IN dataExpected VARCHAR(1000), \n    IN failureHaltsTest TINYINT, IN primaryTestCat VARCHAR(1000), IN secondaryTestCat VARCHAR(1000),\n    IN testCreated DATE, IN newVerCat ENUM(''MAJOR'', ''MINOR'', ''BUILD''), \n    IN parentId INT UNSIGNED, IN parentEntityTestId INT UNSIGNED,\n    IN lastRunDate DATE, IN lastRunTime TIME)\n';
/*!40101 SET character_set_client = @saved_cs_client */;

--
-- Dumping data for table `data_entity_test_insert`
--

LOCK TABLES `data_entity_test_insert` WRITE;
/*!40000 ALTER TABLE `data_entity_test_insert` DISABLE KEYS */;
INSERT INTO `data_entity_test_insert` VALUES (399,399,396,'Top Level of: Employees - Contact Numbers',399,396,'SB_1',331,329,'This is the top level test for Employees - Contact Numbers. For this to pass all its children must pass.','','','','',0,'NA  ','NA','2021-05-26','N\r'),(400,400,397,'Employees - Contact Numbers - Text Element',400,397,'SB_1',399,396,'Is the text correct?','-','-','-','Contact Numbers',0,'NA  ','NA','2021-05-26','N\r'),(401,401,398,'Employees - Contact Numbers - FaFa',401,398,'SB_1',399,396,'Is it the correct FaFa?','-','-','-','FaFa-EMPTY',0,'NA  ','NA','2021-05-26','N\r'),(402,402,399,'Top Level of: Employees - Contact Numbers - ClickRedirect',402,399,'SB_1',399,396,'This is the top level test for Employees - Contact Numbers - ClickRedirect. For this to pass all its children must pass.','','','','',0,'Redirect','NA','2021-05-26','N\r'),(403,403,400,'Top Level of: Employees - Banks',403,400,'SB_1',331,329,'This is the top level test for Employees - Banks. For this to pass all its children must pass.','','','','',0,'NA  ','NA','2021-05-26','N\r'),(404,404,401,'Employees - Banks - Text Element',404,401,'SB_1',403,400,'Is the text correct?','-','-','-','Banks',0,'NA  ','NA','2021-05-26','N\r'),(405,405,402,'Employees - Banks - FaFa',405,402,'SB_1',403,400,'Is it the correct FaFa?','-','-','-','FaFa-EMPTY',0,'NA  ','NA','2021-05-26','N\r'),(406,406,403,'Top Level of: Employees - Banks - ClickRedirect',406,403,'SB_1',403,400,'This is the top level test for Employees - Banks - ClickRedirect. For this to pass all its children must pass.','','','','',0,'Redirect','NA','2021-05-26','N\r'),(407,407,404,'Top Level of: Employees - Salary Details',407,404,'SB_1',331,329,'This is the top level test for Employees - Salary Details. For this to pass all its children must pass.','','','','',0,'NA  ','NA','2021-05-26','N\r'),(408,408,405,'Employees - Salary Details - Text Element',408,405,'SB_1',407,404,'Is the text correct?','-','-','-','Salary Details',0,'NA  ','NA','2021-05-26','N\r'),(409,409,406,'Employees - Salary Details - FaFa',409,406,'SB_1',407,404,'Is it the correct FaFa?','-','-','-','FaFa-EMPTY',0,'NA  ','NA','2021-05-26','N\r'),(410,410,407,'Top Level of: Employees - Salary Details - ClickRedirect',410,407,'SB_1',407,404,'This is the top level test for Employees - Salary Details - ClickRedirect. For this to pass all its children must pass.','','','','',0,'Redirect','NA','2021-05-26','N\r'),(411,411,408,'Top Level of: Employees - Career Progression',411,408,'SB_1',331,329,'This is the top level test for Employees - Career Progression. For this to pass all its children must pass.','','','','',0,'NA  ','NA','2021-05-26','N\r'),(412,412,409,'Employees - Career Progression - Text Element',412,409,'SB_1',411,408,'Is the text correct?','-','-','-','Career Progression',0,'NA  ','NA','2021-05-26','N\r'),(413,413,410,'Employees - Career Progression - FaFa',413,410,'SB_1',411,408,'Is it the correct FaFa?','-','-','-','FaFa-EMPTY',0,'NA  ','NA','2021-05-26','N\r'),(414,414,411,'Top Level of: Employees - Career Progression - ClickRedirect',414,411,'SB_1',411,408,'This is the top level test for Employees - Career Progression - ClickRedirect. For this to pass all its children must pass.','','','','',0,'Redirect','NA','2021-05-26','N\r'),(415,415,412,'Top Level of: Employees - Schedule',415,412,'SB_1',331,329,'This is the top level test for Employees - Schedule. For this to pass all its children must pass.','','','','',0,'NA  ','NA','2021-05-26','N\r'),(416,416,413,'Employees - Schedule - Text Element',416,413,'SB_1',415,412,'Is the text correct?','-','-','-','Schedule',0,'NA  ','NA','2021-05-26','N\r'),(417,417,414,'Employees - Schedule - FaFa',417,414,'SB_1',415,412,'Is it the correct FaFa?','-','-','-','FaFa-EMPTY',0,'NA  ','NA','2021-05-26','N\r'),(418,418,415,'Top Level of: Employees - Schedule - ClickRedirect',418,415,'SB_1',415,412,'This is the top level test for Employees - Schedule - ClickRedirect. For this to pass all its children must pass.','','','','',0,'Redirect','NA','2021-05-26','N\r'),(419,419,416,'Top Level of: Employees - Permanent Allowances',419,416,'SB_1',331,329,'This is the top level test for Employees - Permanent Allowances. For this to pass all its children must pass.','','','','',0,'NA  ','NA','2021-05-26','N\r'),(420,420,417,'Employees - Permanent Allowances - Text Element',420,417,'SB_1',419,416,'Is the text correct?','-','-','-','Permanent Allowances',0,'NA  ','NA','2021-05-26','N\r'),(421,421,418,'Employees - Permanent Allowances - FaFa',421,418,'SB_1',419,416,'Is it the correct FaFa?','-','-','-','FaFa-EMPTY',0,'NA  ','NA','2021-05-26','N\r'),(422,422,419,'Top Level of: Employees - Permanent Allowances - ClickRedirect',422,419,'SB_1',419,416,'This is the top level test for Employees - Permanent Allowances - ClickRedirect. For this to pass all its children must pass.','','','','',0,'Redirect','NA','2021-05-26','N\r'),(423,423,420,'Top Level of: Employees - Previous Employment',423,420,'SB_1',331,329,'This is the top level test for Employees - Previous Employment. For this to pass all its children must pass.','','','','',0,'NA  ','NA','2021-05-26','N\r'),(424,424,421,'Employees - Previous Employment - Text Element',424,421,'SB_1',423,420,'Is the text correct?','-','-','-','Previous Employment',0,'NA  ','NA','2021-05-26','N\r'),(425,425,422,'Employees - Previous Employment - FaFa',425,422,'SB_1',423,420,'Is it the correct FaFa?','-','-','-','FaFa-EMPTY',0,'NA  ','NA','2021-05-26','N\r'),(426,426,423,'Top Level of: Employees - Previous Employment - ClickRedirect',426,423,'SB_1',423,420,'This is the top level test for Employees - Previous Employment - ClickRedirect. For this to pass all its children must pass.','','','','',0,'Redirect','NA','2021-05-26','N\r'),(427,427,424,'Top Level of: Employees - Unions',427,424,'SB_1',331,329,'This is the top level test for Employees - Unions. For this to pass all its children must pass.','','','','',0,'NA  ','NA','2021-05-26','N\r'),(428,428,425,'Employees - Unions - Text Element',428,425,'SB_1',427,424,'Is the text correct?','-','-','-','Unions',0,'NA  ','NA','2021-05-26','N\r'),(429,429,426,'Employees - Unions - FaFa',429,426,'SB_1',427,424,'Is it the correct FaFa?','-','-','-','FaFa-EMPTY',0,'NA  ','NA','2021-05-26','N\r'),(430,430,427,'Top Level of: Employees - Unions - ClickRedirect',430,427,'SB_1',427,424,'This is the top level test for Employees - Unions - ClickRedirect. For this to pass all its children must pass.','','','','',0,'Redirect','NA','2021-05-26','N\r'),(431,431,428,'Top Level of: Employee Others - Advances & Payments',431,428,'SB_1',347,33,'This is the top level test for Employee Others - Advances & Payments. For this to pass all its children must pass.','','','','',0,'NA  ','NA','2021-05-26','N\r'),(432,432,429,'Employee Others - Advances & Payments - Text Element',432,429,'SB_1',431,428,'Is the text correct?','-','-','-','Advances & Payments',0,'NA  ','NA','2021-05-26','N\r'),(433,433,430,'Employee Others - Advances & Payment - FaFa',433,430,'SB_1',431,428,'Is it the correct FaFa?','-','-','-','FaFa-EMPTY',0,'NA  ','NA','2021-05-26','N\r'),(434,434,431,'Top Level of: Employee Others - Advances & Payment - ClickRedirect',434,431,'SB_1',431,428,'This is the top level test for Employee Others - Advances & Payment - ClickRedirect. For this to pass all its children must pass.','','','','',0,'Redirect','NA','2021-05-26','N\r'),(435,435,432,'Top Level of: Employee Others - Tax Arrears',435,432,'SB_1',347,33,'This is the top level test for Employee Others - Tax Arrears. For this to pass all its children must pass.','','','','',0,'NA  ','NA','2021-05-26','N\r'),(436,436,433,'Employee Others - Tax Arrears - Text Element',436,433,'SB_1',435,432,'Is the text correct?','-','-','-','Tax Arrears',0,'NA  ','NA','2021-05-26','N\r'),(437,437,434,'Employee Others - Tax Arrears - FaFa',437,434,'SB_1',435,432,'Is it the correct FaFa?','-','-','-','FaFa-EMPTY',0,'NA  ','NA','2021-05-26','N\r'),(438,438,435,'Top Level of: Employee Others - Tax Arrears - ClickRedirect',438,435,'SB_1',435,432,'This is the top level test for Employee Others - Tax Arrears - ClickRedirect. For this to pass all its children must pass.','','','','',0,'Redirect','NA','2021-05-26','N\r'),(439,439,436,'Top Level of: Employee Others - Loans',439,436,'SB_1',347,33,'This is the top level test for Employee Others - Loans. For this to pass all its children must pass.','','','','',0,'NA  ','NA','2021-05-26','N\r'),(440,440,437,'Employee Others - Loans - Text Element',440,437,'SB_1',439,436,'Is the text correct?','-','-','-','Loans',0,'NA  ','NA','2021-05-26','N\r'),(441,441,438,'Employee Others - Loans - FaFa',441,438,'SB_1',439,436,'Is it the correct FaFa?','-','-','-','FaFa-EMPTY',0,'NA  ','NA','2021-05-26','N\r'),(442,442,439,'Top Level of: Employee Others - Loans - ClickRedirect',442,439,'SB_1',439,436,'This is the top level test for Employee Others - Loans - ClickRedirect. For this to pass all its children must pass.','','','','',0,'Redirect','NA','2021-05-26','N\r'),(443,443,440,'Top Level of: Employee Others - Pensions',443,440,'SB_1',347,33,'This is the top level test for Employee Others - Pensions. For this to pass all its children must pass.','','','','',0,'NA  ','NA','2021-05-26','N\r'),(444,444,441,'Employee Others - Pensions - Text Element',444,441,'SB_1',443,440,'Is the text correct?','-','-','-','Pensions',0,'NA  ','NA','2021-05-26','N\r'),(445,445,442,'Employee Others - Pensions - FaFa',445,442,'SB_1',443,440,'Is it the correct FaFa?','-','-','-','FaFa-EMPTY',0,'NA  ','NA','2021-05-26','N\r'),(446,446,443,'Top Level of: Employee Others - Pensions - ClickRedirect',446,443,'SB_1',443,440,'This is the top level test for Employee Others - Pensions - ClickRedirect. For this to pass all its children must pass.','','','','',0,'Redirect','NA','2021-05-26','N\r'),(447,447,444,'Top Level of: Employee Others - Covid-19 Supplement',447,444,'SB_1',347,33,'This is the top level test for Employee Others - Covid-19 Supplement. For this to pass all its children must pass.','','','','',0,'NA  ','NA','2021-05-26','N\r'),(448,448,445,'Employee Others - Covid-19 Supplement - Text Element',448,445,'SB_1',447,444,'Is the text correct?','-','-','-','Covid-19 Supplement',0,'NA  ','NA','2021-05-26','N\r'),(449,449,446,'Employee Others - Covid-19 Supplement - FaFa',449,446,'SB_1',447,444,'Is it the correct FaFa?','-','-','-','FaFa-EMPTY',0,'NA  ','NA','2021-05-26','N\r'),(450,450,447,'Top Level of: Employee Others - Covid-19 Supplement - Display form',450,447,'SB_1',447,444,'This is the top level test for Employee Others - Covid-19 Supplement - Display form. For this to pass all its children must pass.','','','','',0,'Redirect','NA','2021-05-26','N\r'),(451,451,448,'Top Level of: Payroll - Initialise Payroll',451,448,'SB_1',357,34,'This is the top level test for Payroll - Initialise Payroll. For this to pass all its children must pass.','','','','',0,'NA  ','NA','2021-05-26','N\r'),(452,452,449,'Payroll - Initialise Payroll - Text Element',452,449,'SB_1',451,448,'Is the text correct?','-','-','-','Initialise Payroll',0,'NA  ','NA','2021-05-26','N\r'),(453,453,450,'Payroll - Initialise Payroll - FaFa',453,450,'SB_1',451,448,'Is it the correct FaFa?','-','-','-','FaFa-EMPTY',0,'NA  ','NA','2021-05-26','N\r'),(454,454,451,'Top Level of: Payroll - Initialise Payroll - ClickRedirect',454,451,'SB_1',451,448,'This is the top level test for Payroll - Initialise Payroll - ClickRedirect. For this to pass all its children must pass.','','','','',0,'Redirect','NA','2021-05-26','N\r'),(455,455,452,'Top Level of: Payroll - Payroll Details DrillDown',455,452,'SB_1',357,34,'This is the top level test for Payroll - Payroll Details DrillDown. For this to pass all its children must pass.','','','','',0,'NA  ','NA','2021-05-26','N\r'),(456,456,453,'Payroll - Payroll Details DrillDown - Text Element',456,453,'SB_1',455,452,'Is the text correct?','-','-','-','Payroll Details DrillDown',0,'NA  ','NA','2021-05-26','N\r'),(457,457,454,'Payroll - Payroll Details DrillDown - FaFa',457,454,'SB_1',455,452,'Is it the correct FaFa?','-','-','-','FaFa-EMPTY',0,'NA  ','NA','2021-05-26','N\r'),(458,458,455,'Top Level of: Payroll - Payroll Details DrillDown - ClickRedirect',458,455,'SB_1',455,452,'This is the top level test for Payroll - Payroll Details DrillDown - ClickRedirect. For this to pass all its children must pass.','','','','',0,'Redirect','NA','2021-05-26','N\r'),(459,459,456,'Top Level of: Payroll - Detailed Adjustments',459,456,'SB_1',357,34,'This is the top level test for Payroll - Detailed Adjustments. For this to pass all its children must pass.','','','','',0,'NA  ','NA','2021-05-26','N\r'),(460,460,457,'Payroll - Detailed Adjustments - Text Element',460,457,'SB_1',459,456,'Is the text correct?','-','-','-','Detailed Adjustments',0,'NA  ','NA','2021-05-26','N\r'),(461,461,458,'Payroll - Detailed Adjustments - FaFa',461,458,'SB_1',459,456,'Is it the correct FaFa?','-','-','-','FaFa-EMPTY',0,'NA  ','NA','2021-05-26','N\r'),(462,462,459,'Top Level of: Payroll - Detailed Adjustments - ClickRedirect',462,459,'SB_1',459,456,'This is the top level test for Payroll - Detailed Adjustments - ClickRedirect. For this to pass all its children must pass.','','','','',0,'Redirect','NA','2021-05-26','N\r'),(463,463,460,'Top Level of: Payroll - Global Adjustments',463,460,'SB_1',357,34,'This is the top level test for Payroll - Global Adjustments. For this to pass all its children must pass.','','','','',0,'NA  ','NA','2021-05-26','N\r'),(464,464,461,'Payroll - Global Adjustments - Text Element',464,461,'SB_1',463,460,'Is the text correct?','-','-','-','Global Adjustments',0,'NA  ','NA','2021-05-26','N\r'),(465,465,462,'Payroll - Global Adjustments - FaFa',465,462,'SB_1',463,460,'Is it the correct FaFa?','-','-','-','FaFa-EMPTY',0,'NA  ','NA','2021-05-26','N\r'),(466,466,463,'Top Level of: Payroll - Global Adjustments - ClickRedirect',466,463,'SB_1',463,460,'This is the top level test for Payroll - Global Adjustments - ClickRedirect. For this to pass all its children must pass.','','','','',0,'Redirect','NA','2021-05-26','N\r'),(467,467,464,'Top Level of: Payroll - Global Absences',467,464,'SB_1',357,34,'This is the top level test for Payroll - Global Absences. For this to pass all its children must pass.','','','','',0,'NA  ','NA','2021-05-26','N\r'),(468,468,465,'Payroll - Global Absences - Text Element',468,465,'SB_1',467,464,'Is the text correct?','-','-','-','Global Absences',0,'NA  ','NA','2021-05-26','N\r'),(469,469,466,'Payroll - Global Absences - FaFa',469,466,'SB_1',467,464,'Is it the correct FaFa?','-','-','-','FaFa-EMPTY',0,'NA  ','NA','2021-05-26','N\r'),(470,470,467,'Top Level of: Payroll - Global Absences - Display form',470,467,'SB_1',467,464,'This is the top level test for Payroll - Global Absences - Display form. For this to pass all its children must pass.','','','','',0,'Redirect','NA','2021-05-26','N\r'),(471,471,468,'Top Level of: Payroll - Global Extras',471,468,'SB_1',357,34,'This is the top level test for Payroll - Global Extras. For this to pass all its children must pass.','','','','',0,'NA  ','NA','2021-05-26','N\r'),(472,472,469,'Payroll - Global Extras - Text Element',472,469,'SB_1',471,468,'Is the text correct?','-','-','-','Global Extras',0,'NA  ','NA','2021-05-26','N\r'),(473,473,470,'Payroll - Global Extras - FaFa',473,470,'SB_1',471,468,'Is it the correct FaFa?','-','-','-','FaFa-EMPTY',0,'NA  ','NA','2021-05-26','N\r'),(474,474,471,'Top Level of: Payroll - Global Extras - ClickRedirect',474,471,'SB_1',471,468,'This is the top level test for Payroll - Global Extras - ClickRedirect. For this to pass all its children must pass.','','','','',0,'Redirect','NA','2021-05-26','N\r'),(475,475,472,'Top Level of: Payroll - Calculate Payroll',475,472,'SB_1',357,34,'This is the top level test for Payroll - Calculate Payroll. For this to pass all its children must pass.','','','','',0,'NA  ','NA','2021-05-26','N\r'),(476,476,473,'Payroll - Calculate Payroll - Text Element',476,473,'SB_1',475,472,'Is the text correct?','-','-','-','Calculate Payroll',0,'NA  ','NA','2021-05-26','N\r'),(477,477,474,'Payroll - Calculate Payroll - FaFa',477,474,'SB_1',475,472,'Is it the correct FaFa?','-','-','-','FaFa-EMPTY',0,'NA  ','NA','2021-05-26','N\r'),(478,478,475,'Top Level of: Payroll - Calculate Payroll - ClickRedirect',478,475,'SB_1',475,472,'This is the top level test for Payroll - Calculate Payroll - ClickRedirect. For this to pass all its children must pass.','','','','',0,'Redirect','NA','2021-05-26','N\r'),(479,479,476,'Top Level of: Payroll - Close & Lock Payroll',479,476,'SB_1',357,34,'This is the top level test for Payroll - Close & Lock Payroll. For this to pass all its children must pass.','','','','',0,'NA  ','NA','2021-05-26','N\r'),(480,480,477,'Payroll - Close & Lock Payroll - Text Element',480,477,'SB_1',479,476,'Is the text correct?','-','-','-','Close & Lock Payroll',0,'NA  ','NA','2021-05-26','N\r'),(481,481,478,'Payroll - Close & Lock Payroll - FaFa',481,478,'SB_1',479,476,'Is it the correct FaFa?','-','-','-','FaFa-EMPTY',0,'NA  ','NA','2021-05-26','N\r'),(482,482,479,'Top Level of: Payroll - Close & Lock Payroll - ClickRedirect',482,479,'SB_1',479,476,'This is the top level test for Payroll - Close & Lock Payroll - ClickRedirect. For this to pass all its children must pass.','','','','',0,'Redirect','NA','2021-05-26','N\r'),(483,483,480,'Top Level of: Payroll - Payroll Details',483,480,'SB_1',357,34,'This is the top level test for Payroll - Payroll Details. For this to pass all its children must pass.','','','','',0,'NA  ','NA','2021-05-26','N\r'),(484,484,481,'Payroll - Payroll Details - Text Element',484,481,'SB_1',483,480,'Is the text correct?','-','-','-','Payroll Details',0,'NA  ','NA','2021-05-26','N\r'),(485,485,482,'Payroll - Payroll Details - FaFa',485,482,'SB_1',483,480,'Is it the correct FaFa?','-','-','-','FaFa-EMPTY',0,'NA  ','NA','2021-05-26','N\r'),(486,486,483,'Top Level of: Payroll - Payroll Details - ClickRedirect',486,483,'SB_1',483,480,'This is the top level test for Payroll - Payroll Details - ClickRedirect. For this to pass all its children must pass.','','','','',0,'Redirect','NA','2021-05-26','N\r'),(487,487,484,'Top Level of: Payroll - Excel Payroll Uploads',487,484,'SB_1',357,34,'This is the top level test for Payroll - Excel Payroll Uploads. For this to pass all its children must pass.','','','','',0,'NA  ','NA','2021-05-26','N\r'),(488,488,485,'Payroll - Excel Payroll Uploads - Text Element',488,485,'SB_1',487,484,'Is the text correct?','-','-','-','Excel Payroll Uploads',0,'NA  ','NA','2021-05-26','N\r'),(489,489,486,'Payroll - Excel Payroll Uploads - FaFa',489,486,'SB_1',487,484,'Is it the correct FaFa?','-','-','-','FaFa-EMPTY',0,'NA  ','NA','2021-05-26','N\r'),(490,490,487,'Top Level of: Payroll - Excel Payroll Uploads - ClickRedirect',490,487,'SB_1',487,484,'This is the top level test for Payroll - Excel Payroll Uploads - ClickRedirect. For this to pass all its children must pass.','','','','',0,'Redirect','NA','2021-05-26','N\r'),(491,491,488,'Top Level of: Payroll - Calculation Statistics',491,488,'SB_1',357,34,'This is the top level test for Payroll - Calculation Statistics. For this to pass all its children must pass.','','','','',0,'NA  ','NA','2021-05-26','N\r'),(492,492,489,'Payroll - Calculation Statistics - Text Element',492,489,'SB_1',491,488,'Is the text correct?','-','-','-','Calculation Statistics',0,'NA  ','NA','2021-05-26','N\r'),(493,493,490,'Payroll - Calculation Statistics - FaFa',493,490,'SB_1',491,488,'Is it the correct FaFa?','-','-','-','FaFa-EMPTY',0,'NA  ','NA','2021-05-26','N\r'),(494,494,491,'Top Level of: Payroll - Calculation Statistics - ClickRedirect',494,491,'SB_1',491,488,'This is the top level test for Payroll - Calculation Statistics - ClickRedirect. For this to pass all its children must pass.','','','','',0,'Redirect','NA','2021-05-26','N\r'),(495,495,492,'Top Level of: Employee Statistics - Payslip Quick View',495,492,'SB_1',370,368,'This is the top level test for Employee Statistics - Payslip Quick View. For this to pass all its children must pass.','','','','',0,'NA  ','NA','2021-05-26','N\r'),(496,496,493,'Employee Statistics - Payslip Quick View - Text Element',496,493,'SB_1',495,492,'Is the text correct?','-','-','-','Payslip Quick View',0,'NA  ','NA','2021-05-26','N\r'),(497,497,494,'Employee Statistics - Payslip Quick View - FaFa',497,494,'SB_1',495,492,'Is it the correct FaFa?','-','-','-','FaFa-EMPTY',0,'NA  ','NA','2021-05-26','N\r'),(498,498,495,'Top Level of: Employee Statistics - Payslip Quick View - ClickRedirect',498,495,'SB_1',495,492,'This is the top level test for Employee Statistics - Payslip Quick View - ClickRedirect. For this to pass all its children must pass.','','','','',0,'Redirect','NA','2021-05-26','N\r'),(499,499,496,'Top Level of: Employee Statistics - FS3 Quick View',499,496,'SB_1',370,368,'This is the top level test for Employee Statistics - FS3 Quick View. For this to pass all its children must pass.','','','','',0,'NA  ','NA','2021-05-26','N\r'),(500,500,497,'Employee Statistics - FS3 Quick View - Text Element',500,497,'SB_1',499,496,'Is the text correct?','-','-','-','FS3 Quick View',0,'NA  ','NA','2021-05-26','N\r'),(501,501,498,'Employee Statistics - FS3 Quick View - FaFa',501,498,'SB_1',499,496,'Is it the correct FaFa?','-','-','-','FaFa-EMPTY',0,'NA  ','NA','2021-05-26','N\r'),(502,502,499,'Top Level of: Employee Statistics - FS3 Quick View - ClickRedirect',502,499,'SB_1',499,496,'This is the top level test for Employee Statistics - FS3 Quick View - ClickRedirect. For this to pass all its children must pass.','','','','',0,'Redirect','NA','2021-05-26','N\r'),(503,503,500,'Top Level of: Employee Statistics - Employee Payroll Statistics',503,500,'SB_1',370,368,'This is the top level test for Employee Statistics - Employee Payroll Statistics. For this to pass all its children must pass.','','','','',0,'NA  ','NA','2021-05-26','N\r'),(504,504,501,'Employee Statistics - Employee Payroll Statistics - Text Element',504,501,'SB_1',503,500,'Is the text correct?','-','-','-','Employee Payroll Statistics',0,'NA  ','NA','2021-05-26','N\r'),(505,505,502,'Employee Statistics - Employee Payroll Statistics - FaFa',505,502,'SB_1',503,500,'Is it the correct FaFa?','-','-','-','FaFa-EMPTY',0,'NA  ','NA','2021-05-26','N\r'),(506,506,503,'Top Level of: Employee Statistics - Employee Payroll Statistics - ClickRedirect',506,503,'SB_1',503,500,'This is the top level test for Employee Statistics - Employee Payroll Statistics - ClickRedirect. For this to pass all its children must pass.','','','','',0,'Redirect','NA','2021-05-26','N\r'),(507,507,504,'Top Level of: Absence Statistics - Employee Accruals',507,504,'SB_1',375,373,'This is the top level test for Absence Statistics - Employee Accruals. For this to pass all its children must pass.','','','','',0,'NA  ','NA','2021-05-26','N\r'),(508,508,505,'Absence Statistics - Employee Accruals - Text Element',508,505,'SB_1',507,504,'Is the text correct?','-','-','-','Employee Accruals',0,'NA  ','NA','2021-05-26','N\r'),(509,509,506,'Absence Statistics - Employee Accruals - FaFa',509,506,'SB_1',507,504,'Is it the correct FaFa?','-','-','-','FaFa-EMPTY',0,'NA  ','NA','2021-05-26','N\r'),(510,510,507,'Top Level of: Absence Statistics - Employee Accruals - ClickRedirect',510,507,'SB_1',507,504,'This is the top level test for Absence Statistics - Employee Accruals - ClickRedirect. For this to pass all its children must pass.','','','','',0,'Redirect','NA','2021-05-26','N\r'),(511,511,508,'Top Level of: Absence Statistics - Other Absence Statistics',511,508,'SB_1',375,373,'This is the top level test for Absence Statistics - Other Absence Statistics. For this to pass all its children must pass.','','','','',0,'NA  ','NA','2021-05-26','N\r'),(512,512,509,'Absence Statistics - Other Absence Statistics - Text Element',512,509,'SB_1',511,508,'Is the text correct?','-','-','-','Other Absence Statistics',0,'NA  ','NA','2021-05-26','N\r'),(513,513,510,'Absence Statistics - Other Absence Statistics - FaFa',513,510,'SB_1',511,508,'Is it the correct FaFa?','-','-','-','FaFa-EMPTY',0,'NA  ','NA','2021-05-26','N\r'),(514,514,511,'Top Level of: Absence Statistics - Other Absence Statistics - ClickRedirect',514,511,'SB_1',511,508,'This is the top level test for Absence Statistics - Other Absence Statistics - ClickRedirect. For this to pass all its children must pass.','','','','',0,'Redirect','NA','2021-05-26','N\r'),(515,515,512,'Top Level of: Reports - Payroll Reports',515,512,'SB_1',380,378,'This is the top level test for Reports - Payroll Reports. For this to pass all its children must pass.','','','','',0,'NA  ','NA','2021-05-26','N\r'),(516,516,513,'Reports - Payroll Reports - Text Element',516,513,'SB_1',515,512,'Is the text correct?','-','-','-','Payroll Reports',0,'NA  ','NA','2021-05-26','N\r'),(517,517,514,'Reports - Payroll Reports - FaFa',517,514,'SB_1',515,512,'Is it the correct FaFa?','-','-','-','FaFa-EMPTY',0,'NA  ','NA','2021-05-26','N\r'),(518,518,515,'Top Level of: Reports - Payroll Reports - ClickRedirect',518,515,'SB_1',515,512,'This is the top level test for Reports - Payroll Reports - ClickRedirect. For this to pass all its children must pass.','','','','',0,'Redirect','NA','2021-05-26','N\r'),(519,519,516,'Top Level of: Reports - Payslips',519,516,'SB_1',380,378,'This is the top level test for Reports - Payslips. For this to pass all its children must pass.','','','','',0,'NA  ','NA','2021-05-26','N\r'),(520,520,517,'Reports - Payslips - Text Element',520,517,'SB_1',519,516,'Is the text correct?','-','-','-','Payslips',0,'NA  ','NA','2021-05-26','N\r'),(521,521,518,'Reports - Payslips - FaFa',521,518,'SB_1',519,516,'Is it the correct FaFa?','-','-','-','FaFa-EMPTY',0,'NA  ','NA','2021-05-26','N\r'),(522,522,519,'Top Level of: Reports - Payslips - ClickRedirect',522,519,'SB_1',519,516,'This is the top level test for Reports - Payslips - ClickRedirect. For this to pass all its children must pass.','','','','',0,'Redirect','NA','2021-05-26','N\r'),(523,523,520,'Top Level of: Reports - Direct Credits',523,520,'SB_1',380,378,'This is the top level test for Reports - Direct Credits. For this to pass all its children must pass.','','','','',0,'NA  ','NA','2021-05-26','N\r'),(524,524,521,'Reports - Direct Credits - Text Element',524,521,'SB_1',523,520,'Is the text correct?','-','-','-','Direct Credits',0,'NA  ','NA','2021-05-26','N\r'),(525,525,522,'Reports - Direct Credits - FaFa',525,522,'SB_1',523,520,'Is it the correct FaFa?','-','-','-','FaFa-EMPTY',0,'NA  ','NA','2021-05-26','N\r'),(526,526,523,'Top Level of: Reports - Direct Credits - ClickRedirect',526,523,'SB_1',523,520,'This is the top level test for Reports - Direct Credits - ClickRedirect. For this to pass all its children must pass.','','','','',0,'Redirect','NA','2021-05-26','N\r'),(527,527,524,'Top Level of: Reports - Global Payroll Analysis',527,524,'SB_1',380,378,'This is the top level test for Reports - Global Payroll Analysis. For this to pass all its children must pass.','','','','',0,'NA  ','NA','2021-05-26','N\r'),(528,528,525,'Reports - Global Payroll Analysis - Text Element',528,525,'SB_1',527,524,'Is the text correct?','-','-','-','Global Payroll Analysis',0,'NA  ','NA','2021-05-26','N\r'),(529,529,526,'Reports - Global Payroll Analysis - FaFa',529,526,'SB_1',527,524,'Is it the correct FaFa?','-','-','-','FaFa-EMPTY',0,'NA  ','NA','2021-05-26','N\r'),(530,530,527,'Top Level of: Reports - Global Payroll Analysis - ClickRedirect',530,527,'SB_1',527,524,'This is the top level test for Reports - Global Payroll Analysis - ClickRedirect. For this to pass all its children must pass.','','','','',0,'Redirect','NA','2021-05-26','N\r'),(531,531,528,'Top Level of: Reports - Cheque Printing',531,528,'SB_1',380,378,'This is the top level test for Reports - Cheque Printing. For this to pass all its children must pass.','','','','',0,'NA  ','NA','2021-05-26','N\r'),(532,532,529,'Reports - Cheque Printing - Text Element',532,529,'SB_1',531,528,'Is the text correct?','-','-','-','Cheque Printing',0,'NA  ','NA','2021-05-26','N\r'),(533,533,530,'Reports - Cheque Printing - FaFa',533,530,'SB_1',531,528,'Is it the correct FaFa?','-','-','-','FaFa-EMPTY',0,'NA  ','NA','2021-05-26','N\r'),(534,534,531,'Top Level of: Reports - Cheque Printing - ClickRedirect',534,531,'SB_1',531,528,'This is the top level test for Reports - Cheque Printing - ClickRedirect. For this to pass all its children must pass.','','','','',0,'Redirect','NA','2021-05-26','N\r'),(535,535,532,'Top Level of: Reports - Adjustments Reports',535,532,'SB_1',380,378,'This is the top level test for Reports - Adjustments Reports. For this to pass all its children must pass.','','','','',0,'NA  ','NA','2021-05-26','N\r'),(536,536,533,'Reports - Adjustments Reports - Text Element',536,533,'SB_1',535,532,'Is the text correct?','-','-','-','Adjustments Reports',0,'NA  ','NA','2021-05-26','N\r'),(537,537,534,'Reports - Adjustments Reports - FaFa',537,534,'SB_1',535,532,'Is it the correct FaFa?','-','-','-','FaFa-EMPTY',0,'NA  ','NA','2021-05-26','N\r'),(538,538,535,'Top Level of: Reports - Adjustments Reports - ClickRedirect',538,535,'SB_1',535,532,'This is the top level test for Reports - Adjustments Reports - ClickRedirect. For this to pass all its children must pass.','','','','',0,'Redirect','NA','2021-05-26','N\r'),(539,539,536,'Top Level of: Reports - HR Related Reports',539,536,'SB_1',380,378,'This is the top level test for Reports - HR Related Reports. For this to pass all its children must pass.','','','','',0,'NA  ','NA','2021-05-26','N\r'),(540,540,537,'Reports - HR Related Reports - Text Element',540,537,'SB_1',539,536,'Is the text correct?','-','-','-','HR Related Reports',0,'NA  ','NA','2021-05-26','N\r'),(541,541,538,'Reports - HR Related Reports - FaFa',541,538,'SB_1',539,536,'Is it the correct FaFa?','-','-','-','FaFa-EMPTY',0,'NA  ','NA','2021-05-26','N\r'),(542,542,539,'Top Level of: Reports - HR Related Reports - ClickRedirect',542,539,'SB_1',539,536,'This is the top level test for Reports - HR Related Reports - ClickRedirect. For this to pass all its children must pass.','','','','',0,'Redirect','NA','2021-05-26','N\r'),(543,543,540,'Top Level of: Reports - Absence Related Reports',543,540,'SB_1',380,378,'This is the top level test for Reports - Absence Related Reports. For this to pass all its children must pass.','','','','',0,'NA  ','NA','2021-05-26','N\r'),(544,544,541,'Reports - Absence Related Reports - Text Element',544,541,'SB_1',543,540,'Is the text correct?','-','-','-','Absence Related Reports',0,'NA  ','NA','2021-05-26','N\r'),(545,545,542,'Reports - Absence Related Reports - FaFa',545,542,'SB_1',543,540,'Is it the correct FaFa?','-','-','-','FaFa-EMPTY',0,'NA  ','NA','2021-05-26','N\r'),(546,546,543,'Top Level of: Reports - Absence Related Reports - ClickRedirect',546,543,'SB_1',543,540,'This is the top level test for Reports - Absence Related Reports - ClickRedirect. For this to pass all its children must pass.','','','','',0,'Redirect','NA','2021-05-26','N\r'),(547,547,544,'Top Level of: Bulk Updates - COLA Salary Updates',547,544,'SB_1',394,391,'This is the top level test for Bulk Updates - COLA Salary Updates. For this to pass all its children must pass.','','','','',0,'NA  ','NA','2021-05-26','N\r'),(548,548,545,'Bulk Updates - COLA Salary Updates - Text Element',548,545,'SB_1',547,544,'Is the text correct?','-','-','-','COLA Salary Updates',0,'NA  ','NA','2021-05-26','N\r'),(549,549,546,'Bulk Updates - COLA Salary Updates - FaFa',549,546,'SB_1',547,544,'Is it the correct FaFa?','-','-','-','FaFa-EMPTY',0,'NA  ','NA','2021-05-26','N\r'),(550,550,547,'Top Level of: Bulk Updates - COLA Salary Updates - ClickRedirect',550,547,'SB_1',547,544,'This is the top level test for Bulk Updates - COLA Salary Updates - ClickRedirect. For this to pass all its children must pass.','','','','',0,'Redirect','NA','2021-05-26','N\r'),(551,551,548,'Top Level of: Bulk Updates - Employee Creation',551,548,'SB_1',394,391,'This is the top level test for Bulk Updates - Employee Creation. For this to pass all its children must pass.','','','','',0,'NA  ','NA','2021-05-26','N\r'),(552,552,549,'Bulk Updates - Employee Creation - Text Element',552,549,'SB_1',551,548,'Is the text correct?','-','-','-','Employee Creation',0,'NA  ','NA','2021-05-26','N\r'),(553,553,550,'Bulk Updates - Employee Creation - FaFa',553,550,'SB_1',551,548,'Is it the correct FaFa?','-','-','-','FaFa-EMPTY',0,'NA  ','NA','2021-05-26','N\r'),(554,554,551,'Top Level of: Bulk Updates - Employee Creation - ClickRedirect',554,551,'SB_1',551,548,'This is the top level test for Bulk Updates - Employee Creation - ClickRedirect. For this to pass all its children must pass.','','','','',0,'Redirect','NA','2021-05-26','N\r');
/*!40000 ALTER TABLE `data_entity_test_insert` ENABLE KEYS */;
UNLOCK TABLES;
/*!50003 SET @saved_cs_client      = @@character_set_client */ ;
/*!50003 SET @saved_cs_results     = @@character_set_results */ ;
/*!50003 SET @saved_col_connection = @@collation_connection */ ;
/*!50003 SET character_set_client  = utf8mb4 */ ;
/*!50003 SET character_set_results = utf8mb4 */ ;
/*!50003 SET collation_connection  = utf8mb4_0900_ai_ci */ ;
/*!50003 SET @saved_sql_mode       = @@sql_mode */ ;
/*!50003 SET sql_mode              = 'ONLY_FULL_GROUP_BY,STRICT_TRANS_TABLES,NO_ZERO_IN_DATE,NO_ZERO_DATE,ERROR_FOR_DIVISION_BY_ZERO,NO_ENGINE_SUBSTITUTION' */ ;
DELIMITER ;;
/*!50003 CREATE*/ /*!50017 DEFINER=`root`@`localhost`*/ /*!50003 TRIGGER `data_entity_test_insert_AFTER_INSERT` AFTER INSERT ON `data_entity_test_insert` FOR EACH ROW BEGIN
	CALL `create_new_entity_test_case`(		
		NEW.entity_test_row_id, 
		NEW.entity_test_id, 
        NEW.entity_id, 
        NEW.entity_entity_id,
        NEW.entity_test_name,
		NEW.created_by_employee_id, 
        NEW.`description`, 
        NEW.test_function, 
        NEW.data_in, 
        NEW.data_out, 
        NEW.data_expected, 
		NEW.failure_halts_test,          
        NEW.test_category_primary, 
        NEW.test_category_secondary,
        NEW.test_created, 
        'MAJOR',
        NEW.entity_test_parent_row_id,
        NEW.entity_test_parent_id,
        NULL, NULL);        
END */;;
DELIMITER ;
/*!50003 SET sql_mode              = @saved_sql_mode */ ;
/*!50003 SET character_set_client  = @saved_cs_client */ ;
/*!50003 SET character_set_results = @saved_cs_results */ ;
/*!50003 SET collation_connection  = @saved_col_connection */ ;

--
-- Table structure for table `data_test_suite_insert`
--

DROP TABLE IF EXISTS `data_test_suite_insert`;
/*!40101 SET @saved_cs_client     = @@character_set_client */;
 SET character_set_client = utf8mb4 ;
CREATE TABLE `data_test_suite_insert` (
  `row_id` int(10) unsigned NOT NULL,
  `test_suite_id` int(10) unsigned NOT NULL COMMENT 'row_id	test_suite_id	test_suite_name	test_suite_parent_row_id	test_suite_parent_id	category_type_name	endl\n\n',
  `test_suite_name` varchar(250) NOT NULL,
  `test_suite_parent_row_id` int(10) unsigned DEFAULT NULL,
  `test_suite_parent_id` int(10) unsigned DEFAULT NULL,
  `test_suite_notes` text,
  `category_type_name` varchar(500) NOT NULL,
  `endl` varchar(2) DEFAULT NULL,
  PRIMARY KEY (`row_id`)
) ENGINE=InnoDB DEFAULT CHARSET=utf8;
/*!40101 SET character_set_client = @saved_cs_client */;

--
-- Dumping data for table `data_test_suite_insert`
--

LOCK TABLES `data_test_suite_insert` WRITE;
/*!40000 ALTER TABLE `data_test_suite_insert` DISABLE KEYS */;
INSERT INTO `data_test_suite_insert` VALUES (399,396,'Employees - Contact Numbers',331,329,'Is the FaFa & Text correct? Is the link correct?','MobileLeftSideHider','N\r'),(402,399,'Employees - Contact Numbers - ClickRedirect',399,396,'Is the correct page displayed after clicking?','Button - Redirect','N\r'),(403,400,'Employees - Banks',331,329,'Is the FaFa & Text correct? Is the link correct?','MobileLeftSideHider','N\r'),(406,403,'Employees - Banks - ClickRedirect',403,400,'Is the correct page displayed after clicking?','Button - Redirect','N\r'),(407,404,'Employees - Salary Details',331,329,'Is the FaFa & Text correct? Is the link correct?','MobileLeftSideHider','N\r'),(410,407,'Employees - Salary Details - ClickRedirect',407,404,'Is the correct page displayed after clicking?','Button - Redirect','N\r'),(411,408,'Employees - Career Progression',331,329,'Is the FaFa & Text correct? Is the link correct?','MobileLeftSideHider','N\r'),(414,411,'Employees - Career Progression - ClickRedirect',411,408,'Is the correct page displayed after clicking?','Button - Redirect','N\r'),(415,412,'Employees - Schedule',331,329,'Is the FaFa & Text correct? Is the link correct?','MobileLeftSideHider','N\r'),(418,415,'Employees - Schedule - ClickRedirect',415,412,'Is the correct page displayed after clicking?','Button - Redirect','N\r'),(419,416,'Employees - Permanent Allowances',331,329,'Is the FaFa & Text correct? Is the link correct?','MobileLeftSideHider','N\r'),(422,419,'Employees - Permanent Allowances - ClickRedirect',419,416,'Is the correct page displayed after clicking?','Button - Redirect','N\r'),(423,420,'Employees - Previous Employment',331,329,'Is the FaFa & Text correct? Is the link correct?','MobileLeftSideHider','N\r'),(426,423,'Employees - Previous Employment - ClickRedirect',423,420,'Is the correct page displayed after clicking?','Button - Redirect','N\r'),(427,424,'Employees - Unions',331,329,'Is the FaFa & Text correct? Is the link correct?','MobileLeftSideHider','N\r'),(430,427,'Employees - Unions - ClickRedirect',427,424,'Is the correct page displayed after clicking?','Button - Redirect','N\r'),(431,428,'Employee Others - Advances & Payments',347,33,'Is the FaFa & Text correct? Is the link correct?','MobileLeftSideHider','N\r'),(434,431,'Employee Others - Advances & Payment - ClickRedirect',431,428,'Is the correct page displayed after clicking?','Button - Redirect','N\r'),(435,432,'Employee Others - Tax Arrears',347,33,'Is the FaFa & Text correct? Is the link correct?','MobileLeftSideHider','N\r'),(438,435,'Employee Others - Tax Arrears - ClickRedirect',435,432,'Is the correct page displayed after clicking?','Button - Redirect','N\r'),(439,436,'Employee Others - Loans',347,33,'Is the FaFa & Text correct? Is the link correct?','MobileLeftSideHider','N\r'),(442,439,'Employee Others - Loans - ClickRedirect',439,436,'Is the correct page displayed after clicking?','Button - Redirect','N\r'),(443,440,'Employee Others - Pensions',347,33,'Is the FaFa & Text correct? Is the link correct?','MobileLeftSideHider','N\r'),(446,443,'Employee Others - Pensions - ClickRedirect',443,440,'Is the correct page displayed after clicking?','Button - Redirect','N\r'),(447,444,'Employee Others - Covid-19 Supplement',347,33,'Is the FaFa & Text correct? Is the link correct?','MobileLeftSideHider','N\r'),(450,447,'Employee Others - Covid-19 Supplement - Display form',447,444,'Is the correct page displayed after clicking?','Button - Redirect','N\r'),(451,448,'Payroll - Initialise Payroll',357,34,'Is the FaFa & Text correct? Is the link correct?','MobileLeftSideHider','N\r'),(454,451,'Payroll - Initialise Payroll - ClickRedirect',451,448,'Is the correct page displayed after clicking?','Button - Redirect','N\r'),(455,452,'Payroll - Payroll Details DrillDown',357,34,'Is the FaFa & Text correct? Is the link correct?','MobileLeftSideHider','N\r'),(458,455,'Payroll - Payroll Details DrillDown - ClickRedirect',455,452,'Is the correct page displayed after clicking?','Button - Redirect','N\r'),(459,456,'Payroll - Detailed Adjustments',357,34,'Is the FaFa & Text correct? Is the link correct?','MobileLeftSideHider','N\r'),(462,459,'Payroll - Detailed Adjustments - ClickRedirect',459,456,'Is the correct page displayed after clicking?','Button - Redirect','N\r'),(463,460,'Payroll - Global Adjustments',357,34,'Is the FaFa & Text correct? Is the link correct?','MobileLeftSideHider','N\r'),(466,463,'Payroll - Global Adjustments - ClickRedirect',463,460,'Is the correct page displayed after clicking?','Button - Redirect','N\r'),(467,464,'Payroll - Global Absences',357,34,'Is the FaFa & Text correct? Is the link correct?','MobileLeftSideHider','N\r'),(470,467,'Payroll - Global Absences - Display form',467,464,'Is the correct page displayed after clicking?','Button - Redirect','N\r'),(471,468,'Payroll - Global Extras',357,34,'Is the FaFa & Text correct? Is the link correct?','MobileLeftSideHider','N\r'),(474,471,'Payroll - Global Extras - ClickRedirect',471,468,'Is the correct page displayed after clicking?','Button - Redirect','N\r'),(475,472,'Payroll - Calculate Payroll',357,34,'Is the FaFa & Text correct? Is the link correct?','MobileLeftSideHider','N\r'),(478,475,'Payroll - Calculate Payroll - ClickRedirect',475,472,'Is the correct page displayed after clicking?','Button - Redirect','N\r'),(479,476,'Payroll - Close & Lock Payroll',357,34,'Is the FaFa & Text correct? Is the link correct?','MobileLeftSideHider','N\r'),(482,479,'Payroll - Close & Lock Payroll - ClickRedirect',479,476,'Is the correct page displayed after clicking?','Button - Redirect','N\r'),(483,480,'Payroll - Payroll Details',357,34,'Is the FaFa & Text correct? Is the link correct?','MobileLeftSideHider','N\r'),(486,483,'Payroll - Payroll Details - ClickRedirect',483,480,'Is the correct page displayed after clicking?','Button - Redirect','N\r'),(487,484,'Payroll - Excel Payroll Uploads',357,34,'Is the FaFa & Text correct? Is the link correct?','MobileLeftSideHider','N\r'),(490,487,'Payroll - Excel Payroll Uploads - ClickRedirect',487,484,'Is the correct page displayed after clicking?','Button - Redirect','N\r'),(491,488,'Payroll - Calculation Statistics',357,34,'Is the FaFa & Text correct? Is the link correct?','MobileLeftSideHider','N\r'),(494,491,'Payroll - Calculation Statistics - ClickRedirect',491,488,'Is the correct page displayed after clicking?','Button - Redirect','N\r'),(495,492,'Employee Statistics - Payslip Quick View',370,368,'Is the FaFa & Text correct? Is the link correct?','MobileLeftSideHider','N\r'),(498,495,'Employee Statistics - Payslip Quick View - ClickRedirect',495,492,'Is the correct page displayed after clicking?','Button - Redirect','N\r'),(499,496,'Employee Statistics - FS3 Quick View',370,368,'Is the FaFa & Text correct? Is the link correct?','MobileLeftSideHider','N\r'),(502,499,'Employee Statistics - FS3 Quick View - ClickRedirect',499,496,'Is the correct page displayed after clicking?','Button - Redirect','N\r'),(503,500,'Employee Statistics - Employee Payroll Statistics',370,368,'Is the FaFa & Text correct? Is the link correct?','MobileLeftSideHider','N\r'),(506,503,'Employee Statistics - Employee Payroll Statistics - ClickRedirect',503,500,'Is the correct page displayed after clicking?','Button - Redirect','N\r'),(507,504,'Absence Statistics - Employee Accruals',375,373,'Is the FaFa & Text correct? Is the link correct?','MobileLeftSideHider','N\r'),(510,507,'Absence Statistics - Employee Accruals - ClickRedirect',507,504,'Is the correct page displayed after clicking?','Button - Redirect','N\r'),(511,508,'Absence Statistics - Other Absence Statistics',375,373,'Is the FaFa & Text correct? Is the link correct?','MobileLeftSideHider','N\r'),(514,511,'Absence Statistics - Other Absence Statistics - ClickRedirect',511,508,'Is the correct page displayed after clicking?','Button - Redirect','N\r'),(515,512,'Reports - Payroll Reports',380,378,'Is the FaFa & Text correct? Is the link correct?','MobileLeftSideHider','N\r'),(518,515,'Reports - Payroll Reports - ClickRedirect',515,512,'Is the correct page displayed after clicking?','Button - Redirect','N\r'),(519,516,'Reports - Payslips',380,378,'Is the FaFa & Text correct? Is the link correct?','MobileLeftSideHider','N\r'),(522,519,'Reports - Payslips - ClickRedirect',519,516,'Is the correct page displayed after clicking?','Button - Redirect','N\r'),(523,520,'Reports - Direct Credits',380,378,'Is the FaFa & Text correct? Is the link correct?','MobileLeftSideHider','N\r'),(526,523,'Reports - Direct Credits - ClickRedirect',523,520,'Is the correct page displayed after clicking?','Button - Redirect','N\r'),(527,524,'Reports - Global Payroll Analysis',380,378,'Is the FaFa & Text correct? Is the link correct?','MobileLeftSideHider','N\r'),(530,527,'Reports - Global Payroll Analysis - ClickRedirect',527,524,'Is the correct page displayed after clicking?','Button - Redirect','N\r'),(531,528,'Reports - Cheque Printing',380,378,'Is the FaFa & Text correct? Is the link correct?','MobileLeftSideHider','N\r'),(534,531,'Reports - Cheque Printing - ClickRedirect',531,528,'Is the correct page displayed after clicking?','Button - Redirect','N\r'),(535,532,'Reports - Adjustments Reports',380,378,'Is the FaFa & Text correct? Is the link correct?','MobileLeftSideHider','N\r'),(538,535,'Reports - Adjustments Reports - ClickRedirect',535,532,'Is the correct page displayed after clicking?','Button - Redirect','N\r'),(539,536,'Reports - HR Related Reports',380,378,'Is the FaFa & Text correct? Is the link correct?','MobileLeftSideHider','N\r'),(542,539,'Reports - HR Related Reports - ClickRedirect',539,536,'Is the correct page displayed after clicking?','Button - Redirect','N\r'),(543,540,'Reports - Absence Related Reports',380,378,'Is the FaFa & Text correct? Is the link correct?','MobileLeftSideHider','N\r'),(546,543,'Reports - Absence Related Reports - ClickRedirect',543,540,'Is the correct page displayed after clicking?','Button - Redirect','N\r'),(547,544,'Bulk Updates - COLA Salary Updates',394,391,'Is the FaFa & Text correct? Is the link correct?','MobileLeftSideHider','N\r'),(550,547,'Bulk Updates - COLA Salary Updates - ClickRedirect',547,544,'Is the correct page displayed after clicking?','Button - Redirect','N\r'),(551,548,'Bulk Updates - Employee Creation',394,391,'Is the FaFa & Text correct? Is the link correct?','MobileLeftSideHider','N\r'),(554,551,'Bulk Updates - Employee Creation - ClickRedirect',551,548,'Is the correct page displayed after clicking?','Button - Redirect','N\r');
/*!40000 ALTER TABLE `data_test_suite_insert` ENABLE KEYS */;
UNLOCK TABLES;
/*!50003 SET @saved_cs_client      = @@character_set_client */ ;
/*!50003 SET @saved_cs_results     = @@character_set_results */ ;
/*!50003 SET @saved_col_connection = @@collation_connection */ ;
/*!50003 SET character_set_client  = utf8mb4 */ ;
/*!50003 SET character_set_results = utf8mb4 */ ;
/*!50003 SET collation_connection  = utf8mb4_0900_ai_ci */ ;
/*!50003 SET @saved_sql_mode       = @@sql_mode */ ;
/*!50003 SET sql_mode              = 'ONLY_FULL_GROUP_BY,STRICT_TRANS_TABLES,NO_ZERO_IN_DATE,NO_ZERO_DATE,ERROR_FOR_DIVISION_BY_ZERO,NO_ENGINE_SUBSTITUTION' */ ;
DELIMITER ;;
/*!50003 CREATE*/ /*!50017 DEFINER=`root`@`localhost`*/ /*!50003 TRIGGER `data_test_suite_insert_AFTER_INSERT` AFTER INSERT ON `data_test_suite_insert` FOR EACH ROW BEGIN
	CALL create_new_test_suite(
			NEW.row_id, 
            NEW.test_suite_id, 
			NEW.test_suite_name, 
            NEW.test_suite_notes, 
			NEW.test_suite_parent_row_id, 
            NEW.test_suite_parent_id, 
			'MAJOR');
END */;;
DELIMITER ;
/*!50003 SET sql_mode              = @saved_sql_mode */ ;
/*!50003 SET character_set_client  = @saved_cs_client */ ;
/*!50003 SET character_set_results = @saved_cs_results */ ;
/*!50003 SET collation_connection  = @saved_col_connection */ ;

--
-- Table structure for table `data_version_to_do`
--

DROP TABLE IF EXISTS `data_version_to_do`;
/*!40101 SET @saved_cs_client     = @@character_set_client */;
 SET character_set_client = utf8mb4 ;
CREATE TABLE `data_version_to_do` (
  `id` int(10) unsigned NOT NULL AUTO_INCREMENT,
  `entity_id` int(10) unsigned NOT NULL,
  `todo_desc` varchar(1000) NOT NULL,
  PRIMARY KEY (`id`),
  UNIQUE KEY `id_UNIQUE` (`id`)
) ENGINE=InnoDB DEFAULT CHARSET=utf8;
/*!40101 SET character_set_client = @saved_cs_client */;

--
-- Dumping data for table `data_version_to_do`
--

LOCK TABLES `data_version_to_do` WRITE;
/*!40000 ALTER TABLE `data_version_to_do` DISABLE KEYS */;
/*!40000 ALTER TABLE `data_version_to_do` ENABLE KEYS */;
UNLOCK TABLES;
/*!50003 SET @saved_cs_client      = @@character_set_client */ ;
/*!50003 SET @saved_cs_results     = @@character_set_results */ ;
/*!50003 SET @saved_col_connection = @@collation_connection */ ;
/*!50003 SET character_set_client  = utf8mb4 */ ;
/*!50003 SET character_set_results = utf8mb4 */ ;
/*!50003 SET collation_connection  = utf8mb4_0900_ai_ci */ ;
/*!50003 SET @saved_sql_mode       = @@sql_mode */ ;
/*!50003 SET sql_mode              = 'ONLY_FULL_GROUP_BY,STRICT_TRANS_TABLES,NO_ZERO_IN_DATE,NO_ZERO_DATE,ERROR_FOR_DIVISION_BY_ZERO,NO_ENGINE_SUBSTITUTION' */ ;
DELIMITER ;;
/*!50003 CREATE*/ /*!50017 DEFINER=`root`@`localhost`*/ /*!50003 TRIGGER `data_version_to_do_AFTER_INSERT` AFTER INSERT ON `data_version_to_do` FOR EACH ROW BEGIN
	CALL create_entity_todo(NEW.entity_id, NEW.todo_desc);
END */;;
DELIMITER ;
/*!50003 SET sql_mode              = @saved_sql_mode */ ;
/*!50003 SET character_set_client  = @saved_cs_client */ ;
/*!50003 SET character_set_results = @saved_cs_results */ ;
/*!50003 SET collation_connection  = @saved_col_connection */ ;

--
-- Table structure for table `element`
--

DROP TABLE IF EXISTS `element`;
/*!40101 SET @saved_cs_client     = @@character_set_client */;
 SET character_set_client = utf8mb4 ;
CREATE TABLE `element` (
  `id` int(10) unsigned NOT NULL AUTO_INCREMENT,
  `entity_row_id` int(10) unsigned NOT NULL,
  `entity_id` int(10) unsigned NOT NULL,
  PRIMARY KEY (`id`,`entity_row_id`,`entity_id`),
  UNIQUE KEY `id_UNIQUE` (`id`),
  UNIQUE KEY `entity_row_id_UNIQUE` (`entity_row_id`)
) ENGINE=InnoDB AUTO_INCREMENT=121 DEFAULT CHARSET=utf8;
/*!40101 SET character_set_client = @saved_cs_client */;

--
-- Dumping data for table `element`
--

LOCK TABLES `element` WRITE;
/*!40000 ALTER TABLE `element` DISABLE KEYS */;
INSERT INTO `element` VALUES (1,9000,9000),(2,9001,9001),(3,9003,9003),(4,9004,9004),(5,9005,9005),(6,9018,9018),(7,9002,9002),(8,9006,9006),(9,9007,9007),(10,9008,9008),(11,9009,9009),(12,9010,9010),(13,9011,9011),(14,9012,9012),(15,9013,9013),(16,9014,9014),(17,9015,9015),(18,9016,9016),(19,9017,9017),(20,9019,9019),(21,9020,9020),(22,9021,9021),(23,9022,9022),(24,9023,9023),(25,9024,9024),(26,9025,9025),(92,9026,9026),(93,9027,9027),(94,9028,9028),(103,9029,9029),(104,9030,9030),(105,9031,9031),(106,9032,9032),(107,9033,9033),(108,9034,9034),(109,9035,9035),(110,9036,9036),(111,9037,9037),(112,9038,9038),(113,9039,9039),(114,9040,9040),(115,9041,9041),(116,9042,9042),(117,9043,9043),(118,9044,9044),(119,9045,9045),(120,9046,9046);
/*!40000 ALTER TABLE `element` ENABLE KEYS */;
UNLOCK TABLES;

--
-- Table structure for table `email`
--

DROP TABLE IF EXISTS `email`;
/*!40101 SET @saved_cs_client     = @@character_set_client */;
 SET character_set_client = utf8mb4 ;
CREATE TABLE `email` (
  `id` int(11) NOT NULL AUTO_INCREMENT,
  `address_1` varchar(255) NOT NULL,
  `address_2` varchar(255) DEFAULT NULL,
  `employee_id` varchar(45) NOT NULL,
  PRIMARY KEY (`id`,`employee_id`),
  UNIQUE KEY `id_UNIQUE` (`id`),
  KEY `fk_email_employee_idx` (`employee_id`),
  CONSTRAINT `fk_email_employee` FOREIGN KEY (`employee_id`) REFERENCES `employee` (`id`)
) ENGINE=InnoDB AUTO_INCREMENT=2 DEFAULT CHARSET=utf8;
/*!40101 SET character_set_client = @saved_cs_client */;

--
-- Dumping data for table `email`
--

LOCK TABLES `email` WRITE;
/*!40000 ALTER TABLE `email` DISABLE KEYS */;
INSERT INTO `email` VALUES (1,'sbrown@dakarsoftware.com','','SB_1\r');
/*!40000 ALTER TABLE `email` ENABLE KEYS */;
UNLOCK TABLES;

--
-- Table structure for table `employee`
--

DROP TABLE IF EXISTS `employee`;
/*!40101 SET @saved_cs_client     = @@character_set_client */;
 SET character_set_client = utf8mb4 ;
CREATE TABLE `employee` (
  `id` varchar(45) NOT NULL,
  `first_name` varchar(45) NOT NULL,
  `last_name` varchar(45) NOT NULL,
  `employee_type_id` varchar(10) NOT NULL,
  PRIMARY KEY (`id`),
  UNIQUE KEY `id_UNIQUE` (`id`),
  KEY `fk_employee_employee_type1_idx` (`employee_type_id`),
  CONSTRAINT `fk_employee_employee_type1` FOREIGN KEY (`employee_type_id`) REFERENCES `employee_type` (`id`)
) ENGINE=InnoDB DEFAULT CHARSET=utf8;
/*!40101 SET character_set_client = @saved_cs_client */;

--
-- Dumping data for table `employee`
--

LOCK TABLES `employee` WRITE;
/*!40000 ALTER TABLE `employee` DISABLE KEYS */;
INSERT INTO `employee` VALUES ('SB_1','Steve','Brown','1\r');
/*!40000 ALTER TABLE `employee` ENABLE KEYS */;
UNLOCK TABLES;

--
-- Table structure for table `employee_type`
--

DROP TABLE IF EXISTS `employee_type`;
/*!40101 SET @saved_cs_client     = @@character_set_client */;
 SET character_set_client = utf8mb4 ;
CREATE TABLE `employee_type` (
  `id` varchar(10) NOT NULL,
  `type_name` varchar(45) NOT NULL,
  PRIMARY KEY (`id`),
  UNIQUE KEY `id_UNIQUE` (`id`)
) ENGINE=InnoDB DEFAULT CHARSET=utf8;
/*!40101 SET character_set_client = @saved_cs_client */;

--
-- Dumping data for table `employee_type`
--

LOCK TABLES `employee_type` WRITE;
/*!40000 ALTER TABLE `employee_type` DISABLE KEYS */;
INSERT INTO `employee_type` VALUES ('1','QA\r'),('2','Developer\r');
/*!40000 ALTER TABLE `employee_type` ENABLE KEYS */;
UNLOCK TABLES;

--
-- Table structure for table `entity`
--

DROP TABLE IF EXISTS `entity`;
/*!40101 SET @saved_cs_client     = @@character_set_client */;
 SET character_set_client = utf8mb4 ;
CREATE TABLE `entity` (
  `id` int(10) unsigned NOT NULL AUTO_INCREMENT,
  `entity_id` int(10) unsigned NOT NULL,
  `entity_name` varchar(100) NOT NULL,
  `entity_details_id` int(10) unsigned DEFAULT NULL,
  `entity_type_id` int(10) unsigned NOT NULL,
  `entity_type_entity_type_name` varchar(45) NOT NULL COMMENT 'The entiry''s parent.\nZero = no parent',
  `parent_id` int(10) unsigned DEFAULT NULL,
  `parent_entity_id` int(10) unsigned DEFAULT NULL,
  `entity_help_id` int(10) unsigned DEFAULT NULL,
  `is_element` tinyint(4) DEFAULT NULL,
  PRIMARY KEY (`id`,`entity_id`),
  UNIQUE KEY `id_UNIQUE` (`id`),
  KEY `fk_entity_entity_type_details1_idx` (`entity_details_id`,`id`),
  KEY `fk_entity_entity_type1_idx` (`entity_type_id`,`entity_type_entity_type_name`),
  KEY `fk_entity_entity3_idx` (`entity_id`) /*!80000 INVISIBLE */,
  KEY `fk_entity_entity4_idx` (`entity_id`),
  KEY `fk_entity_entity1_idx` (`parent_id`,`parent_entity_id`),
  KEY `fk_entity_entity_help1_idx` (`entity_help_id`,`id`),
  CONSTRAINT `fk_entity_entity1` FOREIGN KEY (`parent_id`, `parent_entity_id`) REFERENCES `entity` (`id`, `entity_id`),
  CONSTRAINT `fk_entity_entity_help1` FOREIGN KEY (`entity_help_id`, `id`) REFERENCES `entity_help` (`id`, `entity_id`),
  CONSTRAINT `fk_entity_entity_type1` FOREIGN KEY (`entity_type_id`, `entity_type_entity_type_name`) REFERENCES `entity_type` (`id`, `entity_type_name`),
  CONSTRAINT `fk_entity_entity_type_details1` FOREIGN KEY (`entity_details_id`, `id`) REFERENCES `entity_details` (`id`, `entity_id`) ON DELETE CASCADE ON UPDATE CASCADE
) ENGINE=InnoDB AUTO_INCREMENT=9049 DEFAULT CHARSET=utf8;
/*!40101 SET character_set_client = @saved_cs_client */;

--
-- Dumping data for table `entity`
--

LOCK TABLES `entity` WRITE;
/*!40000 ALTER TABLE `entity` DISABLE KEYS */;
INSERT INTO `entity` VALUES (1,1,'Root',1,1,'Root',NULL,NULL,1,0),(2,2,'Dakar Web',2,2,'Application',1,1,2,0),(3,3,'Login Screen',3,6,'Form',2,2,0,0),(5,5,'User Name',5,18,'Text In',3,3,5,0),(7,7,'User Password',7,18,'Text In',3,3,0,0),(8,8,'Login Button',8,23,'Button - Redirect',3,3,8,0),(9,9,'Home Page',9,8,'Parent Form',8,8,9,0),(10,10,'Home Page Info Bar',10,11,'Info Bar',9,9,10,0),(11,11,'Dakar Logo',11,13,'Image',10,10,11,0),(12,12,'Current Module Indicator',12,21,'Label',10,10,12,0),(13,13,'Menu Toggle',13,25,'Button - Function',10,10,13,0),(14,14,'Current Company',14,20,'Combo',10,10,14,0),(15,15,'Home Page Top Right Nav Bar',15,10,'Nav Bar',9,9,0,0),(16,16,'Authorisations',16,24,'Button - Display',15,15,16,0),(17,17,'Employee Creation Wizard',17,24,'Button - Display',15,15,17,0),(18,18,'Employee CV',18,24,'Button - Display',15,15,18,0),(19,19,'Employee Grid View',19,24,'Button - Display',15,15,19,0),(20,20,'Visual Reports',20,24,'Button - Display',15,15,20,0),(21,21,'Dakar Intelligence',21,24,'Button - Display',15,15,21,0),(22,22,'Organisation Chart',22,24,'Button - Display',15,15,22,0),(23,23,'My Company / Last Viewed',23,24,'Button - Display',15,15,23,0),(24,24,'All Notifications',24,24,'Button - Display',15,15,24,0),(25,25,'New Employments',25,24,'Button - Display',15,15,25,0),(26,26,'Terminations',26,24,'Button - Display',15,15,26,0),(27,27,'Quick Links',27,24,'Button - Display',15,15,27,0),(28,28,'User Avatar',28,24,'Button - Display',15,15,28,0),(29,29,'Main Menu',29,10,'Nav Bar',9,9,29,0),(30,30,'Main Menu - Payroll',30,81,'NavAccordion',29,29,30,0),(31,31,'Employee List',31,24,'Button - Display',30,30,0,0),(32,32,'Documents',32,82,'MobileLeftSideHider',30,30,0,0),(33,33,'Employee Others',33,24,'Button - Display',30,30,33,0),(34,34,'Payroll',34,24,'Button - Display',30,30,34,0),(35,35,'Payroll Statistics',35,24,'Button - Display',30,30,35,0),(36,36,'Absence Statistics',36,24,'Button - Display',30,30,36,0),(37,37,'Reports',37,24,'Button - Display',30,30,37,0),(38,38,'Monthly Reports',38,24,'Button - Display',30,30,38,0),(39,39,'Yearly Reports',39,24,'Button - Display',30,30,39,0),(40,40,'Bulk Updates',40,24,'Button - Display',30,30,40,0),(41,41,'Settings',41,24,'Button - Display',30,30,41,0),(42,42,'Authorisations Form',42,6,'Form',16,16,42,0),(43,43,'Company',43,21,'Label',42,42,43,0),(44,44,'Company Combo',44,20,'Combo',42,42,44,0),(45,45,'Grouping View ',45,21,'Label',42,42,45,0),(46,46,'Grouping View Combo',46,20,'Combo',42,42,46,0),(47,47,'Accept Criteria',47,25,'Button - Function',42,42,47,0),(48,48,'Authorisations Grid',48,12,'Grid',42,42,48,0),(49,49,'Employee Creation Wizard - Step 1',49,26,'Function',106,106,49,0),(50,50,'Name',50,18,'Text In',49,49,50,0),(51,51,'Surname',51,18,'Text In',49,49,51,0),(52,52,'Identity Card Number',52,18,'Text In',49,49,52,0),(53,53,'Employee Code',53,18,'Text In',49,49,53,0),(54,54,'Address',54,18,'Text In',49,49,54,0),(55,55,'Street',55,18,'Text In',49,49,55,0),(56,56,'Post Code',56,18,'Text In',49,49,56,0),(57,57,'Select A Town',57,15,'List',49,49,57,0),(58,58,'Select A Country',58,15,'List',49,49,58,0),(59,59,'Back',59,25,'Button - Function',49,49,59,0),(60,60,'Continue',60,25,'Button - Function',49,49,60,0),(61,61,'Employee Creation Wizard - Step 2',61,26,'Function',106,106,61,0),(62,62,'Select A Gender',62,18,'Text In',61,61,62,0),(63,63,'Date Of Birth',63,18,'Text In',61,61,63,0),(64,64,'Date Of Employment',64,18,'Text In',61,61,64,0),(65,65,'Tax Number',65,18,'Text In',61,61,65,0),(66,66,'NI Number',66,18,'Text In',61,61,66,0),(67,67,'Select A Bank',67,15,'List',61,61,67,0),(68,68,'IBAN Number',68,18,'Text In',61,61,68,0),(69,69,'Email Address',69,18,'Text In',61,61,69,0),(70,70,'Mobile Number',70,18,'Text In',61,61,70,0),(71,71,'Back',71,25,'Button - Function',61,61,71,0),(72,72,'Continue',72,25,'Button - Function',61,61,72,0),(73,73,'Employee Creation Wizard - Step 3',73,26,'Function',106,106,73,0),(74,74,'Select A Tax Status',74,15,'List',73,73,74,0),(75,75,'Select An Employment Type',75,15,'List',73,73,75,0),(76,76,'Select Company',76,15,'List',73,73,76,0),(77,77,'Select A Paygroup',77,15,'List',73,73,77,0),(78,78,'Select A Department',78,15,'List',73,73,78,0),(79,79,'Select a Schedule',79,15,'List',73,73,79,0),(80,80,'Full or Part Timer ?',80,15,'List',73,73,80,0),(81,81,'Special Part Timer',81,15,'List',73,73,81,0),(82,82,'Select a Grade',82,15,'List',73,73,82,0),(83,83,'Select a Cost Center',83,15,'List',73,73,83,0),(84,84,'Back',84,25,'Button - Function',73,73,84,0),(85,85,'Continue',85,25,'Button - Function',73,73,85,0),(86,86,'Employee Creation Wizard - Step 4',86,26,'Function',106,106,86,0),(87,87,'Taxable Allowance 1 (Permenant)',87,15,'List',86,86,87,0),(88,88,'Allowance Amount - Permanent',88,18,'Text In',86,86,88,0),(89,89,'Taxable Allowance 2 (Permenant)',89,15,'List',86,86,89,0),(90,90,'Allowance Amount - Permanent',90,18,'Text In',86,86,90,0),(91,91,'Non Taxable Allowance 1 (Permenant)',91,15,'List',86,86,91,0),(92,92,'Allowance Amount - Permanent',92,18,'Text In',86,86,92,0),(93,93,'Non Taxable Allowance 2 (Permenant)',93,15,'List',86,86,93,0),(94,94,'Back',94,25,'Button - Function',86,86,94,0),(95,95,'Continue',95,25,'Button - Function',86,86,95,0),(96,96,'Employee Creation Wizard - Step 5',96,26,'Function',106,106,96,0),(97,97,'Annual Salary',97,18,'Text In',96,96,97,0),(98,98,'Hourly Rate',98,18,'Text In',96,96,98,0),(99,99,'Back',99,25,'Button - Function',96,96,99,0),(100,100,'Create Employee',100,25,'Button - Function',96,96,100,0),(101,101,'Heading ECW Step 1',101,30,'Header 3',49,49,101,0),(102,102,'Heading ECW Step 2',102,30,'Header 3',61,61,102,0),(103,103,'Heading ECW Step 3',103,30,'Header 3',73,73,103,0),(104,104,'Heading ECW Step 4',104,30,'Header 3',86,86,104,0),(105,105,'Heading ECW Step 5',105,30,'Header 3',96,96,105,0),(106,106,'Employee Creation Wizard',106,6,'Form',17,17,106,0),(107,107,'Employee Creation Wizard - Title',107,27,'Titlebar',106,106,107,0),(108,108,'Employee CV',108,6,'Form',18,18,108,0),(109,109,'Employee CV - Title',109,27,'Titlebar',108,108,109,0),(110,110,'Company - Label',110,21,'Label',108,108,110,0),(111,111,'Company - List',111,15,'List',108,108,111,0),(112,112,'Paygroup - Label',112,21,'Label',108,108,112,0),(113,113,'Paygroup - List',113,15,'List',108,108,113,0),(114,114,'Employee - Label',114,21,'Label',108,108,114,0),(115,115,'Employee - List',115,15,'List',108,108,115,0),(116,116,'Accept Criteria',116,25,'Button - Function',108,108,116,0),(117,117,'Accept Criteria - Text',117,33,'Text',116,116,117,0),(118,118,'Bio Info',118,35,'Container',108,108,118,0),(119,119,'Bio Info - Image',119,13,'Image',118,118,119,0),(120,120,'Employee Name',120,31,'Header 4',118,118,120,0),(121,121,'Employee Name With Salutation',121,34,'Paragraph',118,118,121,0),(122,122,'Employee Company',122,34,'Paragraph',118,118,122,0),(123,123,'Employee Birthday',123,34,'Paragraph',118,118,123,0),(124,124,'User FaFa',124,38,'FaFa',118,118,124,0),(125,125,'Company FaFa',125,38,'FaFa',118,118,125,0),(126,126,'Birthday FaFa',126,38,'FaFa',118,118,126,0),(127,127,'Bio Content',127,35,'Container',118,118,127,0),(128,128,'Accordion - CV',128,36,'Accordion',108,108,128,0),(129,129,'Accordion - CV - Career',129,37,'Accordion Key',128,128,129,0),(130,130,'Grid - Career',130,12,'Grid',129,129,130,0),(131,131,'Acc Key - CV - Allowance',131,37,'Accordion Key',128,128,131,0),(132,132,'Grid - Allowance',132,12,'Grid',131,131,132,0),(133,133,'Acc Key - CV - Salary',133,37,'Accordion Key',128,128,133,0),(134,134,'Grid - Salary',134,12,'Grid',133,133,134,0),(135,135,'Acc Key - Emp Schedule',135,37,'Accordion Key',128,128,135,0),(136,136,'Grid - Emp Schedule',136,12,'Grid',135,135,136,0),(137,137,'Acc Key - Working Permit',137,37,'Accordion Key',128,128,137,0),(138,138,'Grid - Work Permit',138,12,'Grid',137,137,138,0),(139,139,'Save',139,25,'Button - Function',108,108,139,0),(140,140,'Form - Save',140,7,'Modal Form',139,139,140,0),(141,141,'Form - Save - Header',141,39,'Modal Header',140,140,141,0),(142,142,'Form - Save - Title',142,40,'Modal Title',141,141,142,0),(143,143,'Form - Save - Body',143,41,'Modal Body',140,140,143,0),(144,144,'Form - Save - Footer',144,42,'Modal Footer',140,140,144,0),(145,145,'Button Ok',145,25,'Button - Function',144,144,145,0),(146,146,'Button Cancel',146,25,'Button - Function',144,144,146,0),(147,147,'Employee Grid View - Grid',147,12,'Grid',148,148,147,0),(148,148,'Employee Grid View - Form',148,6,'Form',19,19,148,0),(149,149,'Visual Reports - Form',168,6,'Form',20,20,168,0),(150,150,'Dakar Intelligence - Form',169,6,'Form',21,21,169,0),(151,151,'Employee Reports',170,62,'Card',150,150,170,0),(157,157,'Employee Reports - Card Group',183,63,'Card Group',151,151,183,0),(158,158,'Employee Reports - Employee Basic Details',184,64,'Card Element',157,157,184,0),(159,159,'Employee Reports - Employee Basic Details Header',185,68,'Element Header',158,158,185,0),(160,160,'Employee Reports - Employee Basic Details Body',186,66,'Card Body',158,158,186,0),(161,161,'Employee Reports - Employee Basic Details Title',187,67,'Card Title',158,158,187,0),(162,162,'Employee Reports - Employee Basic Details (Grid View)',188,64,'Card Element',157,157,188,0),(163,163,'Employee Reports - Employee Basic Details (Grid View) - Card Header',189,68,'Element Header',162,162,189,0),(164,164,'Employee Reports - Employee Basic Details (Grid View) - Card Body',190,66,'Card Body',162,162,190,0),(165,165,'Employee Reports - Employee Basic Details (Grid View) - Card Title',191,67,'Card Title',162,162,191,0),(166,166,'Payroll Reports',197,62,'Card',150,150,192,0),(167,167,'Payroll Reports - Card Group',192,63,'Card Group',166,166,193,0),(168,168,'Payroll Reports - Payroll Statistics - Gross/Tax/NI',196,64,'Card Element',166,166,197,0),(170,170,'Payroll Reports - Payroll Statistics - Gross/Tax/NI Body',194,66,'Card Body',168,168,195,0),(171,171,'Payroll Reports - Payroll Statistics - Gross/Tax/NI Title',195,67,'Card Title',168,168,196,0),(172,172,'Payroll Reports - Payroll Statistics - Extras Breakdown Report',201,64,'Card Element',170,170,201,0),(173,173,'Payroll Statistics - Extras Breakdown Report Header',198,68,'Element Header',172,172,198,0),(174,174,'Payroll Statistics - Extras Breakdown Report Body',199,66,'Card Body',172,172,199,0),(175,175,'Payroll Statistics - Extras Breakdown Report Title',200,67,'Card Title',172,172,200,0),(176,176,'Payroll Reports - Payroll - Extras Breakdown by Cost Center',205,64,'Card Element',166,166,205,0),(177,177,'Payroll Reports - Payroll - Extras Breakdown by Cost Center - Card Header',202,68,'Element Header',176,176,202,0),(178,178,'Payroll Reports - Payroll - Extras Breakdown by Cost Center - Card Body',203,66,'Card Body',176,176,203,0),(179,179,'Payroll Reports - Payroll - Extras Breakdown by Cost Center - Card Title',204,67,'Card Title',176,176,204,0),(180,180,'Payroll Reports - Payroll - Allowances Breakdown',209,64,'Card Element',166,166,209,0),(181,181,'Payroll Reports - Payroll - Allowances Breakdown - Element Header',206,68,'Element Header',180,180,206,0),(182,182,'Payroll Reports - Payroll - Allowances Breakdown - Card Body',207,66,'Card Body',180,180,207,0),(183,183,'Payroll Reports - Payroll - Allowances Breakdown - Card Title',208,67,'Card Title',180,180,208,0),(184,184,'Payroll Reports - Payroll Statistics - Bank Cash Payments',213,64,'Card Element',166,166,213,0),(185,185,'Payroll Reports - Payroll Statistics - Bank Cash Payments - Element Header',210,68,'Element Header',184,184,210,0),(186,186,'Payroll Reports - Payroll Statistics - Bank Cash Payments - Card Body',211,66,'Card Body',184,184,211,0),(187,187,'Payroll Reports - Payroll Statistics - Bank Cash Payments - Card Title',212,67,'Card Title',184,184,212,0),(188,188,'Payroll Reports - Payroll Statistics - Unions',217,64,'Card Element',166,166,217,0),(189,189,'Payroll Reports - Payroll Statistics - Unions - Element Header',214,68,'Element Header',188,188,214,0),(190,190,'Payroll Reports - Payroll Statistics - Unions - Card Body',215,66,'Card Body',188,188,215,0),(191,191,'Payroll Reports - Payroll Statistics - Unions - Card Title',216,67,'Card Title',188,188,216,0),(192,192,'Payroll Changes',223,62,'Card',150,150,223,0),(193,193,'Payroll Changes - Card Group',218,63,'Card Group',192,192,218,0),(194,194,'2020 Payroll Changes - Card Element',219,64,'Card Element',193,193,219,0),(195,195,'2020 Payroll Changes - Element Header',220,68,'Element Header',194,194,220,0),(196,196,'2020 Payroll Changes - Card Body',221,66,'Card Body',194,194,221,0),(197,197,'2020 Payroll Changes - Card Title',222,67,'Card Title',194,194,222,0),(198,198,'2019 Payroll Changes - Card Element',227,64,'Card Element',192,192,227,0),(199,199,'2019 Payroll Changes - Element Header',224,68,'Element Header',198,198,224,0),(200,200,'2019 Payroll Changes - Card Element - Card Body',225,66,'Card Body',198,198,225,0),(201,201,'2019 Payroll Changes - Card Element - Card Title',226,67,'Card Title',198,198,226,0),(202,202,'Absences',233,62,'Card',150,150,233,0),(203,203,'Absences - Card Group',228,63,'Card Group',202,202,228,0),(204,204,'Absences Consumed - Card Element',229,64,'Card Element',203,203,229,0),(205,205,'Absences Consumed - Element Header',230,68,'Element Header',204,204,230,0),(206,206,'Absences Consumed - Card Body',231,66,'Card Body',204,204,231,0),(207,207,'Absences Consumed - Card Title',232,67,'Card Title',204,204,232,0),(208,208,'Absence Entitlements',237,64,'Card Element',203,203,237,0),(209,209,'Absence Entitlements - Element Header',234,68,'Element Header',208,208,234,0),(210,210,'Absence Entitlements - Card Body',235,66,'Card Body',208,208,235,0),(211,211,'Absence Entitlements - Card Title',236,67,'Card Title',208,208,236,0),(212,212,'Absence Entitlements (Grid View)',241,64,'Card Element',203,203,241,0),(213,213,'Absence Entitlements (Grid View) - Element Header',238,68,'Element Header',212,212,238,0),(214,214,'Absence Entitlements (Grid View) - Card Body',239,66,'Card Body',212,212,239,0),(215,215,'Absence Entitlements (Grid View) - Card Title',240,67,'Card Title',212,212,240,0),(216,216,'Employee Reports - Card Header',249,65,'Card Header',151,151,249,0),(220,220,'Employee Reports - Card Header - FaFa',247,38,'FaFa',216,216,247,0),(221,221,'Employee Reports - Card Header - Text Element',248,33,'Text',216,216,248,0),(223,223,'Employee Reports - Employee Basic Details Header - FaFa',250,38,'FaFa',159,159,250,0),(225,225,'Employee Reports - Employee Basic Details (Grid View) - Card Header - FaFa',251,38,'FaFa',163,163,251,0),(226,226,'Payroll Reports - Card Header',254,65,'Card Header',166,166,254,0),(227,227,'Payroll Reports - Card Header - FaFa',252,38,'FaFa',226,226,252,0),(228,228,'Payroll Reports - Card Header - Text Element',253,33,'Text',226,226,253,0),(229,229,'Payroll Reports - Element Header',256,68,'Element Header',168,168,256,0),(230,230,'Payroll Reports - Element Header - FaFa',255,38,'FaFa',229,229,255,0),(233,233,'Payroll Statistics - Extras Breakdown Report Header - FaFa',258,38,'FaFa',173,173,258,0),(235,235,'Payroll Reports - Payroll - Extras Breakdown by Cost Center - Card Header - FaFa',259,38,'FaFa',177,177,259,0),(237,237,'Payroll Reports - Payroll - Allowances Breakdown - Card Header - FaFa',260,38,'FaFa',181,181,260,0),(239,239,'Payroll Reports - Payroll Statistics - Bank Cash Payments - Element Header - FaFa',261,38,'FaFa',185,185,261,0),(241,241,'Payroll Reports - Payroll Statistics - Unions - Element Header - FaFa',262,38,'FaFa',189,189,262,0),(243,243,'2020 Payroll Changes - Element Header - FaFa',263,38,'FaFa',195,195,263,0),(245,245,'2019 Payroll Changes - Element Header - FaFa',264,38,'FaFa',199,199,264,0),(247,247,'Absences Consumed - Element Header - FaFa',265,38,'FaFa',205,205,265,0),(249,249,'Absence Entitlements - Element Header - FaFa',266,38,'FaFa',209,209,266,0),(251,251,'Absence Entitlements (Grid View) - Element Header - FaFa',267,38,'FaFa',213,213,267,0),(252,252,'My Company / Last Viewed - DropdownMenu',271,56,'JSDropdownMenu',23,23,271,0),(253,253,'My Company / Last Viewed - DropdownMenu - Header',273,71,'JSDropdownMenuHeader',252,252,273,0),(254,254,'My Company / Last Viewed - DropdownMenu - Header - Text Element',272,33,'Text',253,253,272,0),(255,255,'My Company / Last Viewed - DropdownMenu - Row',275,69,'Row',252,252,275,0),(256,256,'My Company / Last Viewed - DropdownMenu - Row - Column 1',274,70,'Column',255,255,274,0),(257,257,'My Company / Last Viewed - DropdownMenu - Image',276,13,'Image',256,256,276,0),(258,258,'My Company / Last Viewed - DropdownMenu - Row - Column 2',277,70,'Column',255,255,277,0),(259,259,'My Company / Last Viewed - DropdownMenu - Text',278,33,'Text',258,258,278,0),(260,260,'My Company / Last Viewed - DropdownMenu - Row - Column 3',279,70,'Column',255,255,279,0),(261,261,'My Company / Last Viewed - DropdownMenu - Text',280,33,'Text',260,260,280,0),(262,262,'All Notifications - DropdownMenu',281,56,'JSDropdownMenu',24,24,281,0),(263,263,'All Notifications - DropdownMenu - Header',283,71,'JSDropdownMenuHeader',262,262,283,0),(264,264,'All Notifications - DropdownMenu - Header - Text Element',282,33,'Text',263,263,282,0),(265,265,'All Notifications - DropdownMenu - Item 1',285,72,'JSDropdownMenuItem',262,262,285,0),(266,266,'All Notifications - DropdownMenu - Item 1 - FaFa',286,38,'FaFa',265,265,286,0),(267,267,'All Notifications - DropdownMenu - Item 1 - Text',287,33,'Text',265,265,287,0),(268,268,'All Notifications - DropdownMenu - Item 2',288,72,'JSDropdownMenuItem',262,262,288,0),(269,269,'All Notifications - DropdownMenu - Item 2 - FaFa',289,38,'FaFa',268,268,289,0),(270,270,'All Notifications - DropdownMenu - Item 2 - Text',290,33,'Text',268,268,290,0),(271,271,'All Notifications - DropdownMenu - Item 3',291,72,'JSDropdownMenuItem',262,262,291,0),(272,272,'All Notifications - DropdownMenu - Item 3 - FaFa',292,38,'FaFa',271,271,292,0),(273,273,'All Notifications - DropdownMenu - Item 3 - Text',293,33,'Text',271,271,293,0),(274,274,'New Employments - DropdownMenu',294,56,'JSDropdownMenu',25,25,294,0),(275,275,'New Employments - DropdownMenu - Header',296,71,'JSDropdownMenuHeader',274,274,296,0),(276,276,'New Employments - DropdownMenu - Header - Text Element',295,33,'Text',275,275,295,0),(277,277,'Terminations - DropdownMenu',297,56,'JSDropdownMenu',26,26,297,0),(278,278,'Terminations - DropdownMenu - Header',299,71,'JSDropdownMenuHeader',277,277,299,0),(279,279,'Terminations - DropdownMenu - Header - Text Element',298,33,'Text',278,278,298,0),(280,280,'User Management',303,73,'NavLink',15,15,303,0),(283,283,'User Management - FaFa',302,38,'FaFa',280,280,302,0),(284,284,'User Management - Dropdown Menu',304,56,'JSDropdownMenu',280,280,304,0),(285,285,'User Management - Dropdown Menu - Header',306,71,'JSDropdownMenuHeader',284,284,306,0),(286,286,'User Management - Dropdown Menu - Header - Text Element',305,32,'Header 5',285,285,305,0),(287,287,'User Management - DropdownMenu - Item 1',307,72,'JSDropdownMenuItem',284,284,307,0),(288,288,'User Management - DropdownMenu - Item 1 - FaFA',308,38,'FaFa',287,287,308,0),(289,289,'User Management - DropdownMenu - Item 1 - Text',309,33,'Text',287,287,309,0),(290,290,'Group Authorisations - DropdownMenu - Item 2',310,72,'JSDropdownMenuItem',284,284,310,0),(291,291,'Group Authorisations - DropdownMenu - Item 2 - FaFa',311,38,'FaFa',290,290,311,0),(292,292,'Group Authorisations - DropdownMenu - Item 2 - Text',312,33,'Text',290,290,312,0),(293,293,'Quick Links - Payroll',315,74,'NavPill',15,15,315,0),(294,294,'Quick Links - FaFa',314,38,'FaFa',293,293,314,0),(295,295,'Quick Links - Dropdown Menu - Header',317,71,'JSDropdownMenuHeader',293,293,317,0),(296,296,'Quick Links - Dropdown Menu - Header - Text Element',316,33,'Text',295,295,316,0),(297,297,'Quick Links - Grid',326,75,'QLGrid',293,293,326,0),(300,300,'Quick Links - Grid- Quick Link Grid Item 1',323,76,'QLGridItem',297,297,323,0),(301,301,'Quick Links - Grid Item 1 - FaFa',324,38,'FaFa',300,300,324,0),(302,302,'Quick Links - Grid Item 1 - Title',325,77,'QLGridItemTitle',300,300,325,0),(303,303,'Quick Links - Grid- Quick Link Grid Item 2',329,76,'QLGridItem',297,297,329,0),(304,304,'Quick Links - Grid- Quick Link Grid Item 2 - FaFa',327,38,'FaFa',303,303,327,0),(305,305,'Quick Links - Grid- Quick Link Grid Item 2 - Quick Link Grid Item Title',328,77,'QLGridItemTitle',303,303,328,0),(306,306,'Quick Links - Grid- Quick Link Grid Item 3',332,76,'QLGridItem',297,297,332,0),(307,307,'Quick Links - Grid- Quick Link Grid Item 3 - FaFa',330,38,'FaFa',306,306,330,0),(308,308,'Quick Links - Grid- Quick Link Grid Item 3 - Quick Link Grid Item Title',331,77,'QLGridItemTitle',306,306,331,0),(309,309,'Quick Links - Grid- Quick Link Grid Item 4',335,76,'QLGridItem',297,297,335,0),(310,310,'Quick Links - Grid- Quick Link Grid Item 4 - FaFa',333,38,'FaFa',309,309,333,0),(311,311,'Quick Links - Grid- Quick Link Grid Item 4 - Quick Link Grid Item Title',334,77,'QLGridItemTitle',309,309,334,0),(312,312,'User Avatar - Dropdwon Menu',336,56,'JSDropdownMenu',28,28,336,0),(313,313,'User Avatar - Dropdown Menu - Header',340,71,'JSDropdownMenuHeader',312,312,340,0),(314,314,'User Avatar - Dropdown Menu - Header - Media Obj',339,78,'MediaObj',313,313,339,0),(316,316,'User Avatar - Dropdown Menu - Header - Media Object Body',341,79,'MediaObjBody',314,314,341,0),(317,317,'Media Body - Image',342,13,'Image',316,316,342,0),(318,318,'Media Body - Header',343,32,'Header 5',316,316,343,0),(319,319,'Media Body - Text',344,33,'Text',316,316,344,0),(320,320,'Media Body - Text',345,33,'Text',316,316,345,0),(321,31,'Employee List',353,82,'MobileLeftSideHider',30,30,353,0),(323,322,'Employee List - Text Element',355,33,'Text',321,31,355,0),(324,323,'Employee List - FaFa',356,38,'FaFa',321,31,356,0),(325,324,'Employee List - ClickRedirect',357,23,'Button - Redirect',321,31,357,0),(327,326,'Documents - Text Element',358,33,'Text',330,32,359,0),(328,327,'Documents - FaFa',359,38,'FaFa',330,32,360,0),(329,328,'Documents - ClickRedirect',360,23,'Button - Redirect',330,32,361,0),(330,32,'Documents',361,82,'MobileLeftSideHider',30,30,362,0),(331,329,'Employees',367,83,'SubMenu',30,30,368,0),(332,330,'Employees - Text Element',362,33,'Text',331,329,363,0),(333,331,'Employees - FaFa',363,38,'FaFa',332,330,364,0),(334,332,'Employees - DCJQIcon',364,85,'DCJQIcon',331,329,365,0),(335,333,'Employees - DisplayBlock',365,86,'DisplayBlock',331,329,366,0),(336,334,'Employees - MobileLeftSideHider',366,82,'MobileLeftSideHider',0,0,367,0),(338,336,'Employees - Text Element',368,33,'Text',331,329,369,0),(339,337,'Employees - FaFa',369,38,'FaFa',338,336,370,0),(340,338,'Employees - DCJQIcon',370,85,'DCJQIcon',331,329,371,0),(341,339,'Employees - DisplayBlock',371,86,'DisplayBlock',331,329,372,0),(342,340,'Employees - Employee Details',372,82,'MobileLeftSideHider',341,339,373,0),(344,342,'Employees - MobileLeftSideHider - Text Element',373,33,'Text',342,340,374,0),(345,343,'Employees - MobileLeftSideHider - FaFa',374,38,'FaFa',342,340,375,0),(346,344,'Employees - MobileLeftSideHider - ClickRedirect',375,23,'Button - Redirect',342,340,376,0),(347,33,'Employee Others',381,83,'SubMenu',30,30,382,0),(348,346,'Employee Others - Text Element',376,33,'Text',347,33,377,0),(349,347,'Employee Others - FaFa',377,38,'FaFa',347,33,378,0),(350,348,'Employee Others - DCJQIcon',378,85,'DCJQIcon',347,33,379,0),(351,349,'Employee Others - DisplayBlock',379,86,'DisplayBlock',347,33,380,0),(352,350,'Employee Others - Absence Entitlements',380,82,'MobileLeftSideHider',347,33,381,0),(354,352,'Employee Others - Absence Entitlements - Text Element',382,33,'Text',352,350,383,0),(355,353,'Employee Others - Absence Entitlements - FaFa',383,38,'FaFa',352,350,384,0),(356,354,'Employee Others - Absence Entitlements - ClickRedirect',384,23,'Button - Redirect',352,350,385,0),(357,34,'Payroll',389,83,'SubMenu',30,30,390,0),(358,356,'Payroll - Text Element',385,33,'Text',357,34,386,0),(359,357,'Payroll - FaFa',386,38,'FaFa',357,34,387,0),(360,358,'Payroll - DCJQIcon',387,85,'DCJQIcon',357,34,388,0),(361,359,'Payroll - DisplayBlock',388,86,'DisplayBlock',357,34,389,0),(362,35,'Payroll Statistics',393,82,'MobileLeftSideHider',30,30,394,0),(363,361,'Payroll Statistics - Text Element',390,33,'Text',362,35,391,0),(364,362,'Payroll Statistics - FaFa',391,38,'FaFa',362,35,392,0),(365,363,'Payroll Statistics - ClickRedirect',392,23,'Button - Redirect',362,35,393,0),(366,364,'Employee Statistics',398,83,'SubMenu',30,30,399,0),(367,365,'Employee Statistics - Text Element',394,33,'Text',366,364,395,0),(368,366,'Employee Statistics - FaFa',395,38,'FaFa',366,364,396,0),(369,367,'Employee Statistics - DCJQIcon',396,85,'DCJQIcon',366,364,397,0),(370,368,'Employee Statistics - DisplayBlock',397,86,'DisplayBlock',366,364,398,0),(371,36,'Absence Statistics',403,83,'SubMenu',30,30,404,0),(372,370,'Absence Statistics - Text Element',399,33,'Text',371,36,400,0),(373,371,'Absence Statistics - FaFa',400,38,'FaFa',371,36,401,0),(374,372,'Absence Statistics - DCJQIcon',401,85,'DCJQIcon',371,36,402,0),(375,373,'Absence Statistics - DisplayBlock',402,86,'DisplayBlock',371,36,403,0),(376,37,'Reports',408,83,'SubMenu',30,30,409,0),(377,375,'Reports - Text Element',404,33,'Text',376,37,405,0),(378,376,'Reports - FaFa',405,38,'FaFa',376,37,406,0),(379,377,'Reports - DCJQIcon',406,85,'DCJQIcon',376,37,407,0),(380,378,'Reports - DisplayBlock',407,86,'DisplayBlock',376,37,408,0),(381,38,'Monthly Reports',412,82,'MobileLeftSideHider',30,30,413,0),(382,380,'Monthly Reports - Text Element',409,33,'Text',381,38,410,0),(383,381,'Monthly Reports - FaFa',410,38,'FaFa',381,38,411,0),(384,382,'Monthly Reports - ClickRedirect',411,23,'Button - Redirect',381,38,412,0),(385,39,'Yearly Reports',416,82,'MobileLeftSideHider',30,30,417,0),(386,384,'Yearly Reports - Text Element',413,33,'Text',385,39,414,0),(387,385,'Yearly Reports - FaFa',414,38,'FaFa',385,39,415,0),(388,386,'Yearly Reports - ClickRedirect',415,23,'Button - Redirect',385,39,416,0),(389,40,'Bulk Updates',417,83,'SubMenu',30,30,418,0),(391,388,'Bulk Updates - Text Element',418,33,'Text',389,40,419,0),(392,389,'Bulk Updates - FaFa',419,38,'FaFa',389,40,420,0),(393,390,'Bulk Updates - DCJQIcon',420,85,'DCJQIcon',389,40,421,0),(394,391,'Bulk Updates - DisplayBlock',421,86,'DisplayBlock',389,40,422,0),(395,41,'Settings',425,82,'MobileLeftSideHider',30,30,426,0),(396,393,'Settings - Text Element',422,33,'Text',395,41,423,0),(397,394,'Settings - FaFa',423,38,'FaFa',395,41,424,0),(398,395,'Settings - ClickRedirect',424,23,'Button - Redirect',395,41,425,0),(399,396,'Employees - Contact Numbers',429,82,'MobileLeftSideHider',331,329,430,0),(400,397,'Employees - Contact Numbers - Text Element',426,33,'Text',399,396,427,0),(401,398,'Employees - Contact Numbers - FaFa',427,38,'FaFa',399,396,428,0),(402,399,'Employees - Contact Numbers - ClickRedirect',428,23,'Button - Redirect',399,396,429,0),(403,400,'Employees - Banks',433,82,'MobileLeftSideHider',331,329,434,0),(404,401,'Employees - Banks - Text Element',430,33,'Text',403,400,431,0),(405,402,'Employees - Banks - FaFa',431,38,'FaFa',403,400,432,0),(406,403,'Employees - Banks - ClickRedirect',432,23,'Button - Redirect',403,400,433,0),(407,404,'Employees - Salary Details',437,82,'MobileLeftSideHider',331,329,438,0),(408,405,'Employees - Salary Details - Text Element',434,33,'Text',407,404,435,0),(409,406,'Employees - Salary Details - FaFa',435,38,'FaFa',407,404,436,0),(410,407,'Employees - Salary Details - ClickRedirect',436,23,'Button - Redirect',407,404,437,0),(411,408,'Employees - Career Progression',441,82,'MobileLeftSideHider',331,329,442,0),(412,409,'Employees - Career Progression - Text Element',438,33,'Text',411,408,439,0),(413,410,'Employees - Career Progression - FaFa',439,38,'FaFa',411,408,440,0),(414,411,'Employees - Career Progression - ClickRedirect',440,23,'Button - Redirect',411,408,441,0),(415,412,'Employees - Schedule',445,82,'MobileLeftSideHider',331,329,446,0),(416,413,'Employees - Schedule - Text Element',442,33,'Text',415,412,443,0),(417,414,'Employees - Schedule - FaFa',443,38,'FaFa',415,412,444,0),(418,415,'Employees - Schedule - ClickRedirect',444,23,'Button - Redirect',415,412,445,0),(419,416,'Employees - Permanent Allowances',449,82,'MobileLeftSideHider',331,329,450,0),(420,417,'Employees - Permanent Allowances - Text Element',446,33,'Text',419,416,447,0),(421,418,'Employees - Permanent Allowances - FaFa',447,38,'FaFa',419,416,448,0),(422,419,'Employees - Permanent Allowances - ClickRedirect',448,23,'Button - Redirect',419,416,449,0),(423,420,'Employees - Previous Employment',453,82,'MobileLeftSideHider',331,329,454,0),(424,421,'Employees - Previous Employment - Text Element',450,33,'Text',423,420,451,0),(425,422,'Employees - Previous Employment - FaFa',451,38,'FaFa',423,420,452,0),(426,423,'Employees - Previous Employment - ClickRedirect',452,23,'Button - Redirect',423,420,453,0),(427,424,'Employees - Unions',457,82,'MobileLeftSideHider',331,329,458,0),(428,425,'Employees - Unions - Text Element',454,33,'Text',427,424,455,0),(429,426,'Employees - Unions - FaFa',455,38,'FaFa',427,424,456,0),(430,427,'Employees - Unions - ClickRedirect',456,23,'Button - Redirect',427,424,457,0),(431,428,'Employee Others - Advances & Payments',461,82,'MobileLeftSideHider',347,33,462,0),(432,429,'Employee Others - Advances & Payments - Text Element',458,33,'Text',431,428,459,0),(433,430,'Employee Others - Advances & Payment - FaFa',459,38,'FaFa',431,428,460,0),(434,431,'Employee Others - Advances & Payment - ClickRedirect',460,23,'Button - Redirect',431,428,461,0),(435,432,'Employee Others - Tax Arrears',465,82,'MobileLeftSideHider',347,33,466,0),(436,433,'Employee Others - Tax Arrears - Text Element',462,33,'Text',435,432,463,0),(437,434,'Employee Others - Tax Arrears - FaFa',463,38,'FaFa',435,432,464,0),(438,435,'Employee Others - Tax Arrears - ClickRedirect',464,23,'Button - Redirect',435,432,465,0),(439,436,'Employee Others - Loans',469,82,'MobileLeftSideHider',347,33,470,0),(440,437,'Employee Others - Loans - Text Element',466,33,'Text',439,436,467,0),(441,438,'Employee Others - Loans - FaFa',467,38,'FaFa',439,436,468,0),(442,439,'Employee Others - Loans - ClickRedirect',468,23,'Button - Redirect',439,436,469,0),(443,440,'Employee Others - Pensions',473,82,'MobileLeftSideHider',347,33,474,0),(444,441,'Employee Others - Pensions - Text Element',470,33,'Text',443,440,471,0),(445,442,'Employee Others - Pensions - FaFa',471,38,'FaFa',443,440,472,0),(446,443,'Employee Others - Pensions - ClickRedirect',472,23,'Button - Redirect',443,440,473,0),(447,444,'Employee Others - Covid-19 Supplement',477,82,'MobileLeftSideHider',347,33,478,0),(448,445,'Employee Others - Covid-19 Supplement - Text Element',474,33,'Text',447,444,475,0),(449,446,'Employee Others - Covid-19 Supplement - FaFa',475,38,'FaFa',447,444,476,0),(450,447,'Employee Others - Covid-19 Supplement - Display form',476,23,'Button - Redirect',447,444,477,0),(451,448,'Payroll - Initialise Payroll',481,82,'MobileLeftSideHider',357,34,482,0),(452,449,'Payroll - Initialise Payroll - Text Element',478,33,'Text',451,448,479,0),(453,450,'Payroll - Initialise Payroll - FaFa',479,38,'FaFa',451,448,480,0),(454,451,'Payroll - Initialise Payroll - ClickRedirect',480,23,'Button - Redirect',451,448,481,0),(455,452,'Payroll - Payroll Details DrillDown',485,82,'MobileLeftSideHider',357,34,486,0),(456,453,'Payroll - Payroll Details DrillDown - Text Element',482,33,'Text',455,452,483,0),(457,454,'Payroll - Payroll Details DrillDown - FaFa',483,38,'FaFa',455,452,484,0),(458,455,'Payroll - Payroll Details DrillDown - ClickRedirect',484,23,'Button - Redirect',455,452,485,0),(459,456,'Payroll - Detailed Adjustments',489,82,'MobileLeftSideHider',357,34,490,0),(460,457,'Payroll - Detailed Adjustments - Text Element',486,33,'Text',459,456,487,0),(461,458,'Payroll - Detailed Adjustments - FaFa',487,38,'FaFa',459,456,488,0),(462,459,'Payroll - Detailed Adjustments - ClickRedirect',488,23,'Button - Redirect',459,456,489,0),(463,460,'Payroll - Global Adjustments',493,82,'MobileLeftSideHider',357,34,494,0),(464,461,'Payroll - Global Adjustments - Text Element',490,33,'Text',463,460,491,0),(465,462,'Payroll - Global Adjustments - FaFa',491,38,'FaFa',463,460,492,0),(466,463,'Payroll - Global Adjustments - ClickRedirect',492,23,'Button - Redirect',463,460,493,0),(467,464,'Payroll - Global Absences',497,82,'MobileLeftSideHider',357,34,498,0),(468,465,'Payroll - Global Absences - Text Element',494,33,'Text',467,464,495,0),(469,466,'Payroll - Global Absences - FaFa',495,38,'FaFa',467,464,496,0),(470,467,'Payroll - Global Absences - Display form',496,23,'Button - Redirect',467,464,497,0),(471,468,'Payroll - Global Extras',501,82,'MobileLeftSideHider',357,34,502,0),(472,469,'Payroll - Global Extras - Text Element',498,33,'Text',471,468,499,0),(473,470,'Payroll - Global Extras - FaFa',499,38,'FaFa',471,468,500,0),(474,471,'Payroll - Global Extras - ClickRedirect',500,23,'Button - Redirect',471,468,501,0),(475,472,'Payroll - Calculate Payroll',505,82,'MobileLeftSideHider',357,34,506,0),(476,473,'Payroll - Calculate Payroll - Text Element',502,33,'Text',475,472,503,0),(477,474,'Payroll - Calculate Payroll - FaFa',503,38,'FaFa',475,472,504,0),(478,475,'Payroll - Calculate Payroll - ClickRedirect',504,23,'Button - Redirect',475,472,505,0),(479,476,'Payroll - Close & Lock Payroll',509,82,'MobileLeftSideHider',357,34,510,0),(480,477,'Payroll - Close & Lock Payroll - Text Element',506,33,'Text',479,476,507,0),(481,478,'Payroll - Close & Lock Payroll - FaFa',507,38,'FaFa',479,476,508,0),(482,479,'Payroll - Close & Lock Payroll - ClickRedirect',508,23,'Button - Redirect',479,476,509,0),(483,480,'Payroll - Payroll Details',513,82,'MobileLeftSideHider',357,34,514,0),(484,481,'Payroll - Payroll Details - Text Element',510,33,'Text',483,480,511,0),(485,482,'Payroll - Payroll Details - FaFa',511,38,'FaFa',483,480,512,0),(486,483,'Payroll - Payroll Details - ClickRedirect',512,23,'Button - Redirect',483,480,513,0),(487,484,'Payroll - Excel Payroll Uploads',517,82,'MobileLeftSideHider',357,34,518,0),(488,485,'Payroll - Excel Payroll Uploads - Text Element',514,33,'Text',487,484,515,0),(489,486,'Payroll - Excel Payroll Uploads - FaFa',515,38,'FaFa',487,484,516,0),(490,487,'Payroll - Excel Payroll Uploads - ClickRedirect',516,23,'Button - Redirect',487,484,517,0),(491,488,'Payroll - Calculation Statistics',521,82,'MobileLeftSideHider',357,34,522,0),(492,489,'Payroll - Calculation Statistics - Text Element',518,33,'Text',491,488,519,0),(493,490,'Payroll - Calculation Statistics - FaFa',519,38,'FaFa',491,488,520,0),(494,491,'Payroll - Calculation Statistics - ClickRedirect',520,23,'Button - Redirect',491,488,521,0),(495,492,'Employee Statistics - Payslip Quick View',525,82,'MobileLeftSideHider',370,368,526,0),(496,493,'Employee Statistics - Payslip Quick View - Text Element',522,33,'Text',495,492,523,0),(497,494,'Employee Statistics - Payslip Quick View - FaFa',523,38,'FaFa',495,492,524,0),(498,495,'Employee Statistics - Payslip Quick View - ClickRedirect',524,23,'Button - Redirect',495,492,525,0),(499,496,'Employee Statistics - FS3 Quick View',529,82,'MobileLeftSideHider',370,368,530,0),(500,497,'Employee Statistics - FS3 Quick View - Text Element',526,33,'Text',499,496,527,0),(501,498,'Employee Statistics - FS3 Quick View - FaFa',527,38,'FaFa',499,496,528,0),(502,499,'Employee Statistics - FS3 Quick View - ClickRedirect',528,23,'Button - Redirect',499,496,529,0),(503,500,'Employee Statistics - Employee Payroll Statistics',533,82,'MobileLeftSideHider',370,368,534,0),(504,501,'Employee Statistics - Employee Payroll Statistics - Text Element',530,33,'Text',503,500,531,0),(505,502,'Employee Statistics - Employee Payroll Statistics - FaFa',531,38,'FaFa',503,500,532,0),(506,503,'Employee Statistics - Employee Payroll Statistics - ClickRedirect',532,23,'Button - Redirect',503,500,533,0),(507,504,'Absence Statistics - Employee Accruals',537,82,'MobileLeftSideHider',375,373,538,0),(508,505,'Absence Statistics - Employee Accruals - Text Element',534,33,'Text',507,504,535,0),(509,506,'Absence Statistics - Employee Accruals - FaFa',535,38,'FaFa',507,504,536,0),(510,507,'Absence Statistics - Employee Accruals - ClickRedirect',536,23,'Button - Redirect',507,504,537,0),(511,508,'Absence Statistics - Other Absence Statistics',541,82,'MobileLeftSideHider',375,373,542,0),(512,509,'Absence Statistics - Other Absence Statistics - Text Element',538,33,'Text',511,508,539,0),(513,510,'Absence Statistics - Other Absence Statistics - FaFa',539,38,'FaFa',511,508,540,0),(514,511,'Absence Statistics - Other Absence Statistics - ClickRedirect',540,23,'Button - Redirect',511,508,541,0),(515,512,'Reports - Payroll Reports',545,82,'MobileLeftSideHider',380,378,546,0),(516,513,'Reports - Payroll Reports - Text Element',542,33,'Text',515,512,543,0),(517,514,'Reports - Payroll Reports - FaFa',543,38,'FaFa',515,512,544,0),(518,515,'Reports - Payroll Reports - ClickRedirect',544,23,'Button - Redirect',515,512,545,0),(519,516,'Reports - Payslips',549,82,'MobileLeftSideHider',380,378,550,0),(520,517,'Reports - Payslips - Text Element',546,33,'Text',519,516,547,0),(521,518,'Reports - Payslips - FaFa',547,38,'FaFa',519,516,548,0),(522,519,'Reports - Payslips - ClickRedirect',548,23,'Button - Redirect',519,516,549,0),(523,520,'Reports - Direct Credits',553,82,'MobileLeftSideHider',380,378,554,0),(524,521,'Reports - Direct Credits - Text Element',550,33,'Text',523,520,551,0),(525,522,'Reports - Direct Credits - FaFa',551,38,'FaFa',523,520,552,0),(526,523,'Reports - Direct Credits - ClickRedirect',552,23,'Button - Redirect',523,520,553,0),(527,524,'Reports - Global Payroll Analysis',557,82,'MobileLeftSideHider',380,378,558,0),(528,525,'Reports - Global Payroll Analysis - Text Element',554,33,'Text',527,524,555,0),(529,526,'Reports - Global Payroll Analysis - FaFa',555,38,'FaFa',527,524,556,0),(530,527,'Reports - Global Payroll Analysis - ClickRedirect',556,23,'Button - Redirect',527,524,557,0),(531,528,'Reports - Cheque Printing',561,82,'MobileLeftSideHider',380,378,562,0),(532,529,'Reports - Cheque Printing - Text Element',558,33,'Text',531,528,559,0),(533,530,'Reports - Cheque Printing - FaFa',559,38,'FaFa',531,528,560,0),(534,531,'Reports - Cheque Printing - ClickRedirect',560,23,'Button - Redirect',531,528,561,0),(535,532,'Reports - Adjustments Reports',565,82,'MobileLeftSideHider',380,378,566,0),(536,533,'Reports - Adjustments Reports - Text Element',562,33,'Text',535,532,563,0),(537,534,'Reports - Adjustments Reports - FaFa',563,38,'FaFa',535,532,564,0),(538,535,'Reports - Adjustments Reports - ClickRedirect',564,23,'Button - Redirect',535,532,565,0),(539,536,'Reports - HR Related Reports',569,82,'MobileLeftSideHider',380,378,570,0),(540,537,'Reports - HR Related Reports - Text Element',566,33,'Text',539,536,567,0),(541,538,'Reports - HR Related Reports - FaFa',567,38,'FaFa',539,536,568,0),(542,539,'Reports - HR Related Reports - ClickRedirect',568,23,'Button - Redirect',539,536,569,0),(543,540,'Reports - Absence Related Reports',573,82,'MobileLeftSideHider',380,378,574,0),(544,541,'Reports - Absence Related Reports - Text Element',570,33,'Text',543,540,571,0),(545,542,'Reports - Absence Related Reports - FaFa',571,38,'FaFa',543,540,572,0),(546,543,'Reports - Absence Related Reports - ClickRedirect',572,23,'Button - Redirect',543,540,573,0),(547,544,'Bulk Updates - COLA Salary Updates',577,82,'MobileLeftSideHider',394,391,578,0),(548,545,'Bulk Updates - COLA Salary Updates - Text Element',574,33,'Text',547,544,575,0),(549,546,'Bulk Updates - COLA Salary Updates - FaFa',575,38,'FaFa',547,544,576,0),(550,547,'Bulk Updates - COLA Salary Updates - ClickRedirect',576,23,'Button - Redirect',547,544,577,0),(551,548,'Bulk Updates - Employee Creation',581,82,'MobileLeftSideHider',394,391,582,0),(552,549,'Bulk Updates - Employee Creation - Text Element',578,33,'Text',551,548,579,0),(553,550,'Bulk Updates - Employee Creation - FaFa',579,38,'FaFa',551,548,580,0),(554,551,'Bulk Updates - Employee Creation - ClickRedirect',580,23,'Button - Redirect',551,548,581,0),(9000,9000,'JSPanel',149,43,'JSPanel',1,1,149,1),(9001,9001,'JSPanel Standard',150,44,'JSStandard',9000,9000,150,1),(9002,9002,'JSPanel Header',151,45,'JSHeader',9000,9000,151,1),(9003,9003,'JS Footer',152,48,'JSFtr',9000,9000,152,1),(9004,9004,'JS Content',153,46,'JSContent',9000,9000,153,1),(9005,9005,'JSMinBox',154,47,'JSMinBox',9000,9000,154,1),(9006,9006,'JSResizeit',155,49,'JSResizeit',9000,9000,155,1),(9007,9007,'JSHeaderLogo',156,50,'JSHeaderLogo',9002,9002,156,1),(9008,9008,'JSTitlebar',157,51,'JSTitlebar',9002,9002,157,1),(9009,9009,'JSControlbar',158,52,'JSControlbar',9002,9002,158,1),(9010,9010,'JSHeaderToolbarActive',159,53,'JSHeaderToolbarActive',9002,9002,159,1),(9011,9011,'JSDropdown',160,54,'JSDropdown',9000,9000,160,1),(9012,9012,'JSDropdownToggle',161,55,'JSDropdownToggle',9011,9011,161,1),(9013,9013,'JSDropdownMenu',162,56,'JSDropdownMenu',9011,9011,162,1),(9014,9014,'JSPanelSwitchRotate',163,57,'JSPanelSwitchRotate',9010,9010,163,1),(9015,9015,'JSPanelBtn',164,58,'JSPanelBtn',9009,9009,164,1),(9016,9016,'JSPanelBtnNormalise',165,59,'JSPanelBtnNormalise',9009,9009,165,1),(9017,9017,'JSPanelBtnExpand',166,60,'JSPanelBtnExpand',9009,9009,166,1),(9018,9018,'DKGrid',167,61,'DKGrid',1,1,167,1),(9019,9019,'Container',171,35,'Container',1,1,171,1),(9020,9020,'Card',172,62,'Card',9019,9019,172,1),(9021,9021,'Card Group',173,63,'Card Group',9020,9020,173,1),(9022,9022,'Card Element',174,64,'Card Element',9021,9021,174,1),(9023,9023,'Card Header',175,65,'Card Header',9022,9022,175,1),(9024,9024,'Card Body',176,66,'Card Body',9022,9022,176,1),(9025,9025,'Card Title',177,67,'Card Title',9022,9022,177,1),(9026,9026,'Text Element',242,33,'Text',1,1,242,1),(9027,9027,'FaFa',243,38,'FaFa',1,1,243,1),(9028,9028,'Element Header',244,68,'Element Header',9022,9022,244,1),(9029,9029,'Row',268,69,'Row',1,1,268,1),(9030,9030,'Column',269,70,'Column',9029,9029,269,1),(9031,9031,'JSDropdownMenuHeader',270,71,'JSDropdownMenuHeader',9013,9013,270,1),(9032,9032,'JSDropdownMenuItem',284,72,'JSDropdownMenuItem',9013,9013,284,1),(9033,9033,'NavLink',301,73,'NavLink',1,1,301,1),(9034,9034,'NavPill',313,74,'NavPill',1,1,313,1),(9035,9035,'Quick Link Grid',318,75,'QLGrid',1,1,318,1),(9036,9036,'Quick Link Grid Item',319,76,'QLGridItem',9035,9035,319,1),(9037,9037,'Quick Link Grid Item Title',320,77,'QLGridItemTitle',9036,9036,320,1),(9038,9038,'Media Object',337,78,'MediaObj',1,1,337,1),(9039,9039,'Media Object Body',338,79,'MediaObjBody',9038,9038,338,1),(9040,9040,'LeftSideBar',346,80,'LeftSideBar',1,1,346,1),(9041,9041,'NavAccordion',347,81,'NavAccordion',9040,9040,347,1),(9042,9042,'MobileLeftSideHider',348,82,'MobileLeftSideHider',9041,9041,348,1),(9043,9043,'SubMenu',349,83,'SubMenu',9041,9041,349,1),(9044,9044,'ClickRedirect',350,23,'Button - Redirect',1,1,350,1),(9045,9045,'DCJQIcon',351,85,'DCJQIcon',9043,9043,351,1),(9046,9046,'DisplayBlock',352,86,'DisplayBlock',9043,9043,352,1);
/*!40000 ALTER TABLE `entity` ENABLE KEYS */;
UNLOCK TABLES;

--
-- Table structure for table `entity_action`
--

DROP TABLE IF EXISTS `entity_action`;
/*!40101 SET @saved_cs_client     = @@character_set_client */;
 SET character_set_client = utf8mb4 ;
CREATE TABLE `entity_action` (
  `id` int(10) unsigned NOT NULL AUTO_INCREMENT,
  `entity_id` int(10) unsigned NOT NULL,
  `entity_action_desc` varchar(1000) NOT NULL,
  `entity_action_function` varchar(250) NOT NULL,
  `entity_action_data_in` text COMMENT 'Any data the entity might need, i.e. user name.',
  `entity_action_data_out` text COMMENT 'Any data the entity might need, i.e. user name.',
  `entity_action_data_expected` text COMMENT 'Any data the entity might need, i.e. user name.',
  `entity_action_type_id` int(10) unsigned NOT NULL,
  PRIMARY KEY (`id`,`entity_id`),
  UNIQUE KEY `id_UNIQUE` (`id`),
  UNIQUE KEY `entity_id_UNIQUE` (`entity_id`),
  KEY `fk_entity_action_entity_action_type1_idx` (`entity_action_type_id`),
  CONSTRAINT `fk_entity_action_entity_action_type1` FOREIGN KEY (`entity_action_type_id`) REFERENCES `entity_action_type` (`id`) ON DELETE CASCADE ON UPDATE CASCADE
) ENGINE=InnoDB AUTO_INCREMENT=562 DEFAULT CHARSET=utf8;
/*!40101 SET character_set_client = @saved_cs_client */;

--
-- Dumping data for table `entity_action`
--

LOCK TABLES `entity_action` WRITE;
/*!40000 ALTER TABLE `entity_action` DISABLE KEYS */;
INSERT INTO `entity_action` VALUES (2,5,'Enter the user name','Enter data','steveb','-','-',2),(4,7,'User password entry','Enter data','1234','-','-',2),(5,8,'Redirect the user to the Dakar Web homepage','Redirect to different page','-','-','-',1),(6,11,'Image: Dakar Logo','-','-','-','logo.png',3),(7,12,'Label: Current Module Indicator label text','-','-','-','Payroll',3),(8,13,'Button Function: Menu Toggle - Should toggle the view of the main menu show/hide.','Perform function','-','-','-',1),(9,14,'Combo: Current Company - Displays current company and list of all available companies. User can select the current company from here.','Peform function based on value','-','-','Mars~Mars Incorporated Ltd',5),(10,16,'Button Display: Authorisations - Display form','Display child','-','-','-',3),(11,17,'Button Display: Employee Creation Wizard ','Display child','-','-','-',1),(12,18,'Button Display: Employee CV','Display child','-','-','-',1),(13,19,'Button Display: Employee Grid View','Display child','-','-','-',1),(14,20,'Button Display: Visual Reports','Display child','-','-','-',1),(15,21,'Button Display: Dakar Intelligence','Display child','-','-','-',1),(16,22,'Button Display: Organisation Chart','Display child','-','-','-',1),(17,23,'Button Display: My Company / Last Viewed','Display child','-','-','-',1),(18,24,'Button Display: All Notifications','Display child','-','-','-',1),(19,25,'Button Display: New Employments','Display child','-','-','-',1),(20,26,'Button Display: Terminations','Display child','-','-','-',1),(21,27,'Button Display: Quick Links','Display child','-','-','-',1),(22,28,'Button Display: User Avatar','Display child','-','-','-',1),(23,31,'Button Display: Employee List','Display child','-','-','-',1),(24,32,'MobileLeftSideHider','Container','-','-','-',9),(25,33,'Button Display: Employee Others','Display child','-','-','-',1),(26,34,'Button Display: Payroll','Display child','-','-','-',1),(27,35,'Button Display: Payroll Statistics','Display child','-','-','-',1),(28,36,'Button Display: Absence Statistics','Display child','-','-','-',1),(29,37,'Button Display: Reports','Display child','-','-','-',1),(30,38,'Button Display: Monthly Reports','Display child','-','-','-',1),(31,39,'Button Display: Yearly Reports','Display child','-','-','-',1),(32,40,'Button Display: Bulk Updates','Display child','-','-','-',1),(33,41,'Button Display: Settings','Display child','-','-','-',1),(34,43,'Label: Company label text','-','-','-','Company',3),(35,44,'Combo: Company Combo','Peform function based on value','-','-','Mars Northern Products Ltd~Mars Incorporated Ltd',5),(36,45,'Label: Grouping View  label text','-','-','-','Grouping View ',3),(37,46,'Combo: Grouping View Combo - ENTER ENTITY DESCRIPTION','Peform function based on value','-','-','Authorisation Group A~GROUP B~General Group~View All Groups',5),(38,47,'Button Function: Accept Criteria - Should apply the criteria and load matching records.','Perform function','-','-','-',1),(39,50,'Text Box Enter Data: Name','Enter data','TODO - Enter text that should be entered.','-','-',2),(40,51,'Text Box Enter Data: Surname','Enter data','TODO - Enter text that should be entered.','-','-',2),(41,52,'Text Box Enter Data: Identity Card Number','Enter data','TODO - Enter text that should be entered.','-','-',2),(42,53,'Text Box Enter Data: Employee Code','Enter data','TODO - Enter text that should be entered.','-','-',2),(43,54,'Text Box Enter Data: Address','Enter data','TODO - Enter text that should be entered.','-','-',2),(44,55,'Text Box Enter Data: Street','Enter data','TODO - Enter text that should be entered.','-','-',2),(45,56,'Text Box Enter Data: Post Code','Enter data','TODO - Enter text that should be entered.','-','-',2),(46,57,'List: Select A Town. Select from the available list','Display data','-','-','TODO - Enter list of data separated by a ~',6),(47,58,'List: Select A Country. Select from the available list','Display data','-','-','TODO - Enter list of data separated by a ~',6),(48,59,'Button Function: Back - Should do nothing as this is the first step.','Perform function','-','-','-',1),(49,60,'Button Function: Continue - Should validate the data in step 1 and move to step 2.','Perform function','-','-','-',1),(50,62,'Text Box Enter Data: Select A Gender','Enter data','TODO - Enter text that should be entered.','-','-',2),(51,63,'Text Box Enter Data: Date Of Birth','Enter data','TODO - Enter text that should be entered.','-','-',2),(52,64,'Text Box Enter Data: Date Of Employment','Enter data','TODO - Enter text that should be entered.','-','-',2),(53,65,'Text Box Enter Data: Tax Number','Enter data','TODO - Enter text that should be entered.','-','-',2),(54,66,'Text Box Enter Data: NI Number','Enter data','TODO - Enter text that should be entered.','-','-',2),(55,67,'List: Select A Bank. Select from the available list','Display data','-','-','TODO - Enter list of data separated by a ~',6),(56,68,'Text Box Enter Data: IBAN Number','Enter data','TODO - Enter text that should be entered.','-','-',2),(57,69,'Text Box Enter Data: Email Address','Enter data','TODO - Enter text that should be entered.','-','-',2),(58,70,'Text Box Enter Data: Mobile Number','Enter data','TODO - Enter text that should be entered.','-','-',2),(59,71,'Button Function: Back - Take the user back to step 1','Perform function','-','-','-',1),(60,72,'Button Function: Continue - Should validate the data in step 2 and move to step 3.','Perform function','-','-','-',1),(61,74,'List: Select A Tax Status. Select from the available list','Display data','-','-','TODO - Enter list of data separated by a ~',6),(62,75,'List: Select An Employment Type. Select from the available list','Display data','-','-','TODO - Enter list of data separated by a ~',6),(63,76,'List: Select Company. Select from the available list','Display data','-','-','TODO - Enter list of data separated by a ~',6),(64,77,'List: Select A Paygroup. Select from the available list','Display data','-','-','TODO - Enter list of data separated by a ~',6),(65,78,'List: Select A Department. Select from the available list','Display data','-','-','TODO - Enter list of data separated by a ~',6),(66,79,'List: Select a Schedule. Select from the available list','Display data','-','-','TODO - Enter list of data separated by a ~',6),(67,80,'List: Full or Part Timer ?. Select from the available list','Display data','-','-','TODO - Enter list of data separated by a ~',6),(68,81,'List: Special Part Timer. Select from the available list','Display data','-','-','TODO - Enter list of data separated by a ~',6),(69,82,'List: Select a Grade. Select from the available list','Display data','-','-','TODO - Enter list of data separated by a ~',6),(70,83,'List: Select a Cost Center. Select from the available list','Display data','-','-','TODO - Enter list of data separated by a ~',6),(71,84,'Button Function: Back - Take the user back to step 2','Perform function','-','-','-',1),(72,85,'Button Function: Continue - Should validate the data in step 3 and move to step 4.','Perform function','-','-','-',1),(73,87,'List: Taxable Allowance 1 (Permenant). Select from the available list','Display data','-','-','TODO - Enter list of data separated by a ~',6),(74,88,'Text Box Enter Data: Allowance Amount - Permanent','Enter data','TODO - Enter text that should be entered.','-','-',2),(75,89,'List: Taxable Allowance 2 (Permenant). Select from the available list','Display data','-','-','TODO - Enter list of data separated by a ~',6),(76,90,'Text Box Enter Data: Allowance Amount - Permanent','Enter data','TODO - Enter text that should be entered.','-','-',2),(77,91,'List: Non Taxable Allowance 1 (Permenant). Select from the available list','Display data','-','-','TODO - Enter list of data separated by a ~',6),(78,92,'Text Box Enter Data: Allowance Amount - Permanent','Enter data','TODO - Enter text that should be entered.','-','-',2),(79,93,'List: Non Taxable Allowance 2 (Permenant). Select from the available list','Display data','-','-','TODO - Enter list of data separated by a ~',6),(80,94,'Button Function: Back - Take the user back to step 3','Perform function','-','-','-',1),(81,95,'Button Function: Continue - Should validate the data in step 4 and move to step 5.','Perform function','-','-','-',1),(82,97,'Text Box Enter Data: Annual Salary','Enter data','TODO - Enter text that should be entered.','-','-',2),(83,98,'Text Box Enter Data: Hourly Rate','Enter data','TODO - Enter text that should be entered.','-','-',2),(84,99,'Button Function: Back - Take the user back to step 4','Perform function','-','-','-',1),(85,100,'Button Function: Create Employee - Should create the employee if data is valid. Else the user should be shown the invalid data.','Perform function','-','-','-',1),(86,101,'Header3: Heading ECW Step 1','-','-','-','Basic Details',7),(87,102,'Header3: Heading ECW Step 2','-','-','-','Basic Details',7),(88,103,'Header3: Heading ECW Step 3','-','-','-','Payroll Related Details',7),(89,104,'Header3: Heading ECW Step 4','-','-','-','Permanent Allowances',7),(90,105,'Header3: Heading ECW Step 5','-','-','-','Salary Details',7),(91,49,'Employee Creation Wizard - Step 1 performs function: enter employee basic details','Perform function','-','-','-',5),(92,61,'Employee Creation Wizard - Step 2 performs function: enter employee basic details','Perform function','-','-','-',5),(93,73,'Employee Creation Wizard - Step 3 performs function: enter employee payroll details','Perform function','-','-','-',5),(94,107,'Titlebar: Employee Creation Wizard - Title','-','-','-','Employee Creation Wizard',7),(95,86,'Employee Creation Wizard - Step 4 performs function: enter permanent allowances','Perform function','-','-','-',5),(96,96,'Employee Creation Wizard - Step 5 performs function: enter salary details and create the employee','Perform function','-','-','-',5),(97,109,'Titlebar: Employee CV - Title','-','-','-','Employee Payroll CV',7),(98,110,'Label: Company','-','-','-','Company',7),(99,111,'List: Company List. Select from the available list','Display data','-','-','Mars Northern Products Ltd~Mars Incorporated Ltd',6),(100,112,'Label: Paygroup - Label','-','-','-','Paygroup',7),(101,113,'List: Paygroup - List. Select from the available list','Display data','-','-','Monthly Paygroup',6),(102,114,'Label: Employee - Label','-','-','-','Employees',7),(103,115,'List: Employee - List. Select from the available list','Display data','-','-','#INF#',6),(104,116,'Button Function: Accept Criteria - Load the employees CV','Perform function','-','-','-',1),(105,117,'Text: Accept Criteria - Text','-','-','-','Accept Criteria',3),(106,118,'Container: Bio Info','Container','-','-','-',8),(107,119,'Image: Bio Info - Image','-','-','-','TODO - Enter image filename and extension',3),(108,120,'Header4: Employee Name','-','-','-','TODO - Enter header text',7),(109,121,'Paragraph: Employee Name With Salutation','Paragraph','-','-','TODO - Enter paragraph data',3),(110,122,'Paragraph: Employee Company','Paragraph','-','-','TODO - Enter paragraph data',3),(111,123,'Paragraph: Employee Birthday','Paragraph','-','-','TODO - Enter paragraph data',3),(112,124,'FaFa: User FaFa','-','-','-','fa fa-fw fa fa-user',3),(113,125,'FaFa: Company FaFa','-','-','-','fa fa-fw fa fa-bank',3),(114,126,'FaFa: Birthday FaFa','-','-','-','fa fa-fw fa fa-birthday-cake',3),(115,127,'Container: Bio Content','Container','-','-','-',8),(116,128,'Container: Accordion - CV','Container for accordion keys','-','-','-',8),(117,129,'Acc Key: Accordion - CV - Career','Expand or collapse accordion key','-','-','-',1),(118,131,'Acc Key: Acc Key - CV - Allowance','Expand or collapse accordion key','-','-','-',1),(119,133,'Acc Key: Acc Key - CV - Salary','Expand or collapse accordion key','-','-','-',1),(120,135,'Acc Key: Acc Key - Emp Schedule','Expand or collapse accordion key','-','-','-',1),(121,137,'Acc Key: Acc Key - Working Permit','Expand or collapse accordion key','-','-','-',1),(122,139,'Button Function: Save - Save changes to the CV based on the user response','Perform function','-','-','-',1),(123,141,'Modal Header: Form - Save - Header','Container','-','-','-',8),(124,142,'Modal Title: Form - Save - Title','-','-','-','Save Changes',3),(125,143,'Modal Body: Form - Save - Body','Container','-','-','Are you sure you want to save all changes?',8),(126,144,'Modal Footer: Form - Save - Footer','Container','-','-','-',8),(127,145,'Button Function: Button Ok - Save the changes in the employee CV','Perform function','-','-','-',1),(128,146,'Button Function: Button Cancel - Cancel the save and return to the parent form','Perform function','-','-','-',1),(129,9000,'JSPanel','Element','-','-','-',9),(130,9001,'JSStandard','Element','-','-','-',9),(131,9002,'JSHeader','Element','-','-','-',9),(132,9003,'JSFtr','Element','-','-','-',9),(133,9004,'JSContent','Element','-','-','-',9),(134,9005,'JSMinBox','Element','-','-','-',9),(135,9006,'JSResizeit','Element','-','-','-',9),(136,9007,'JSHeaderLogo','Element','-','-','-',9),(137,9008,'JSTitlebar','Element','-','-','-',9),(138,9009,'JSControlbar','Element','-','-','-',9),(139,9010,'JSHeaderToolbarActive','Element','-','-','-',9),(140,9011,'JSDropdown','Element','-','-','-',9),(141,9012,'JSDropdownToggle','Element','-','-','-',9),(142,9013,'JSDropdownMenu','Element','-','-','-',9),(143,9014,'JSPanelSwitchRotate','Element','-','-','-',9),(144,9015,'JSPanelBtn','Element','-','-','-',9),(145,9016,'JSPanelBtnNormalise','Element','-','-','-',9),(146,9017,'JSPanelBtnExpand','Element','-','-','-',9),(147,9018,'DKGrid','Element','-','-','-',9),(149,9019,'Container: Container','Container','-','-','-',8),(150,9020,'Card','Container','-','-','-',8),(151,9021,'Card Group','Container','-','-','-',8),(152,9022,'Card Element','Element','-','-','-',5),(153,9023,'Card Header','Function','-','-','-',5),(154,9024,'Card Body','Function','-','-','-',5),(155,9025,'Card Title','Data Out','-','-','-',3),(156,151,'Card','Container','-','-','-',8),(162,157,'Card Group','Container','-','-','-',8),(163,158,'Card Element','Element','-','-','-',5),(164,159,'Element Header','Function','-','-','-',5),(165,160,'Card Body','Function','-','-','-',5),(166,161,'Card Title','Data Out','-','-','-',3),(167,162,'Card Element','Element','-','-','-',5),(168,163,'Element Header','Function','-','-','-',5),(169,164,'Card Body','Function','-','-','-',5),(170,165,'Card Title','Data Out','-','-','-',3),(171,167,'Card Group','Container','-','-','-',8),(173,170,'Card Body','Function','-','-','-',5),(174,171,'Card Title','Data Out','-','-','Payroll Statistics - (Gross/Tax/NI Title etc)',3),(175,168,'Card Element','Element','-','-','-',5),(176,166,'Card','Container','-','-','-',8),(177,173,'Element Header','Function','-','-','-',5),(178,174,'Card Body','Function','-','-','-',5),(179,175,'Card Title','Data Out','-','-','Payroll Statistics - Extras Breakdown Report',3),(180,172,'Card Element','Element','-','-','-',5),(181,177,'Element Header','Function','-','-','-',5),(182,178,'Card Body','Function','-','-','-',5),(183,179,'Card Title','Data Out','-','-','Payroll Statistics - Extras Breakdown by Cost Center Report',3),(184,176,'Card Element','Element','-','-','-',5),(185,181,'Element Header','Function','-','-','-',5),(186,182,'Card Body','Function','-','-','-',5),(187,183,'Card Title','Data Out','-','-','Payroll Statistics - Allowance Breakdown Report',3),(188,180,'Card Element','Element','-','-','-',5),(189,185,'Element Header','Function','-','-','-',5),(190,186,'Card Body','Function','-','-','-',5),(191,187,'Card Title','Data Out','-','-','-',3),(192,184,'Card Element','Element','-','-','-',5),(193,189,'Card Header','Function','-','-','-',5),(194,190,'Card Body','Function','-','-','-',5),(195,191,'Card Title','Data Out','-','-','Payroll Statistics - Unions',3),(196,188,'Card Element','Element','-','-','-',5),(197,193,'Card Group','Container','-','-','-',8),(198,194,'Card Element','Element','-','-','-',5),(199,195,'Card Header','Function','-','-','-',5),(200,196,'Card Body','Function','-','-','-',5),(201,197,'Card Title','Data Out','-','-','2020 Payroll Changes',3),(202,192,'Card','Container','-','-','-',8),(203,199,'Card Header','Function','-','-','-',5),(204,200,'Card Body','Function','-','-','-',5),(205,201,'Card Title','Data Out','-','-','2019 Payroll Changes',3),(206,198,'Card Element','Element','-','-','-',5),(207,203,'Card Group','Container','-','-','-',8),(208,204,'Card Element','Element','-','-','-',5),(209,205,'Card Header','Function','-','-','-',5),(210,206,'Card Body','Function','-','-','-',5),(211,207,'Card Title','Data Out','-','-','Absences Consumed',3),(212,202,'Card','Container','-','-','-',8),(213,209,'Card Header','Function','-','-','-',5),(214,210,'Card Body','Function','-','-','-',5),(215,211,'Card Title','Data Out','-','-','Absence Entitlements',3),(216,208,'Card Element','Element','-','-','-',5),(217,213,'Card Header','Function','-','-','',5),(218,214,'Card Body','Function','-','-','-',5),(219,215,'Card Title','Data Out','-','-','Absence Entitlements (Grid View)',3),(220,212,'Card Element','Element','-','-','-',5),(221,9026,'Text Element','Data Out','-','-','TODO - Enter text',3),(222,9027,'Awsome Font Element','-','-','-','TODO - Enter FaFa name',3),(223,9028,'Element Header','Function','-','-','-',5),(226,220,'FaFa: Employee Reports - Card Header - FaFa','-','-','-','fa-fa-male',3),(227,221,'Text: Employee Reports - Card Header - Text Element','-','-','-','Employee Reports',3),(228,216,'Card Header','Function','-','-','-',5),(229,223,'FaFa: Employee Reports - Employee Basic Details Header - FaFa','-','-','-','fa-fa-star',3),(230,225,'FaFa: Employee Reports - Employee Basic Details (Grid View) - Card Header - FaFa','-','-','-','fa-fa-star',3),(231,227,'FaFa: Payroll Reports - Card Header - FaFa','-','-','-','fa-fa-money',3),(232,228,'Text: Payroll Reports - Card Header - Text Element','-','-','-','Payroll Reports',3),(233,226,'Card Header','Function','-','-','-',5),(234,230,'FaFa: Payroll Reports - Element Header - FaFa','-','-','-','fa-fa-star',3),(235,229,'Element Header','Function','-','-','-',5),(237,233,'FaFa: Payroll Statistics - Extras Breakdown Report Header - FaFa','-','-','-','fa-fa-star',3),(238,235,'FaFa: Payroll Reports - Payroll - Extras Breakdown by Cost Center - Card Header - FaFa','-','-','-','fa-fa-star',3),(239,237,'FaFa: Payroll Reports - Payroll - Allowances Breakdown - Card Header - FaFa','-','-','-','fa-fa-star',3),(240,239,'FaFa: Payroll Reports - Payroll Statistics - Bank Cash Payments - Card Header - FaFa','-','-','-','fa-fa-star',3),(241,241,'FaFa: Payroll Reports - Payroll Statistics - Unions - Card Header - FaFa','-','-','-','fa-fa-star',3),(242,243,'FaFa: 2020 Payroll Changes - Element Header - FaFa','-','-','-','fa-fa-star',3),(243,245,'FaFa: 2019 Payroll Changes - Element Header - FaFa','-','-','-','fa-fa-star',3),(244,247,'FaFa: Absences Consumed - Element Header - FaFa','-','-','-','fa-fa-plus',3),(245,249,'FaFa: Absence Entitlements - Element Header - FaFa','-','-','-','fa-fa-ban',3),(246,251,'FaFa: Absence Entitlements (Grid View) - Element Header - FaFa','-','-','-','fa-fa-tablet',3),(247,9029,'Row: Row','Container','-','-','-',8),(248,9030,'Column: Column','Container','-','-','-',8),(249,9031,'JSDropdownMenuHeader','Element','-','-','-',8),(250,252,'JSDropdownMenu','Container','-','-','-',8),(251,254,'Text: My Company / Last Viewed - DropdownMenu - Header - Text Element','-','-','-','My Company / Last Viewed - VARIABLE',3),(252,253,'JSDropdownMenuHeader','Element','-','-','-',8),(253,256,'Column: My Company / Last Viewed - DropdownMenu - Row - Column','Container','-','-','-',8),(254,255,'Row: My Company / Last Viewed - DropdownMenu - Row','Container','-','-','-',8),(255,257,'Contains the image of the employee if available.','-','-','-','VARIABLE',3),(256,258,'Column: My Company / Last Viewed - DropdownMenu - Row - Column 2','Container','-','-','-',8),(257,259,'Text: My Company / Last Viewed - DropdownMenu - Text','-','-','-','VARIABLE',3),(258,260,'Column: My Company / Last Viewed - DropdownMenu - Row - Column 3','Container','-','-','-',8),(259,261,'Text: My Company / Last Viewed - DropdownMenu - Text','-','-','-','VARIABLE',3),(260,262,'JSDropdownMenu','Container','-','-','-',8),(261,264,'Text: All Notifications - DropdownMenu - Header - Text Element','-','-','-','All Notifications',3),(262,263,'JSDropdownMenuHeader','Container','-','-','-',8),(263,9032,'JSDropdownMenuItem','Container','-','-','-',8),(264,265,'JSDropdownMenuItem','Container','-','-','-',8),(265,266,'FaFa: All Notifications - DropdownMenu - Item 1 - FaFa','-','-','-','fa-fa-birthday-cake',3),(266,267,'Text: All Notifications - DropdownMenu - Item 1 - Text','-','-','-','VARIABLE',3),(267,268,'JSDropdownMenuItem','Container','-','-','-',8),(268,269,'FaFa: All Notifications - DropdownMenu - Item 2 - FaFa','-','-','-','fa-fa-hospital',3),(269,270,'Text: All Notifications - DropdownMenu - Item 2 - Text','-','-','-','VARIABLE',3),(270,271,'JSDropdownMenuItem','Container','-','-','-',8),(271,272,'FaFa: All Notifications - DropdownMenu - Item 3 - FaFa','-','-','-','fa-fa-male',3),(272,273,'Text: All Notifications - DropdownMenu - Item 3 - Text','-','-','-','VARIABLE',3),(273,274,'JSDropdownMenu','Container','-','-','-',8),(274,276,'Text: New Employments - DropdownMenu - Header - Text Element','-','-','-','VARIABLE',3),(275,275,'JSDropdownMenuHeader','Container','-','-','-',8),(276,277,'JSDropdownMenu','Container','-','-','-',8),(277,279,'Text: Terminations - DropdownMenu - Header - Text Element','-','-','-','VARIABLE',3),(278,278,'JSDropdownMenuHeader','Container','-','-','-',8),(280,9033,'Nav Link: NavLink - TODO ENTER WHAT IS DISPLAYED','Display child','-','-','-',1),(281,283,'FaFa: User Management - FaFa','-','-','-','fa-fa-user-circle-o',3),(282,280,'Nav Link: User Management - TODO ENTER WHAT IS DISPLAYED','Display child','-','-','-',1),(283,284,'JSDropdownMenu','Container','-','-','-',8),(284,286,'Header5: User Management - Dropdown Menu - Header - Text Element','-','-','-','User Management',7),(285,285,'JSDropdownMenuHeader','Container','-','-','-',8),(286,287,'JSDropdownMenuItem','Container','-','-','-',8),(287,288,'FaFa: User Management - DropdownMenu - Item 1 - FaFA','-','-','-','fa-fa-user',3),(288,289,'Text: User Management - DropdownMenu - Item 1 - Text','-','-','-','User Management',3),(289,290,'JSDropdownMenuItem','Container','-','-','-',8),(290,291,'FaFa: Group Authorisations - DropdownMenu - Item 2 - FaFa','-','-','-','fa-fa-user',3),(291,292,'Text: Group Authorisations - DropdownMenu - Item 2 - Text','-','-','-','Group Authorisations',3),(292,9034,'Nav Pill: NavPill','Display child','-','-','-',1),(293,294,'FaFa: Quick Links - FaFa','-','-','-','fa-fa-folder-open-o',3),(294,293,'Nav Pill: Quick Links','Display child','-','-','-',1),(295,296,'Text: Quick Links - Dropdown Menu - Header - Text Element','-','-','-','Quick Links',3),(296,295,'JSDropdownMenuHeader','Container','-','-','-',8),(297,9035,'Quick Link Grid: Quick Link Grid','Container','-','-','-',8),(298,9037,'Quick Link Grid Title: Quick Link Grid Item Title','-','-','TODO Enter Data Out','-',3),(299,9036,'Quick Link Grid Item: Quick Link Grid Item','Container','-','-','-',8),(302,300,'Quick Link Grid Item: Quick Links - Grid - Quick Link Grid Item','Container','-','-','-',8),(303,301,'FaFa: Quick Links - Grid - FaFa','-','-','-','fa-fa-print',3),(304,297,'Quick Link Grid: Quick Links - Grid','Container','-','-','-',8),(305,302,'Quick Link Grid Title: Quick Links - Grid Item 1 - Title','-','-','Print Queue','-',3),(306,304,'FaFa: Quick Links - Grid- Quick Link Grid Item 2 - FaFa','-','-','-','fa-fa-users',3),(307,305,'Quick Link Grid Title: Quick Links - Grid- Quick Link Grid Item 2 - Quick Link Grid Item Title','-','-','Personnel','-',3),(308,303,'Quick Link Grid Item: Quick Links - Grid- Quick Link Grid Item 2','Container','-','-','-',8),(309,307,'FaFa: Quick Links - Grid- Quick Link Grid Item 3 - FaFa','-','-','-','fa-fa-glass',3),(310,308,'Quick Link Grid Title: Quick Links - Grid- Quick Link Grid Item 3 - Quick Link Grid Item Title','-','-','Absence','-',3),(311,306,'Quick Link Grid Item: Quick Links - Grid- Quick Link Grid Item 3','Container','-','-','-',8),(312,310,'FaFa: Quick Links - Grid- Quick Link Grid Item 4 - FaFa','-','-','-','fa-fa-clock-o',3),(313,311,'Quick Link Grid Title: Quick Links - Grid- Quick Link Grid Item 4 - Quick Link Grid Item Title','-','-','T&A','-',3),(314,309,'Quick Link Grid Item: Quick Links - Grid- Quick Link Grid Item 4','Container','-','-','-',8),(315,312,'JSDropdownMenu','Container','-','-','-',8),(316,9038,'Media Object: Media Object','Container','-','-','-',8),(317,9039,'Media Object Body: Media Object Body','Container','-','-','-',8),(318,314,'Media Object: User Avatar - Dropdown Menu - Header - Text Element','Container','-','-','-',8),(319,313,'JSDropdownMenuHeader','Container','-','-','-',8),(320,316,'Media Object Body: User Avatar - Dropdown Menu - Header - Text Element - Media Object Body','Container','-','-','-',8),(321,317,'Image: Media Body - Image','-','-','-','VARIABLE',3),(322,318,'Header5: Media Body - Header','-','-','-','VARIABLE',7),(323,319,'Text: Media Body - Text','-','-','-','VARIABLE',3),(324,320,'Text: Media Body - Text','-','-','-','VARIABLE',3),(325,9040,'LeftSideBar','Container','-','-','-',9),(326,9041,'NavAccordion','Container','-','-','-',9),(327,9042,'MobileLeftSideHider','Container','-','-','-',9),(328,9043,'MobileLeftSideHider','Container','-','-','-',9),(329,9044,'Button - Redirect: ClickRedirect - TODO ENTER THE DESTINATION OF THE REDIRECT','Redirect to different page','-','-','-',1),(330,9045,'DCJQIcon','-','-','-','-',9),(331,9046,'DisplayBlock','-','-','-','-',8),(332,30,'NavAccordion','Container','-','-','-',9),(333,321,'MobileLeftSideHider','Container','-','-','-',9),(334,9047,'MobileLeftSideHider','Container','-','-','-',9),(335,323,'Text: Employee List - Text Element','-','-','-','Employee List',3),(336,324,'FaFa: Employee List - FaFa','-','-','-','fa-fa-align-left',3),(337,325,'Button - Redirect: Employee List - ClickRedirect - TODO ENTER THE DESTINATION OF THE REDIRECT','Redirect to different page','-','-','-',1),(338,327,'Text: Documents - Text Element','-','-','-','Documents',3),(339,328,'FaFa: Documents - FaFa','-','-','-','fa-fa-file',3),(340,329,'Button - Redirect: Documents - ClickRedirect - TODO ENTER THE DESTINATION OF THE REDIRECT','Redirect to different page','-','-','-',1),(341,330,'MobileLeftSideHider','Container','-','-','-',9),(342,332,'Text: Employees - Text Element','-','-','-','TODO - Enter text',3),(343,333,'FaFa: Employees - FaFa','-','-','-','TODO - Enter FaFa name',3),(344,334,'DCJQIcon','-','-','-','-',9),(345,335,'DisplayBlock','-','-','-','-',8),(346,336,'MobileLeftSideHider','Container','-','-','-',9),(347,331,'SubMenu','Container','-','-','-',9),(348,338,'Text: Employees - Text Element','-','-','-','Employees',3),(349,339,'FaFa: Employees - FaFa','-','-','-','fa-fa-user',3),(350,340,'DCJQIcon','-','-','-','-',9),(351,341,'DisplayBlock','-','-','-','-',8),(352,342,'MobileLeftSideHider','Container','-','-','-',9),(353,344,'Text: Employees - MobileLeftSideHider - Text Element','-','-','-','Employee Details',3),(354,345,'FaFa: Employees - MobileLeftSideHider - FaFa','-','-','-','FaFa-EMPTY',3),(355,346,'Button - Redirect: Employees - MobileLeftSideHider - ClickRedirect - TODO ENTER THE DESTINATION OF THE REDIRECT','Redirect to different page','-','-','-',1),(356,348,'Text: Employee Others - Text Element','-','-','-','Employee Others',3),(357,349,'FaFa: Employee Others - FaFa','-','-','-','fa-fa-male',3),(358,350,'DCJQIcon','-','-','-','-',9),(359,351,'DisplayBlock','-','-','-','-',8),(360,352,'MobileLeftSideHider','Container','-','-','-',9),(361,347,'SubMenu','Container','-','-','-',9),(362,354,'Text: Employee Others - Absence Entitlements - Text Element','-','-','-','Absence Entitlements',3),(363,355,'FaFa: Employee Others - Absence Entitlements - FaFa','-','-','-','FaFa-EMPTY',3),(364,356,'Button - Redirect: Employee Others - Absence Entitlements - ClickRedirect - TODO ENTER THE DESTINATION OF THE REDIRECT','Redirect to different page','-','-','-',1),(365,358,'Text: Payroll - Text Element','-','-','-','Payroll',3),(366,359,'FaFa: Payroll - FaFa','-','-','-','fa-fa-money',3),(367,360,'DCJQIcon','-','-','-','-',9),(368,361,'DisplayBlock','-','-','-','-',8),(369,357,'SubMenu','Container','-','-','-',9),(370,363,'Text: Payroll Statistics - Text Element','-','-','-','Payroll Statistics',3),(371,364,'FaFa: Payroll Statistics - FaFa','-','-','-','fa-fa-list',3),(372,365,'Button - Redirect: Payroll Statistics - ClickRedirect - TODO ENTER THE DESTINATION OF THE REDIRECT','Redirect to different page','-','-','-',1),(373,362,'MobileLeftSideHider','Container','-','-','-',9),(374,367,'Text: Employee Statistics - Text Element','-','-','-','Employee Statistics',3),(375,368,'FaFa: Employee Statistics - FaFa','-','-','-','fa-fa-list',3),(376,369,'DCJQIcon','-','-','-','-',9),(377,370,'DisplayBlock','-','-','-','-',8),(378,366,'SubMenu','Container','-','-','-',9),(379,372,'Text: Absence Statistics - Text Element','-','-','-','Absence Statistics',3),(380,373,'FaFa: Absence Statistics - FaFa','-','-','-','fa-fa-list',3),(381,374,'DCJQIcon','-','-','-','-',9),(382,375,'DisplayBlock','-','-','-','-',8),(383,371,'SubMenu','Container','-','-','-',9),(384,377,'Text: Reports - Text Element','-','-','-','Reports',3),(385,378,'FaFa: Reports - FaFa','-','-','-','fa-fa-print',3),(386,379,'DCJQIcon','-','-','-','-',9),(387,380,'DisplayBlock','-','-','-','-',8),(388,376,'SubMenu','Container','-','-','-',9),(389,382,'Text: Monthly Reports - Text Element','-','-','-','Monthly Reports',3),(390,383,'FaFa: Monthly Reports - FaFa','-','-','-','fa-fa-clock-o',3),(391,384,'Button - Redirect: Monthly Reports - ClickRedirect - TODO ENTER THE DESTINATION OF THE REDIRECT','Redirect to different page','-','-','-',1),(392,381,'MobileLeftSideHider','Container','-','-','-',9),(393,386,'Text: Yearly Reports - Text Element','-','-','-','Yearly Reports',3),(394,387,'FaFa: Yearly Reports - FaFa','-','-','-','fa-fa-calendar',3),(395,388,'Button - Redirect: Yearly Reports - ClickRedirect - TODO ENTER THE DESTINATION OF THE REDIRECT','Redirect to different page','-','-','-',1),(396,385,'MobileLeftSideHider','Container','-','-','-',9),(397,389,'SubMenu','Container','-','-','-',9),(398,391,'Text: Bulk Updates - Text Element','-','-','-','Bulk Updates',3),(399,392,'FaFa: Bulk Updates - FaFa','-','-','-','fa-fa-cube',3),(400,393,'DCJQIcon','-','-','-','-',9),(401,394,'DisplayBlock','-','-','-','-',8),(402,396,'Text: Settings - Text Element','-','-','-','Settings',3),(403,397,'FaFa: Settings - FaFa','-','-','-','fa-fa-cogs',3),(404,398,'Button - Redirect: Settings - ClickRedirect - TODO ENTER THE DESTINATION OF THE REDIRECT','Redirect to different page','-','-','-',1),(405,395,'MobileLeftSideHider','Container','-','-','-',9),(406,400,'Text: Employees - Contact Numbers - Text Element','-','-','-','Contact Numbers',3),(407,401,'FaFa: Employees - Contact Numbers - FaFa','-','-','-','FaFa-EMPTY',3),(408,402,'Button - Redirect: Employees - Contact Numbers - ClickRedirect - TODO ENTER THE DESTINATION OF THE REDIRECT','Redirect to different page','-','-','-',1),(409,399,'MobileLeftSideHider','Container','-','-','-',9),(410,404,'Text: Employees - Banks - Text Element','-','-','-','Banks',3),(411,405,'FaFa: Employees - Banks - FaFa','-','-','-','FaFa-EMPTY',3),(412,406,'Button - Redirect: Employees - Banks - ClickRedirect - TODO ENTER THE DESTINATION OF THE REDIRECT','Redirect to different page','-','-','-',1),(413,403,'MobileLeftSideHider','Container','-','-','-',9),(414,408,'Text: Employees - Salary Details - Text Element','-','-','-','Salary Details',3),(415,409,'FaFa: Employees - Salary Details - FaFa','-','-','-','FaFa-EMPTY',3),(416,410,'Button - Redirect: Employees - Salary Details - ClickRedirect - TODO ENTER THE DESTINATION OF THE REDIRECT','Redirect to different page','-','-','-',1),(417,407,'MobileLeftSideHider','Container','-','-','-',9),(418,412,'Text: Employees - Career Progression - Text Element','-','-','-','Career Progression',3),(419,413,'FaFa: Employees - Career Progression - FaFa','-','-','-','FaFa-EMPTY',3),(420,414,'Button - Redirect: Employees - Career Progression - ClickRedirect - TODO ENTER THE DESTINATION OF THE REDIRECT','Redirect to different page','-','-','-',1),(421,411,'MobileLeftSideHider','Container','-','-','-',9),(422,416,'Text: Employees - Schedule - Text Element','-','-','-','Schedule',3),(423,417,'FaFa: Employees - Schedule - FaFa','-','-','-','FaFa-EMPTY',3),(424,418,'Button - Redirect: Employees - Schedule - ClickRedirect - TODO ENTER THE DESTINATION OF THE REDIRECT','Redirect to different page','-','-','-',1),(425,415,'MobileLeftSideHider','Container','-','-','-',9),(426,420,'Text: Employees - Permanent Allowances - Text Element','-','-','-','Permanent Allowances',3),(427,421,'FaFa: Employees - Permanent Allowances - FaFa','-','-','-','FaFa-EMPTY',3),(428,422,'Button - Redirect: Employees - Permanent Allowances - ClickRedirect - TODO ENTER THE DESTINATION OF THE REDIRECT','Redirect to different page','-','-','-',1),(429,419,'MobileLeftSideHider','Container','-','-','-',9),(430,424,'Text: Employees - Previous Employment - Text Element','-','-','-','Previous Employment',3),(431,425,'FaFa: Employees - Previous Employment - FaFa','-','-','-','FaFa-EMPTY',3),(432,426,'Button - Redirect: Employees - Previous Employment - ClickRedirect - TODO ENTER THE DESTINATION OF THE REDIRECT','Redirect to different page','-','-','-',1),(433,423,'MobileLeftSideHider','Container','-','-','-',9),(434,428,'Text: Employees - Unions - Text Element','-','-','-','Unions',3),(435,429,'FaFa: Employees - Unions - FaFa','-','-','-','FaFa-EMPTY',3),(436,430,'Button - Redirect: Employees - Unions - ClickRedirect - TODO ENTER THE DESTINATION OF THE REDIRECT','Redirect to different page','-','-','-',1),(437,427,'MobileLeftSideHider','Container','-','-','-',9),(438,432,'Text: Employee Others - Advances & Payment - Text Element','-','-','-','Advances & Payments',3),(439,433,'FaFa: Employee Others - Advances & Payment - FaFa','-','-','-','FaFa-EMPTY',3),(440,434,'Button - Redirect: Employee Others - Advances & Payment - ClickRedirect - TODO ENTER THE DESTINATION OF THE REDIRECT','Redirect to different page','-','-','-',1),(441,431,'MobileLeftSideHider','Container','-','-','-',9),(442,436,'Text: Employee Others - Tax Arrears - Text Element','-','-','-','Tax Arrears',3),(443,437,'FaFa: Employee Others - Tax Arrears - FaFa','-','-','-','FaFa-EMPTY',3),(444,438,'Button - Redirect: Employee Others - Tax Arrears - ClickRedirect - TODO ENTER THE DESTINATION OF THE REDIRECT','Redirect to different page','-','-','-',1),(445,435,'MobileLeftSideHider','Container','-','-','-',9),(446,440,'Text: Employee Others - Loans - Text Element','-','-','-','Loans',3),(447,441,'FaFa: Employee Others - Loans - FaFa','-','-','-','FaFa-EMPTY',3),(448,442,'Button - Redirect: Employee Others - Loans - ClickRedirect - TODO ENTER THE DESTINATION OF THE REDIRECT','Redirect to different page','-','-','-',1),(449,439,'MobileLeftSideHider','Container','-','-','-',9),(450,444,'Text: Employee Others - Pensions - Text Element','-','-','-','Pensions',3),(451,445,'FaFa: Employee Others - Pensions - FaFa','-','-','-','FaFa-EMPTY',3),(452,446,'Button - Redirect: Employee Others - Pensions - ClickRedirect - TODO ENTER THE DESTINATION OF THE REDIRECT','Redirect to different page','-','-','-',1),(453,443,'MobileLeftSideHider','Container','-','-','-',9),(454,448,'Text: Employee Others - Covid-19 Supplement - Text Element','-','-','-','Covid-19 Supplement',3),(455,449,'FaFa: Employee Others - Covid-19 Supplement - FaFa','-','-','-','FaFa-EMPTY',3),(456,450,'Button - Redirect: Employee Others - Covid-19 Supplement - ClickRedirect - TODO ENTER THE DESTINATION OF THE REDIRECT','Redirect to different page','-','-','-',1),(457,447,'MobileLeftSideHider','Container','-','-','-',9),(458,452,'Text: Payroll - Initialise Payroll - Text Element','-','-','-','Initialise Payroll',3),(459,453,'FaFa: Payroll - Initialise Payroll - FaFa','-','-','-','FaFa-EMPTY',3),(460,454,'Button - Redirect: Payroll - Initialise Payroll - ClickRedirect - TODO ENTER THE DESTINATION OF THE REDIRECT','Redirect to different page','-','-','-',1),(461,451,'MobileLeftSideHider','Container','-','-','-',9),(462,456,'Text: Payroll - Payroll Details DrillDown - Text Element','-','-','-','Payroll Details DrillDown',3),(463,457,'FaFa: Payroll - Payroll Details DrillDown - FaFa','-','-','-','FaFa-EMPTY',3),(464,458,'Button - Redirect: Payroll - Payroll Details DrillDown - ClickRedirect - TODO ENTER THE DESTINATION OF THE REDIRECT','Redirect to different page','-','-','-',1),(465,455,'MobileLeftSideHider','Container','-','-','-',9),(466,460,'Text: Payroll - Detailed Adjustments - Text Element','-','-','-','Detailed Adjustments',3),(467,461,'FaFa: Payroll - Detailed Adjustments - FaFa','-','-','-','FaFa-EMPTY',3),(468,462,'Button - Redirect: Payroll - Detailed Adjustments - ClickRedirect - TODO ENTER THE DESTINATION OF THE REDIRECT','Redirect to different page','-','-','-',1),(469,459,'MobileLeftSideHider','Container','-','-','-',9),(470,464,'Text: Payroll - Global Adjustments - Text Element','-','-','-','Global Adjustments',3),(471,465,'FaFa: Payroll - Global Adjustments - FaFa','-','-','-','FaFa-EMPTY',3),(472,466,'Button - Redirect: Payroll - Global Adjustments - ClickRedirect - TODO ENTER THE DESTINATION OF THE REDIRECT','Redirect to different page','-','-','-',1),(473,463,'MobileLeftSideHider','Container','-','-','-',9),(474,468,'Text: Payroll - Global Absences - Text Element','-','-','-','Global Absences',3),(475,469,'FaFa: Payroll - Global Absences - FaFa','-','-','-','FaFa-EMPTY',3),(476,470,'Button - Redirect: Payroll - Global Absences - ClickRedirect - TODO ENTER THE DESTINATION OF THE REDIRECT','Redirect to different page','-','-','-',1),(477,467,'MobileLeftSideHider','Container','-','-','-',9),(478,472,'Text: Payroll - Global Extras - Text Element','-','-','-','Global Extras',3),(479,473,'FaFa: Payroll - Global Extras - FaFa','-','-','-','FaFa-EMPTY',3),(480,474,'Button - Redirect: Payroll - Global Extras - ClickRedirect - TODO ENTER THE DESTINATION OF THE REDIRECT','Redirect to different page','-','-','-',1),(481,471,'MobileLeftSideHider','Container','-','-','-',9),(482,476,'Text: Payroll - Calculate Payroll - Text Element','-','-','-','Calculate Payroll',3),(483,477,'FaFa: Payroll - Calculate Payroll - FaFa','-','-','-','FaFa-EMPTY',3),(484,478,'Button - Redirect: Payroll - Calculate Payroll - ClickRedirect - TODO ENTER THE DESTINATION OF THE REDIRECT','Redirect to different page','-','-','-',1),(485,475,'MobileLeftSideHider','Container','-','-','-',9),(486,480,'Text: Payroll - Close & Lock Payroll - Text Element','-','-','-','Close & Lock Payroll',3),(487,481,'FaFa: Payroll - Close & Lock Payroll - FaFa','-','-','-','FaFa-EMPTY',3),(488,482,'Button - Redirect: Payroll - Close & Lock Payroll - ClickRedirect - TODO ENTER THE DESTINATION OF THE REDIRECT','Redirect to different page','-','-','-',1),(489,479,'MobileLeftSideHider','Container','-','-','-',9),(490,484,'Text: Payroll - Payroll Details - Text Element','-','-','-','Payroll Details',3),(491,485,'FaFa: Payroll - Payroll Details - FaFa','-','-','-','FaFa-EMPTY',3),(492,486,'Button - Redirect: Payroll - Payroll Details - ClickRedirect - TODO ENTER THE DESTINATION OF THE REDIRECT','Redirect to different page','-','-','-',1),(493,483,'MobileLeftSideHider','Container','-','-','-',9),(494,488,'Text: Payroll - Excel Payroll Uploads - Text Element','-','-','-','Excel Payroll Uploads',3),(495,489,'FaFa: Payroll - Excel Payroll Uploads - FaFa','-','-','-','FaFa-EMPTY',3),(496,490,'Button - Redirect: Payroll - Excel Payroll Uploads - ClickRedirect - TODO ENTER THE DESTINATION OF THE REDIRECT','Redirect to different page','-','-','-',1),(497,487,'MobileLeftSideHider','Container','-','-','-',9),(498,492,'Text: Payroll - Calculation Statistics - Text Element','-','-','-','Calculation Statistics',3),(499,493,'FaFa: Payroll - Calculation Statistics - FaFa','-','-','-','FaFa-EMPTY',3),(500,494,'Button - Redirect: Payroll - Calculation Statistics - ClickRedirect - TODO ENTER THE DESTINATION OF THE REDIRECT','Redirect to different page','-','-','-',1),(501,491,'MobileLeftSideHider','Container','-','-','-',9),(502,496,'Text: Employee Statistics - Payslip Quick View - Text Element','-','-','-','Payslip Quick View',3),(503,497,'FaFa: Employee Statistics - Payslip Quick View - FaFa','-','-','-','FaFa-EMPTY',3),(504,498,'Button - Redirect: Employee Statistics - Payslip Quick View - ClickRedirect - TODO ENTER THE DESTINATION OF THE REDIRECT','Redirect to different page','-','-','-',1),(505,495,'MobileLeftSideHider','Container','-','-','-',9),(506,500,'Text: Employee Statistics - FS3 Quick View - Text Element','-','-','-','FS3 Quick View',3),(507,501,'FaFa: Employee Statistics - FS3 Quick View - FaFa','-','-','-','FaFa-EMPTY',3),(508,502,'Button - Redirect: Employee Statistics - FS3 Quick View - ClickRedirect - TODO ENTER THE DESTINATION OF THE REDIRECT','Redirect to different page','-','-','-',1),(509,499,'MobileLeftSideHider','Container','-','-','-',9),(510,504,'Text: Employee Statistics - Employee Payroll Statistics - Text Element','-','-','-','Employee Payroll Statistics',3),(511,505,'FaFa: Employee Statistics - Employee Payroll Statistics - FaFa','-','-','-','FaFa-EMPTY',3),(512,506,'Button - Redirect: Employee Statistics - Employee Payroll Statistics - ClickRedirect - TODO ENTER THE DESTINATION OF THE REDIRECT','Redirect to different page','-','-','-',1),(513,503,'MobileLeftSideHider','Container','-','-','-',9),(514,508,'Text: Absence Statistics - Employee Accrurals - Text Element','-','-','-','Employee Accruals',3),(515,509,'FaFa: Absence Statistics - Employee Accruals - FaFa','-','-','-','FaFa-EMPTY',3),(516,510,'Button - Redirect: Absence Statistics - Employee Accrurals - ClickRedirect - TODO ENTER THE DESTINATION OF THE REDIRECT','Redirect to different page','-','-','-',1),(517,507,'MobileLeftSideHider','Container','-','-','-',9),(518,512,'Text: Absence Statistics - Other Absence Statistics - Text Element','-','-','-','Other Absence Statistics',3),(519,513,'FaFa: Absence Statistics - Other Absence Statistics - FaFa','-','-','-','FaFa-EMPTY',3),(520,514,'Button - Redirect: Absence Statistics - Other Absence Statistics - ClickRedirect - TODO ENTER THE DESTINATION OF THE REDIRECT','Redirect to different page','-','-','-',1),(521,511,'MobileLeftSideHider','Container','-','-','-',9),(522,516,'Text: Reports - Payroll Reports - Text Element','-','-','-','Payroll Reports',3),(523,517,'FaFa: Reports - Payroll Reports - FaFa','-','-','-','FaFa-EMPTY',3),(524,518,'Button - Redirect: Reports - Payroll Reports - ClickRedirect - TODO ENTER THE DESTINATION OF THE REDIRECT','Redirect to different page','-','-','-',1),(525,515,'MobileLeftSideHider','Container','-','-','-',9),(526,520,'Text: Reports - Payslips - Text Element','-','-','-','Payslips',3),(527,521,'FaFa: Reports - Payslips - FaFa','-','-','-','FaFa-EMPTY',3),(528,522,'Button - Redirect: Reports - Payslips - ClickRedirect - TODO ENTER THE DESTINATION OF THE REDIRECT','Redirect to different page','-','-','-',1),(529,519,'MobileLeftSideHider','Container','-','-','-',9),(530,524,'Text: Reports - Direct Credits - Text Element','-','-','-','Direct Credits',3),(531,525,'FaFa: Reports - Direct Credits - FaFa','-','-','-','FaFa-EMPTY',3),(532,526,'Button - Redirect: Reports - Direct Credits - ClickRedirect - TODO ENTER THE DESTINATION OF THE REDIRECT','Redirect to different page','-','-','-',1),(533,523,'MobileLeftSideHider','Container','-','-','-',9),(534,528,'Text: Reports - Global Payroll Analysis - Text Element','-','-','-','Global Payroll Analysis',3),(535,529,'FaFa: Reports - Global Payroll Analysis - FaFa','-','-','-','FaFa-EMPTY',3),(536,530,'Button - Redirect: Reports - Global Payroll Analysis - ClickRedirect - TODO ENTER THE DESTINATION OF THE REDIRECT','Redirect to different page','-','-','-',1),(537,527,'MobileLeftSideHider','Container','-','-','-',9),(538,532,'Text: Reports - Cheque Printing - Text Element','-','-','-','Cheque Printing',3),(539,533,'FaFa: Reports - Cheque Printing - FaFa','-','-','-','FaFa-EMPTY',3),(540,534,'Button - Redirect: Reports - Cheque Printing - ClickRedirect - TODO ENTER THE DESTINATION OF THE REDIRECT','Redirect to different page','-','-','-',1),(541,531,'MobileLeftSideHider','Container','-','-','-',9),(542,536,'Text: Reports - Adjustments Reports - Text Element','-','-','-','Adjustments Reports',3),(543,537,'FaFa: Reports - Adjustments Reports - FaFa','-','-','-','FaFa-EMPTY',3),(544,538,'Button - Redirect: Reports - Adjustments Reports - ClickRedirect - TODO ENTER THE DESTINATION OF THE REDIRECT','Redirect to different page','-','-','-',1),(545,535,'MobileLeftSideHider','Container','-','-','-',9),(546,540,'Text: Reports - HR Related Reports - Text Element','-','-','-','HR Related Reports',3),(547,541,'FaFa: Reports - HR Related Reports - FaFa','-','-','-','FaFa-EMPTY',3),(548,542,'Button - Redirect: Reports - HR Related Reports - ClickRedirect - TODO ENTER THE DESTINATION OF THE REDIRECT','Redirect to different page','-','-','-',1),(549,539,'MobileLeftSideHider','Container','-','-','-',9),(550,544,'Text: Reports - Absence Related Reports - Text Element','-','-','-','Absence Related Reports',3),(551,545,'FaFa: Reports - Absence Related Reports - FaFa','-','-','-','FaFa-EMPTY',3),(552,546,'Button - Redirect: Reports - Absence Related Reports - ClickRedirect - TODO ENTER THE DESTINATION OF THE REDIRECT','Redirect to different page','-','-','-',1),(553,543,'MobileLeftSideHider','Container','-','-','-',9),(554,548,'Text: Bulk Updates - COLA Salary Updates - Text Element','-','-','-','COLA Salary Updates',3),(555,549,'FaFa: Bulk Updates - COLA Salary Updates - FaFa','-','-','-','FaFa-EMPTY',3),(556,550,'Button - Redirect: Bulk Updates - COLA Salary Updates - ClickRedirect - TODO ENTER THE DESTINATION OF THE REDIRECT','Redirect to different page','-','-','-',1),(557,547,'MobileLeftSideHider','Container','-','-','-',9),(558,552,'Text: Bulk Updates - Employee Creation - Text Element','-','-','-','Employee Creation',3),(559,553,'FaFa: Bulk Updates - Employee Creation - FaFa','-','-','-','FaFa-EMPTY',3),(560,554,'Button - Redirect: Bulk Updates - Employee Creation - ClickRedirect - TODO ENTER THE DESTINATION OF THE REDIRECT','Redirect to different page','-','-','-',1),(561,551,'MobileLeftSideHider','Container','-','-','-',9);
/*!40000 ALTER TABLE `entity_action` ENABLE KEYS */;
UNLOCK TABLES;

--
-- Table structure for table `entity_action_type`
--

DROP TABLE IF EXISTS `entity_action_type`;
/*!40101 SET @saved_cs_client     = @@character_set_client */;
 SET character_set_client = utf8mb4 ;
CREATE TABLE `entity_action_type` (
  `id` int(10) unsigned NOT NULL,
  `entity_action_type_parent_id` int(10) unsigned NOT NULL,
  `entity_action_type_name` varchar(45) NOT NULL,
  PRIMARY KEY (`id`,`entity_action_type_parent_id`),
  UNIQUE KEY `id_UNIQUE` (`id`),
  KEY `fk_entity_action_type_entity_action_type1_idx` (`entity_action_type_parent_id`),
  CONSTRAINT `fk_entity_action_type_entity_action_type1` FOREIGN KEY (`entity_action_type_parent_id`) REFERENCES `entity_action_type` (`id`)
) ENGINE=InnoDB DEFAULT CHARSET=utf8;
/*!40101 SET character_set_client = @saved_cs_client */;

--
-- Dumping data for table `entity_action_type`
--

LOCK TABLES `entity_action_type` WRITE;
/*!40000 ALTER TABLE `entity_action_type` DISABLE KEYS */;
INSERT INTO `entity_action_type` VALUES (1,1,'Click\r'),(2,2,'Data In\r'),(3,3,'Data Out\r'),(4,4,'Data InOut\r'),(5,5,'Function\r'),(6,6,'Select'),(7,7,'Info'),(8,8,'Container'),(9,9,'Element');
/*!40000 ALTER TABLE `entity_action_type` ENABLE KEYS */;
UNLOCK TABLES;

--
-- Table structure for table `entity_can_have_action`
--

DROP TABLE IF EXISTS `entity_can_have_action`;
/*!40101 SET @saved_cs_client     = @@character_set_client */;
 SET character_set_client = utf8mb4 ;
CREATE TABLE `entity_can_have_action` (
  `entity_action_id` int(10) unsigned NOT NULL,
  `entity_id` int(10) unsigned NOT NULL,
  `entity_entity_id` int(10) unsigned NOT NULL,
  PRIMARY KEY (`entity_action_id`,`entity_id`,`entity_entity_id`),
  UNIQUE KEY `entity_id_version_action_id` (`entity_action_id`),
  KEY `fk_entity_can_have_action_entity1_idx` (`entity_id`,`entity_entity_id`),
  CONSTRAINT `fk_entity_can_have_action_entity1` FOREIGN KEY (`entity_id`, `entity_entity_id`) REFERENCES `entity` (`id`, `entity_id`) ON DELETE CASCADE ON UPDATE CASCADE,
  CONSTRAINT `fk_entity_has_entity_action_entity_action1` FOREIGN KEY (`entity_action_id`, `entity_id`) REFERENCES `entity_action` (`id`, `entity_id`) ON DELETE CASCADE ON UPDATE CASCADE
) ENGINE=InnoDB DEFAULT CHARSET=utf8;
/*!40101 SET character_set_client = @saved_cs_client */;

--
-- Dumping data for table `entity_can_have_action`
--

LOCK TABLES `entity_can_have_action` WRITE;
/*!40000 ALTER TABLE `entity_can_have_action` DISABLE KEYS */;
INSERT INTO `entity_can_have_action` VALUES (2,5,5),(4,7,7),(5,8,8),(6,11,11),(7,12,12),(8,13,13),(9,14,14),(10,16,16),(11,17,17),(12,18,18),(13,19,19),(14,20,20),(15,21,21),(16,22,22),(17,23,23),(18,24,24),(19,25,25),(20,26,26),(21,27,27),(22,28,28),(23,31,31),(24,32,32),(25,33,33),(26,34,34),(27,35,35),(28,36,36),(29,37,37),(30,38,38),(31,39,39),(32,40,40),(33,41,41),(34,43,43),(35,44,44),(36,45,45),(37,46,46),(38,47,47),(39,50,50),(40,51,51),(41,52,52),(42,53,53),(43,54,54),(44,55,55),(45,56,56),(46,57,57),(47,58,58),(48,59,59),(49,60,60),(50,62,62),(51,63,63),(52,64,64),(53,65,65),(54,66,66),(55,67,67),(56,68,68),(57,69,69),(58,70,70),(59,71,71),(60,72,72),(61,74,74),(62,75,75),(63,76,76),(64,77,77),(65,78,78),(66,79,79),(67,80,80),(68,81,81),(69,82,82),(70,83,83),(71,84,84),(72,85,85),(73,87,87),(74,88,88),(75,89,89),(76,90,90),(77,91,91),(78,92,92),(79,93,93),(80,94,94),(81,95,95),(82,97,97),(83,98,98),(84,99,99),(85,100,100),(86,101,101),(87,102,102),(88,103,103),(89,104,104),(90,105,105),(91,49,49),(92,61,61),(93,73,73),(94,107,107),(95,86,86),(96,96,96),(97,109,109),(98,110,110),(99,111,111),(100,112,112),(101,113,113),(102,114,114),(103,115,115),(104,116,116),(105,117,117),(106,118,118),(107,119,119),(108,120,120),(109,121,121),(110,122,122),(111,123,123),(112,124,124),(113,125,125),(114,126,126),(115,127,127),(116,128,128),(117,129,129),(118,131,131),(119,133,133),(120,135,135),(121,137,137),(122,139,139),(123,141,141),(124,142,142),(125,143,143),(126,144,144),(127,145,145),(128,146,146),(129,9000,9000),(130,9001,9001),(131,9002,9002),(132,9003,9003),(133,9004,9004),(134,9005,9005),(135,9006,9006),(136,9007,9007),(137,9008,9008),(138,9009,9009),(139,9010,9010),(140,9011,9011),(141,9012,9012),(142,9013,9013),(143,9014,9014),(144,9015,9015),(145,9016,9016),(146,9017,9017),(147,9018,9018),(149,9019,9019),(150,9020,9020),(151,9021,9021),(153,9023,9023),(154,9024,9024),(155,9025,9025),(156,151,151),(162,157,157),(163,158,158),(164,159,159),(165,160,160),(166,161,161),(167,162,162),(168,163,163),(169,164,164),(170,165,165),(171,167,167),(173,170,170),(174,171,171),(175,168,168),(176,166,166),(177,173,173),(178,174,174),(179,175,175),(180,172,172),(181,177,177),(182,178,178),(183,179,179),(184,176,176),(185,181,181),(186,182,182),(187,183,183),(188,180,180),(189,185,185),(190,186,186),(191,187,187),(192,184,184),(193,189,189),(194,190,190),(195,191,191),(196,188,188),(197,193,193),(198,194,194),(199,195,195),(200,196,196),(201,197,197),(202,192,192),(203,199,199),(204,200,200),(205,201,201),(206,198,198),(207,203,203),(208,204,204),(209,205,205),(210,206,206),(211,207,207),(212,202,202),(213,209,209),(214,210,210),(215,211,211),(216,208,208),(217,213,213),(218,214,214),(219,215,215),(220,212,212),(221,9026,9026),(222,9027,9027),(223,9028,9028),(226,220,220),(227,221,221),(228,216,216),(229,223,223),(230,225,225),(231,227,227),(232,228,228),(233,226,226),(234,230,230),(235,229,229),(237,233,233),(238,235,235),(239,237,237),(240,239,239),(241,241,241),(242,243,243),(243,245,245),(244,247,247),(245,249,249),(246,251,251),(247,9029,9029),(248,9030,9030),(249,9031,9031),(250,252,252),(251,254,254),(252,253,253),(253,256,256),(254,255,255),(255,257,257),(256,258,258),(257,259,259),(258,260,260),(259,261,261),(260,262,262),(261,264,264),(262,263,263),(263,9032,9032),(264,265,265),(265,266,266),(266,267,267),(267,268,268),(268,269,269),(269,270,270),(270,271,271),(271,272,272),(272,273,273),(273,274,274),(274,276,276),(275,275,275),(276,277,277),(277,279,279),(278,278,278),(280,9033,9033),(281,283,283),(282,280,280),(283,284,284),(284,286,286),(285,285,285),(286,287,287),(287,288,288),(288,289,289),(289,290,290),(290,291,291),(291,292,292),(292,9034,9034),(293,294,294),(294,293,293),(295,296,296),(296,295,295),(297,9035,9035),(298,9037,9037),(299,9036,9036),(302,300,300),(303,301,301),(304,297,297),(305,302,302),(306,304,304),(307,305,305),(308,303,303),(309,307,307),(310,308,308),(311,306,306),(312,310,310),(313,311,311),(314,309,309),(315,312,312),(316,9038,9038),(317,9039,9039),(318,314,314),(319,313,313),(320,316,316),(321,317,317),(322,318,318),(323,319,319),(324,320,320),(325,9040,9040),(326,9041,9041),(327,9042,9042),(328,9043,9043),(329,9044,9044),(330,9045,9045),(331,9046,9046),(332,30,30),(333,321,31),(334,9047,31),(335,323,322),(336,324,323),(337,325,324),(338,327,326),(339,328,327),(340,329,328),(341,330,32),(342,332,330),(343,333,331),(344,334,332),(345,335,333),(346,336,334),(347,331,329),(348,338,336),(349,339,337),(350,340,338),(351,341,339),(352,342,340),(353,344,342),(354,345,343),(355,346,344),(356,348,346),(357,349,347),(358,350,348),(359,351,349),(360,352,350),(361,347,33),(362,354,352),(363,355,353),(364,356,354),(365,358,356),(366,359,357),(367,360,358),(368,361,359),(369,357,34),(370,363,361),(371,364,362),(372,365,363),(373,362,35),(374,367,365),(375,368,366),(376,369,367),(377,370,368),(378,366,364),(379,372,370),(380,373,371),(381,374,372),(382,375,373),(383,371,36),(384,377,375),(385,378,376),(386,379,377),(387,380,378),(388,376,37),(389,382,380),(390,383,381),(391,384,382),(392,381,38),(393,386,384),(394,387,385),(395,388,386),(396,385,39),(397,389,40),(398,391,388),(399,392,389),(400,393,390),(401,394,391),(402,396,393),(403,397,394),(404,398,395),(405,395,41),(406,400,397),(407,401,398),(408,402,399),(409,399,396),(410,404,401),(411,405,402),(412,406,403),(413,403,400),(414,408,405),(415,409,406),(416,410,407),(417,407,404),(418,412,409),(419,413,410),(420,414,411),(421,411,408),(422,416,413),(423,417,414),(424,418,415),(425,415,412),(426,420,417),(427,421,418),(428,422,419),(429,419,416),(430,424,421),(431,425,422),(432,426,423),(433,423,420),(434,428,425),(435,429,426),(436,430,427),(437,427,424),(438,432,429),(439,433,430),(440,434,431),(441,431,428),(442,436,433),(443,437,434),(444,438,435),(445,435,432),(446,440,437),(447,441,438),(448,442,439),(449,439,436),(450,444,441),(451,445,442),(452,446,443),(453,443,440),(454,448,445),(455,449,446),(456,450,447),(457,447,444),(458,452,449),(459,453,450),(460,454,451),(461,451,448),(462,456,453),(463,457,454),(464,458,455),(465,455,452),(466,460,457),(467,461,458),(468,462,459),(469,459,456),(470,464,461),(471,465,462),(472,466,463),(473,463,460),(474,468,465),(475,469,466),(476,470,467),(477,467,464),(478,472,469),(479,473,470),(480,474,471),(481,471,468),(482,476,473),(483,477,474),(484,478,475),(485,475,472),(486,480,477),(487,481,478),(488,482,479),(489,479,476),(490,484,481),(491,485,482),(492,486,483),(493,483,480),(494,488,485),(495,489,486),(496,490,487),(497,487,484),(498,492,489),(499,493,490),(500,494,491),(501,491,488),(502,496,493),(503,497,494),(504,498,495),(505,495,492),(506,500,497),(507,501,498),(508,502,499),(509,499,496),(510,504,501),(511,505,502),(512,506,503),(513,503,500),(514,508,505),(515,509,506),(516,510,507),(517,507,504),(518,512,509),(519,513,510),(520,514,511),(521,511,508),(522,516,513),(523,517,514),(524,518,515),(525,515,512),(526,520,517),(527,521,518),(528,522,519),(529,519,516),(530,524,521),(531,525,522),(532,526,523),(533,523,520),(534,528,525),(535,529,526),(536,530,527),(537,527,524),(538,532,529),(539,533,530),(540,534,531),(541,531,528),(542,536,533),(543,537,534),(544,538,535),(545,535,532),(546,540,537),(547,541,538),(548,542,539),(549,539,536),(550,544,541),(551,545,542),(552,546,543),(553,543,540),(554,548,545),(555,549,546),(556,550,547),(557,547,544),(558,552,549),(559,553,550),(560,554,551),(561,551,548);
/*!40000 ALTER TABLE `entity_can_have_action` ENABLE KEYS */;
UNLOCK TABLES;

--
-- Table structure for table `entity_details`
--

DROP TABLE IF EXISTS `entity_details`;
/*!40101 SET @saved_cs_client     = @@character_set_client */;
 SET character_set_client = utf8mb4 ;
CREATE TABLE `entity_details` (
  `id` int(10) unsigned NOT NULL AUTO_INCREMENT,
  `entity_id` int(10) unsigned NOT NULL,
  `description` text,
  `date_added` date NOT NULL,
  `creation_type` enum('AUTO','MAN') NOT NULL DEFAULT 'MAN' COMMENT 'AUTO: The test was not in the DB when run from the TestBench (TB) so the TB added it to this DB.\nMAN: The test was added to this DB before it was run in the TB.\n\nNote: the name of the test case should match that in the TB or another TC will be added.',
  `last_tested_date` date DEFAULT NULL,
  `last_tested_time` time DEFAULT NULL,
  PRIMARY KEY (`id`,`entity_id`),
  UNIQUE KEY `id_UNIQUE` (`id`),
  UNIQUE KEY `entity_id_UNIQUE` (`entity_id`)
) ENGINE=InnoDB AUTO_INCREMENT=582 DEFAULT CHARSET=utf8;
/*!40101 SET character_set_client = @saved_cs_client */;

--
-- Dumping data for table `entity_details`
--

LOCK TABLES `entity_details` WRITE;
/*!40000 ALTER TABLE `entity_details` DISABLE KEYS */;
INSERT INTO `entity_details` VALUES (1,1,'desc dets','2021-05-16','MAN','1900-01-01','00:00:00'),(2,2,'The Dakar Web App','2021-05-16','MAN','1900-01-01','00:00:00'),(3,3,'The login screen that a user first encounters','2021-05-16','MAN','2021-05-26','09:15:21'),(5,5,'Text box entry for user name','2021-05-16','MAN','2021-05-26','09:15:08'),(7,7,'Text box entry for user password','2021-05-16','MAN','2021-05-26','09:15:11'),(8,8,'Click to login with user name & password','2021-05-16','MAN','2021-05-26','09:15:15'),(9,9,'Homepage of Dakar Web App','2021-05-16','MAN','2021-05-17','16:48:19'),(10,10,'Top left info bar. Displays - 1: Logo 2: Current module 3:Full Screen Icon 4: TCL Icon 5: Current Company','2021-05-16','MAN','2021-05-17','16:28:49'),(11,11,'Dakar logo image','2021-05-16','MAN','1900-01-01','00:00:00'),(12,12,'Displays the currentlt selected module','2021-05-16','MAN','2021-05-17','16:27:38'),(13,13,'Toggles the view of the main menu','2021-05-16','MAN','2021-05-17','16:27:46'),(14,14,'Displays current company and list of all available companies','2021-05-16','MAN','2021-05-17','16:28:37'),(15,15,'Provides shortcuts to app elements. Also is the only way to swap between modules.','2021-05-16','MAN','1900-01-01','00:00:00'),(16,16,'Displays the authorisations form','2021-05-16','MAN','1900-01-01','00:00:00'),(17,17,'Displays the employee creation wizard form','2021-05-16','MAN','2021-05-17','16:29:05'),(18,18,'Displays the employee CV form','2021-05-16','MAN','2021-05-17','16:29:09'),(19,19,'Displays the employee grid view form','2021-05-16','MAN','2021-05-17','16:29:14'),(20,20,'Displays the summary graphs form','2021-05-16','MAN','2021-05-17','16:29:19'),(21,21,'Displays the DI form','2021-05-16','MAN','2021-05-17','16:29:22'),(22,22,'Displays the organisation chart form','2021-05-16','MAN','2021-05-17','16:29:31'),(23,23,'Displays the last  viewed popup form','2021-05-16','MAN','2021-05-17','16:31:20'),(24,24,'Displays the last  all notifications popup form. Displays total notifications (if there are any)','2021-05-16','MAN','2021-05-17','16:31:26'),(25,25,'Displays the new employments popup form.','2021-05-16','MAN','2021-05-17','16:31:32'),(26,26,'Displays the terminations popup form.','2021-05-16','MAN','2021-05-17','16:31:34'),(27,27,'Displays the quick links popup form.','2021-05-16','MAN','2021-05-17','16:31:43'),(28,28,'Displays the user config/action popup form. Displays the user image if setup.','2021-05-16','MAN','1900-01-01','00:00:00'),(29,29,'Main navigation bar for the currently selected module in the app.','2021-05-16','MAN','1900-01-01','00:00:00'),(30,30,'Main navigation bar for the payroll module.','2021-05-16','MAN','1900-01-01','00:00:00'),(31,31,'Display the Employee List form.','2021-05-16','MAN','2021-05-17','16:33:29'),(32,32,'Display the Employee Document form.','2021-05-16','MAN','1900-01-01','00:00:00'),(33,33,'Display the Employee Others sub menu.','2021-05-16','MAN','2021-05-17','16:33:33'),(34,34,'Display the Payroll sub menu.','2021-05-16','MAN','2021-05-17','16:33:35'),(35,35,'Display the Employee Statistics sub menu.','2021-05-16','MAN','2021-05-17','16:33:40'),(36,36,'Display the Absence Statistics sub menu.','2021-05-16','MAN','2021-05-17','16:33:43'),(37,37,'Display the Reports sub menu.','2021-05-16','MAN','2021-05-17','16:33:46'),(38,38,'Display the Monthly Payroll Reports form.','2021-05-16','MAN','2021-05-17','16:33:48'),(39,39,'Display the Yearly Payroll Reports form.','2021-05-16','MAN','2021-05-17','16:33:53'),(40,40,'Display the Bulk Updates sub menu.','2021-05-16','MAN','2021-05-17','16:33:55'),(41,41,'Display the Settings form.','2021-05-16','MAN','2021-05-17','16:34:02'),(42,42,'Has a grid view of the authorisations for the selected company','2021-05-17','MAN','1900-01-01','00:00:00'),(43,43,'Describes the company combo box','2021-05-17','MAN','1900-01-01','00:00:00'),(44,44,'Select & set the current company in authorisations','2021-05-17','MAN','1900-01-01','00:00:00'),(45,45,'Describes the Grouping View combo','2021-05-17','MAN','1900-01-01','00:00:00'),(46,46,'Select & set the grouping view','2021-05-17','MAN','1900-01-01','00:00:00'),(47,47,'Sets the chosen criteria','2021-05-17','MAN','1900-01-01','00:00:00'),(48,48,'Displays the authorisations for the selected criteria','2021-05-17','MAN','1900-01-01','00:00:00'),(49,49,'Step 1 of the employee creation wizard','2021-05-17','MAN','1900-01-01','00:00:00'),(50,50,'Enter employee name','2021-05-17','MAN','1900-01-01','00:00:00'),(51,51,'Enter employee surname','2021-05-17','MAN','1900-01-01','00:00:00'),(52,52,'Enter employee ID card number','2021-05-17','MAN','1900-01-01','00:00:00'),(53,53,'Enter employee code','2021-05-17','MAN','1900-01-01','00:00:00'),(54,54,'Enter employee address','2021-05-17','MAN','1900-01-01','00:00:00'),(55,55,'Enter employee street','2021-05-17','MAN','1900-01-01','00:00:00'),(56,56,'Enter employee post code','2021-05-17','MAN','1900-01-01','00:00:00'),(57,57,'Select employee town','2021-05-17','MAN','1900-01-01','00:00:00'),(58,58,'Select employee country','2021-05-17','MAN','1900-01-01','00:00:00'),(59,59,'Take the user to the previous step','2021-05-17','MAN','1900-01-01','00:00:00'),(60,60,'Take the user to the next step','2021-05-17','MAN','1900-01-01','00:00:00'),(61,61,'Step 2 of the employee creation wizard','2021-05-17','MAN','1900-01-01','00:00:00'),(62,62,'Enter the employee gender','2021-05-17','MAN','1900-01-01','00:00:00'),(63,63,'Enter the employee DOB','2021-05-17','MAN','1900-01-01','00:00:00'),(64,64,'Enter the employee date of employment','2021-05-17','MAN','1900-01-01','00:00:00'),(65,65,'Enter the employee tax number','2021-05-17','MAN','1900-01-01','00:00:00'),(66,66,'Enter the employee NI number','2021-05-17','MAN','1900-01-01','00:00:00'),(67,67,'Select a bank from the list','2021-05-17','MAN','1900-01-01','00:00:00'),(68,68,'Enter the employee IBAN number','2021-05-17','MAN','1900-01-01','00:00:00'),(69,69,'Enter the employee email address','2021-05-17','MAN','1900-01-01','00:00:00'),(70,70,'Enter the employee mobile number','2021-05-17','MAN','1900-01-01','00:00:00'),(71,71,'Take the user to the previous step','2021-05-17','MAN','1900-01-01','00:00:00'),(72,72,'Take the user to the next step','2021-05-17','MAN','1900-01-01','00:00:00'),(73,73,'Step 3 of the employee creation wizard','2021-05-18','MAN','1900-01-01','00:00:00'),(74,74,'Select tax status from the list','2021-05-18','MAN','1900-01-01','00:00:00'),(75,75,'Select employment type from the list','2021-05-18','MAN','1900-01-01','00:00:00'),(76,76,'Select company from the list','2021-05-18','MAN','1900-01-01','00:00:00'),(77,77,'Select paygroup from the list','2021-05-18','MAN','1900-01-01','00:00:00'),(78,78,'Select department from the list','2021-05-18','MAN','1900-01-01','00:00:00'),(79,79,'Select schedule from the list','2021-05-18','MAN','1900-01-01','00:00:00'),(80,80,'Select employment type from the list','2021-05-18','MAN','1900-01-01','00:00:00'),(81,81,'Select if the employee is a special part timer or not','2021-05-18','MAN','1900-01-01','00:00:00'),(82,82,'Select a grade from the list','2021-05-18','MAN','1900-01-01','00:00:00'),(83,83,'Select a cost center from the list','2021-05-18','MAN','1900-01-01','00:00:00'),(84,84,'Take the user to the previous step','2021-05-18','MAN','1900-01-01','00:00:00'),(85,85,'Take the user to the next step','2021-05-18','MAN','1900-01-01','00:00:00'),(86,86,'Step 4 of the employee creation wizard','2021-05-18','MAN','1900-01-01','00:00:00'),(87,87,'Select a taxable allowance','2021-05-18','MAN','1900-01-01','00:00:00'),(88,88,'Enter the allowance amount','2021-05-18','MAN','1900-01-01','00:00:00'),(89,89,'Select a taxable allowance','2021-05-18','MAN','1900-01-01','00:00:00'),(90,90,'Enter the allowance amount','2021-05-18','MAN','1900-01-01','00:00:00'),(91,91,'Select a non taxable allowance','2021-05-18','MAN','1900-01-01','00:00:00'),(92,92,'Enter the allowance amount','2021-05-18','MAN','1900-01-01','00:00:00'),(93,93,'Select a non taxable allowance','2021-05-18','MAN','1900-01-01','00:00:00'),(94,94,'Take the user to the previous step','2021-05-18','MAN','1900-01-01','00:00:00'),(95,95,'Take the user to the next step','2021-05-18','MAN','1900-01-01','00:00:00'),(96,96,'Step 5 of the employee creation wizard','2021-05-18','MAN','1900-01-01','00:00:00'),(97,97,'Enter the employee annual salary','2021-05-18','MAN','1900-01-01','00:00:00'),(98,98,'Enter the employee hourly rate','2021-05-18','MAN','1900-01-01','00:00:00'),(99,99,'Take the user to the previous step','2021-05-18','MAN','1900-01-01','00:00:00'),(100,100,'Create the employee','2021-05-18','MAN','1900-01-01','00:00:00'),(101,101,'Heading of step 1','2021-05-18','MAN','1900-01-01','00:00:00'),(102,102,'Heading of step 2','2021-05-18','MAN','1900-01-01','00:00:00'),(103,103,'Heading of step 3','2021-05-18','MAN','1900-01-01','00:00:00'),(104,104,'Heading of step 4','2021-05-18','MAN','1900-01-01','00:00:00'),(105,105,'Heading of step 5','2021-05-18','MAN','1900-01-01','00:00:00'),(106,106,'A wizard that guides the user through the process of creating a new employee','2021-05-18','MAN','1900-01-01','00:00:00'),(107,107,'Title of form','2021-05-18','MAN','1900-01-01','00:00:00'),(108,108,'Display and employees history in categories','2021-05-19','MAN','1900-01-01','00:00:00'),(109,109,'Title of form','2021-05-19','MAN','1900-01-01','00:00:00'),(110,110,'Label for the company list box','2021-05-19','MAN','1900-01-01','00:00:00'),(111,111,'List box of available companies','2021-05-19','MAN','1900-01-01','00:00:00'),(112,112,'Label for the paygroup list box','2021-05-19','MAN','1900-01-01','00:00:00'),(113,113,'List box of available paygroups','2021-05-19','MAN','1900-01-01','00:00:00'),(114,114,'Label for the employee list box','2021-05-19','MAN','1900-01-01','00:00:00'),(115,115,'List box of available employees','2021-05-19','MAN','1900-01-01','00:00:00'),(116,116,'Load CV based on the criteria supplied','2021-05-19','MAN','1900-01-01','00:00:00'),(117,117,'Button text','2021-05-19','MAN','1900-01-01','00:00:00'),(118,118,'Container for Employee CV Bio Info','2021-05-19','MAN','1900-01-01','00:00:00'),(119,119,'Image of employee if available','2021-05-19','MAN','1900-01-01','00:00:00'),(120,120,'Employee Name','2021-05-19','MAN','1900-01-01','00:00:00'),(121,121,'Employee Name With Salutation','2021-05-19','MAN','1900-01-01','00:00:00'),(122,122,'Employee Company','2021-05-19','MAN','1900-01-01','00:00:00'),(123,123,'Employee Birthday','2021-05-19','MAN','1900-01-01','00:00:00'),(124,124,'User FaFa','2021-05-19','MAN','1900-01-01','00:00:00'),(125,125,'Company FaFa','2021-05-19','MAN','1900-01-01','00:00:00'),(126,126,'Birthday FaFa','2021-05-19','MAN','1900-01-01','00:00:00'),(127,127,'Bio Content','2021-05-19','MAN','1900-01-01','00:00:00'),(128,128,'Accordion for payroll CV','2021-05-19','MAN','1900-01-01','00:00:00'),(129,129,'Acc Key Career','2021-05-19','MAN','1900-01-01','00:00:00'),(130,130,'Grid - Career','2021-05-19','MAN','1900-01-01','00:00:00'),(131,131,'Acc key for CV allowance','2021-05-19','MAN','1900-01-01','00:00:00'),(132,132,'Grid - Allowance','2021-05-19','MAN','1900-01-01','00:00:00'),(133,133,'Acc key for CV salary','2021-05-19','MAN','1900-01-01','00:00:00'),(134,134,'Grid - Salary','2021-05-19','MAN','1900-01-01','00:00:00'),(135,135,'Acc key for emp schedule','2021-05-19','MAN','1900-01-01','00:00:00'),(136,136,'Grid - Emp Schedule','2021-05-19','MAN','1900-01-01','00:00:00'),(137,137,'Acc key for work permit','2021-05-19','MAN','1900-01-01','00:00:00'),(138,138,'Grid - Work Permit','2021-05-19','MAN','1900-01-01','00:00:00'),(139,139,'Employee CV Save button','2021-05-19','MAN','1900-01-01','00:00:00'),(140,140,'Save from for employee CV','2021-05-19','MAN','1900-01-01','00:00:00'),(141,141,'Save form header','2021-05-19','MAN','1900-01-01','00:00:00'),(142,142,'Save form title','2021-05-19','MAN','1900-01-01','00:00:00'),(143,143,'Save form body','2021-05-19','MAN','1900-01-01','00:00:00'),(144,144,'Save form footer','2021-05-19','MAN','1900-01-01','00:00:00'),(145,145,'Save OK button','2021-05-19','MAN','1900-01-01','00:00:00'),(146,146,'Save Cancel Button','2021-05-19','MAN','1900-01-01','00:00:00'),(147,147,'Employee Grid View - Grid','2021-05-19','MAN','1900-01-01','00:00:00'),(148,148,'Employee Grid View - Form','2021-05-19','MAN','1900-01-01','00:00:00'),(149,9000,'','2021-05-19','MAN','1900-01-01','00:00:00'),(150,9001,'','2021-05-20','MAN','1900-01-01','00:00:00'),(151,9002,'','2021-05-20','MAN','1900-01-01','00:00:00'),(152,9003,'','2021-05-20','MAN','1900-01-01','00:00:00'),(153,9004,'','2021-05-20','MAN','1900-01-01','00:00:00'),(154,9005,'','2021-05-20','MAN','1900-01-01','00:00:00'),(155,9006,'','2021-05-20','MAN','1900-01-01','00:00:00'),(156,9007,'','2021-05-20','MAN','1900-01-01','00:00:00'),(157,9008,'','2021-05-20','MAN','1900-01-01','00:00:00'),(158,9009,'','2021-05-20','MAN','1900-01-01','00:00:00'),(159,9010,'','2021-05-20','MAN','1900-01-01','00:00:00'),(160,9011,'','2021-05-20','MAN','1900-01-01','00:00:00'),(161,9012,'','2021-05-20','MAN','1900-01-01','00:00:00'),(162,9013,'','2021-05-20','MAN','1900-01-01','00:00:00'),(163,9014,'','2021-05-20','MAN','1900-01-01','00:00:00'),(164,9015,'','2021-05-20','MAN','1900-01-01','00:00:00'),(165,9016,'','2021-05-20','MAN','1900-01-01','00:00:00'),(166,9017,'','2021-05-20','MAN','1900-01-01','00:00:00'),(167,9018,'','2021-05-20','MAN','1900-01-01','00:00:00'),(168,149,'Visual reports form','2021-05-20','MAN','1900-01-01','00:00:00'),(169,150,'Dakar Intelligence - Form','2021-05-20','MAN','1900-01-01','00:00:00'),(170,151,'Employee Reports - Card','2021-05-20','MAN','1900-01-01','00:00:00'),(171,9019,'','2021-05-20','MAN','1900-01-01','00:00:00'),(172,9020,'','2021-05-20','MAN','1900-01-01','00:00:00'),(173,9021,'','2021-05-20','MAN','1900-01-01','00:00:00'),(174,9022,'','2021-05-20','MAN','1900-01-01','00:00:00'),(175,9023,'','2021-05-20','MAN','1900-01-01','00:00:00'),(176,9024,'','2021-05-20','MAN','1900-01-01','00:00:00'),(177,9025,'','2021-05-20','MAN','1900-01-01','00:00:00'),(183,157,'Employee Reports - Card Group','2021-05-21','AUTO','1900-01-01','00:00:00'),(184,158,'Employee Reports - Card Element','2021-05-21','AUTO','1900-01-01','00:00:00'),(185,159,'Employee Reports - Card Header','2021-05-21','AUTO','1900-01-01','00:00:00'),(186,160,'Employee Reports - Card Body','2021-05-21','AUTO','1900-01-01','00:00:00'),(187,161,'Employee Reports - Card Title','2021-05-21','AUTO','1900-01-01','00:00:00'),(188,162,'Employee Reports - Employee Basic Details (Grid View)','2021-05-21','MAN','1900-01-01','00:00:00'),(189,163,'Employee Reports - Employee Basic Details (Grid View) - Card Header','2021-05-21','AUTO','1900-01-01','00:00:00'),(190,164,'Employee Reports - Employee Basic Details (Grid View) - Card Body','2021-05-21','AUTO','1900-01-01','00:00:00'),(191,165,'Employee Reports - Employee Basic Details (Grid View) - Card Title','2021-05-21','AUTO','1900-01-01','00:00:00'),(192,167,'Payroll Reports - Card Group','2021-05-22','AUTO','1900-01-01','00:00:00'),(194,170,'Payroll Reports - Card Body','2021-05-22','AUTO','1900-01-01','00:00:00'),(195,171,'Payroll Reports - Card Title','2021-05-22','AUTO','1900-01-01','00:00:00'),(196,168,'Payroll Reports - Card Element','2021-05-22','AUTO','1900-01-01','00:00:00'),(197,166,'Payroll Reports Card','2021-05-22','MAN','1900-01-01','00:00:00'),(198,173,'Payroll Reports - Element Header','2021-05-23','AUTO','1900-01-01','00:00:00'),(199,174,'Payroll Statistics - Extras Breakdown Report - Card Body','2021-05-23','AUTO','1900-01-01','00:00:00'),(200,175,'Payroll Statistics - Extras Breakdown Report - Card Title','2021-05-23','AUTO','1900-01-01','00:00:00'),(201,172,'Payroll Reports - Card Element','2021-05-23','MAN','1900-01-01','00:00:00'),(202,177,'Payroll Reports - Payroll - Extras Breakdown by Cost Center - Card Header','2021-05-23','AUTO','1900-01-01','00:00:00'),(203,178,'Payroll Reports - Payroll - Extras Breakdown by Cost Center - Card Body','2021-05-23','AUTO','1900-01-01','00:00:00'),(204,179,'Payroll Reports - Payroll - Extras Breakdown by Cost Center - Card Title','2021-05-23','AUTO','1900-01-01','00:00:00'),(205,176,'Payroll Reports - Card Element','2021-05-23','MAN','1900-01-01','00:00:00'),(206,181,'Payroll Reports - Payroll - Allowances Breakdown - Element Header','2021-05-23','AUTO','1900-01-01','00:00:00'),(207,182,'Payroll Reports - Payroll - Allowances Breakdown - Card Body','2021-05-23','AUTO','1900-01-01','00:00:00'),(208,183,'Payroll Reports - Payroll - Allowances Breakdown - Card Title','2021-05-23','AUTO','1900-01-01','00:00:00'),(209,180,'Payroll Reports - Card Element','2021-05-23','MAN','1900-01-01','00:00:00'),(210,185,'Payroll Reports - Payroll Statistics - Bank Cash Payments - Element Header','2021-05-23','AUTO','1900-01-01','00:00:00'),(211,186,'Payroll Reports - Payroll Statistics - Bank Cash Payments - Card Body','2021-05-23','AUTO','1900-01-01','00:00:00'),(212,187,'Payroll Reports - Payroll Statistics - Bank Cash Payments - Card Title','2021-05-23','AUTO','1900-01-01','00:00:00'),(213,184,'Payroll Reports - Card Element','2021-05-23','MAN','1900-01-01','00:00:00'),(214,189,'Payroll Reports - Payroll Statistics - Unions - Element Header','2021-05-23','AUTO','1900-01-01','00:00:00'),(215,190,'Payroll Reports - Payroll Statistics - Unions - Card Body','2021-05-23','AUTO','1900-01-01','00:00:00'),(216,191,'Payroll Reports - Payroll Statistics - Unions - Card Title','2021-05-23','AUTO','1900-01-01','00:00:00'),(217,188,'Payroll Reports - Card Element','2021-05-23','MAN','1900-01-01','00:00:00'),(218,193,'Payroll Changes - Card Group','2021-05-23','AUTO','1900-01-01','00:00:00'),(219,194,'Payroll Changes - Card Element','2021-05-23','AUTO','1900-01-01','00:00:00'),(220,195,'2020 Payroll Changes - Element Header','2021-05-23','AUTO','1900-01-01','00:00:00'),(221,196,'2020 Payroll Changes - Card Body','2021-05-23','AUTO','1900-01-01','00:00:00'),(222,197,'2020 Payroll Changes - Card Title','2021-05-23','AUTO','1900-01-01','00:00:00'),(223,192,'Payroll Changes - Card','2021-05-23','MAN','1900-01-01','00:00:00'),(224,199,'2019 Payroll Changes - Element Header','2021-05-23','AUTO','1900-01-01','00:00:00'),(225,200,'2019 Payroll Changes - Card Element - Card Body','2021-05-23','AUTO','1900-01-01','00:00:00'),(226,201,'2019 Payroll Changes - Card Element - Card Title','2021-05-23','AUTO','1900-01-01','00:00:00'),(227,198,'Payroll Changes - Card Element','2021-05-23','MAN','1900-01-01','00:00:00'),(228,203,'Absences - Card Group','2021-05-23','AUTO','1900-01-01','00:00:00'),(229,204,'Absences - Card Element','2021-05-23','AUTO','1900-01-01','00:00:00'),(230,205,'Absences Consumed - Element Header','2021-05-23','AUTO','1900-01-01','00:00:00'),(231,206,'Absences Consumed - Card Body','2021-05-23','AUTO','1900-01-01','00:00:00'),(232,207,'Absences Consumed - Card Title','2021-05-23','AUTO','1900-01-01','00:00:00'),(233,202,'Absences - Card','2021-05-23','MAN','1900-01-01','00:00:00'),(234,209,'Absence Entitlements - Element Header','2021-05-23','AUTO','1900-01-01','00:00:00'),(235,210,'Absence Entitlements - Card Body','2021-05-23','AUTO','1900-01-01','00:00:00'),(236,211,'Absence Entitlements - Card Title','2021-05-23','AUTO','1900-01-01','00:00:00'),(237,208,'Absences - Card Element','2021-05-23','MAN','1900-01-01','00:00:00'),(238,213,'Absence Entitlements (Grid View) - Element Header','2021-05-23','AUTO','1900-01-01','00:00:00'),(239,214,'Absence Entitlements (Grid View) - Card Body','2021-05-23','AUTO','1900-01-01','00:00:00'),(240,215,'Absence Entitlements (Grid View) - Card Title','2021-05-23','AUTO','1900-01-01','00:00:00'),(241,212,'Absence Entitlements (Grid View)','2021-05-23','MAN','1900-01-01','00:00:00'),(242,9026,'','2021-05-23','MAN','1900-01-01','00:00:00'),(243,9027,'','2021-05-23','MAN','1900-01-01','00:00:00'),(244,9028,'','2021-05-23','MAN','1900-01-01','00:00:00'),(247,220,'Employee Reports - Card Header - FaFa','2021-05-23','AUTO','1900-01-01','00:00:00'),(248,221,'Employee Reports - Card Header - Text Element','2021-05-23','AUTO','1900-01-01','00:00:00'),(249,216,'Employee Reports - Card Header','2021-05-23','MAN','1900-01-01','00:00:00'),(250,223,'Employee Reports - Employee Basic Details Header - FaFa','2021-05-23','AUTO','1900-01-01','00:00:00'),(251,225,'Employee Reports - Employee Basic Details (Grid View) - Card Header - FaFa','2021-05-23','AUTO','1900-01-01','00:00:00'),(252,227,'Payroll Reports - Card Header - FaFa','2021-05-23','AUTO','1900-01-01','00:00:00'),(253,228,'Payroll Reports - Card Header - Text Element','2021-05-23','AUTO','1900-01-01','00:00:00'),(254,226,'Payroll Reports - Card Header','2021-05-23','MAN','1900-01-01','00:00:00'),(255,230,'Payroll Reports - Element Header - FaFa','2021-05-23','AUTO','1900-01-01','00:00:00'),(256,229,'Payroll Reports - Element Header','2021-05-23','MAN','1900-01-01','00:00:00'),(258,233,'Payroll Statistics - Extras Breakdown Report Header - FaFa','2021-05-23','AUTO','1900-01-01','00:00:00'),(259,235,'Payroll Reports - Payroll - Extras Breakdown by Cost Center - Card Header - FaFa','2021-05-24','AUTO','1900-01-01','00:00:00'),(260,237,'Payroll Reports - Payroll - Allowances Breakdown - Card Header - FaFa','2021-05-24','AUTO','1900-01-01','00:00:00'),(261,239,'Payroll Reports - Payroll Statistics - Bank Cash Payments - Element Header - FaFa','2021-05-24','AUTO','1900-01-01','00:00:00'),(262,241,'Payroll Reports - Payroll Statistics - Unions - Element Header - FaFa','2021-05-24','AUTO','1900-01-01','00:00:00'),(263,243,'2020 Payroll Changes - Element Header - FaFa','2021-05-24','AUTO','1900-01-01','00:00:00'),(264,245,'2019 Payroll Changes - Element Header - FaFa','2021-05-24','AUTO','1900-01-01','00:00:00'),(265,247,'Absences Consumed - Element Header - FaFa','2021-05-24','AUTO','1900-01-01','00:00:00'),(266,249,'Absence Entitlements - Element Header - FaFa','2021-05-24','AUTO','1900-01-01','00:00:00'),(267,251,'Absence Entitlements (Grid View) - Element Header - FaFa','2021-05-24','AUTO','1900-01-01','00:00:00'),(268,9029,'','2021-05-24','MAN','1900-01-01','00:00:00'),(269,9030,'','2021-05-24','MAN','1900-01-01','00:00:00'),(270,9031,'','2021-05-24','MAN','1900-01-01','00:00:00'),(271,252,'My Company / Last Viewed - DropdownMenu','2021-05-24','MAN','1900-01-01','00:00:00'),(272,254,'My Company / Last Viewed - DropdownMenu - Header - Text Element','2021-05-24','AUTO','1900-01-01','00:00:00'),(273,253,'My Company / Last Viewed - DropdownMenu - Header','2021-05-24','MAN','1900-01-01','00:00:00'),(274,256,'My Company / Last Viewed - DropdownMenu - Row - Column 1','2021-05-24','AUTO','1900-01-01','00:00:00'),(275,255,'My Company / Last Viewed - DropdownMenu - Row','2021-05-24','MAN','1900-01-01','00:00:00'),(276,257,'Contains the image of the employee if available. When clicked should take the user to employee details page. ','2021-05-24','MAN','1900-01-01','00:00:00'),(277,258,'My Company / Last Viewed - DropdownMenu - Row - Column 2','2021-05-24','MAN','1900-01-01','00:00:00'),(278,259,'Contains the name of the employee. When clicked should take the user to employee details page. ','2021-05-24','MAN','1900-01-01','00:00:00'),(279,260,'My Company / Last Viewed - DropdownMenu - Row - Column 3','2021-05-24','MAN','1900-01-01','00:00:00'),(280,261,'Contains the employee code. When clicked should take the user to employee details page. ','2021-05-24','MAN','1900-01-01','00:00:00'),(281,262,'All Notifications - DropdownMenu','2021-05-24','MAN','1900-01-01','00:00:00'),(282,264,'All Notifications - DropdownMenu - Header - Text Element','2021-05-24','AUTO','1900-01-01','00:00:00'),(283,263,'All Notifications - DropdownMenu - Header','2021-05-24','MAN','1900-01-01','00:00:00'),(284,9032,'','2021-05-24','MAN','1900-01-01','00:00:00'),(285,265,'Item containing a FaFa and a count of the item','2021-05-24','MAN','1900-01-01','00:00:00'),(286,266,'Birthday cake','2021-05-24','MAN','1900-01-01','00:00:00'),(287,267,'Item text','2021-05-24','MAN','1900-01-01','00:00:00'),(288,268,'Absence records','2021-05-24','MAN','1900-01-01','00:00:00'),(289,269,'Hospital','2021-05-24','MAN','1900-01-01','00:00:00'),(290,270,'Item text','2021-05-24','MAN','1900-01-01','00:00:00'),(291,271,'Retirement','2021-05-24','MAN','1900-01-01','00:00:00'),(292,272,'Male','2021-05-24','MAN','1900-01-01','00:00:00'),(293,273,'Item text','2021-05-24','MAN','1900-01-01','00:00:00'),(294,274,'New Employments - DropdownMenu','2021-05-24','MAN','1900-01-01','00:00:00'),(295,276,'New Employments - DropdownMenu - Header - Text Element','2021-05-24','AUTO','1900-01-01','00:00:00'),(296,275,'New Employements - DropdownMenu - Header','2021-05-24','MAN','1900-01-01','00:00:00'),(297,277,'Terminations - DropdownMenu','2021-05-24','MAN','1900-01-01','00:00:00'),(298,279,'Terminations - DropdownMenu - Header - Text Element','2021-05-24','AUTO','1900-01-01','00:00:00'),(299,278,'Terminations - DropdownMenu - Header','2021-05-24','MAN','1900-01-01','00:00:00'),(301,9033,'','2021-05-24','MAN','1900-01-01','00:00:00'),(302,283,'User Management - FaFa','2021-05-24','AUTO','1900-01-01','00:00:00'),(303,280,'Link to User Management','2021-05-24','MAN','1900-01-01','00:00:00'),(304,284,'User Management - Dropdown Menu','2021-05-24','MAN','1900-01-01','00:00:00'),(305,286,'User Management - Dropdown Menu - Header - Text Element','2021-05-24','AUTO','1900-01-01','00:00:00'),(306,285,'User Management - Dropdown Menu - Header','2021-05-24','MAN','1900-01-01','00:00:00'),(307,287,'Item - User Management','2021-05-24','MAN','1900-01-01','00:00:00'),(308,288,'User','2021-05-24','MAN','1900-01-01','00:00:00'),(309,289,'User Management','2021-05-24','MAN','1900-01-01','00:00:00'),(310,290,'Group Authorisations - DropdownMenu - Item 2','2021-05-24','MAN','1900-01-01','00:00:00'),(311,291,'User','2021-05-24','MAN','1900-01-01','00:00:00'),(312,292,'Group Authorisations','2021-05-24','MAN','1900-01-01','00:00:00'),(313,9034,'','2021-05-24','MAN','1900-01-01','00:00:00'),(314,294,'Quick Links - FaFa','2021-05-24','AUTO','1900-01-01','00:00:00'),(315,293,'Display the Quick Links dropdown menu','2021-05-24','MAN','1900-01-01','00:00:00'),(316,296,'Quick Links - Dropdown Menu - Header - Text Element','2021-05-24','AUTO','1900-01-01','00:00:00'),(317,295,'Quick Links - Dropdown Menu - Header','2021-05-24','MAN','1900-01-01','00:00:00'),(318,9035,'','2021-05-24','MAN','1900-01-01','00:00:00'),(319,9036,'','2021-05-24','MAN','1900-01-01','00:00:00'),(320,9037,'','2021-05-24','MAN','1900-01-01','00:00:00'),(323,300,'Quick Link - Print Queue','2021-05-24','AUTO','1900-01-01','00:00:00'),(324,301,'Quick Links - Grid - FaFa','2021-05-24','AUTO','1900-01-01','00:00:00'),(325,302,'Quick Links - Grid Item 1 - Title','2021-05-24','AUTO','1900-01-01','00:00:00'),(326,297,'Quick Links - Grid','2021-05-24','MAN','1900-01-01','00:00:00'),(327,304,'Quick Links - Grid- Quick Link Grid Item 2 - FaFa','2021-05-24','AUTO','1900-01-01','00:00:00'),(328,305,'Quick Links - Grid- Quick Link Grid Item 2 - Quick Link Grid Item Title','2021-05-24','AUTO','1900-01-01','00:00:00'),(329,303,'Quick Link - Personnel','2021-05-24','MAN','1900-01-01','00:00:00'),(330,307,'Quick Links - Grid- Quick Link Grid Item 3 - FaFa','2021-05-24','AUTO','1900-01-01','00:00:00'),(331,308,'Quick Links - Grid- Quick Link Grid Item 3 - Quick Link Grid Item Title','2021-05-24','AUTO','1900-01-01','00:00:00'),(332,306,'Quick Link - Absence','2021-05-24','MAN','1900-01-01','00:00:00'),(333,310,'Quick Links - Grid- Quick Link Grid Item 4 - FaFa','2021-05-24','AUTO','1900-01-01','00:00:00'),(334,311,'Quick Links - Grid- Quick Link Grid Item 4 - Quick Link Grid Item Title','2021-05-24','AUTO','1900-01-01','00:00:00'),(335,309,'Quick Link - T&A','2021-05-24','MAN','1900-01-01','00:00:00'),(336,312,'User Avatar - Dropdwon Menu','2021-05-24','MAN','1900-01-01','00:00:00'),(337,9038,'','2021-05-24','MAN','1900-01-01','00:00:00'),(338,9039,'','2021-05-24','MAN','1900-01-01','00:00:00'),(339,314,'User Avatar - Dropdown Menu - Header - Media Obj','2021-05-24','AUTO','1900-01-01','00:00:00'),(340,313,'User Avatar - Dropdown Menu - Header','2021-05-24','MAN','1900-01-01','00:00:00'),(341,316,'User Avatar - Dropdown Menu - Header - Media Object Body','2021-05-24','AUTO','1900-01-01','00:00:00'),(342,317,'Image of user if available','2021-05-24','MAN','1900-01-01','00:00:00'),(343,318,'Name of employee','2021-05-24','MAN','1900-01-01','00:00:00'),(344,319,'Employee department','2021-05-24','MAN','1900-01-01','00:00:00'),(345,320,'Employee email','2021-05-24','MAN','1900-01-01','00:00:00'),(346,9040,'','2021-05-25','MAN','1900-01-01','00:00:00'),(347,9041,'','2021-05-25','MAN','1900-01-01','00:00:00'),(348,9042,'','2021-05-25','MAN','1900-01-01','00:00:00'),(349,9043,'','2021-05-25','MAN','1900-01-01','00:00:00'),(350,9044,'','2021-05-25','MAN','1900-01-01','00:00:00'),(351,9045,'','2021-05-25','MAN','1900-01-01','00:00:00'),(352,9046,'','2021-05-25','MAN','1900-01-01','00:00:00'),(353,321,'Display the Employee List form.','2021-05-25','MAN','1900-01-01','00:00:00'),(354,9047,'Display the Employee List form.','2021-05-25','MAN','1900-01-01','00:00:00'),(355,323,'Employee List - Text Element','2021-05-25','AUTO','1900-01-01','00:00:00'),(356,324,'Employee List - FaFa','2021-05-25','AUTO','1900-01-01','00:00:00'),(357,325,'Display the Employee List form.','2021-05-25','AUTO','1900-01-01','00:00:00'),(358,327,'Documents - Text Element','2021-05-25','AUTO','1900-01-01','00:00:00'),(359,328,'Documents - FaFa','2021-05-25','AUTO','1900-01-01','00:00:00'),(360,329,'Documents - Text Element','2021-05-25','AUTO','1900-01-01','00:00:00'),(361,330,'Display the Employee Document form.','2021-05-25','MAN','1900-01-01','00:00:00'),(362,332,'Employees - Text Element','2021-05-25','AUTO','1900-01-01','00:00:00'),(363,333,'Employees - FaFa','2021-05-25','AUTO','1900-01-01','00:00:00'),(364,334,'Employees - DCJQIcon','2021-05-25','AUTO','1900-01-01','00:00:00'),(365,335,'Employees - DisplayBlock','2021-05-25','AUTO','1900-01-01','00:00:00'),(366,336,'Employees - MobileLeftSideHider','2021-05-25','AUTO','1900-01-01','00:00:00'),(367,331,'Employees sub menu','2021-05-25','MAN','1900-01-01','00:00:00'),(368,338,'Employees - Text Element','2021-05-25','AUTO','1900-01-01','00:00:00'),(369,339,'Employees - FaFa','2021-05-25','AUTO','1900-01-01','00:00:00'),(370,340,'Employees - DCJQIcon','2021-05-25','AUTO','1900-01-01','00:00:00'),(371,341,'Employees - DisplayBlock','2021-05-25','AUTO','1900-01-01','00:00:00'),(372,342,'Employees - MobileLeftSideHider','2021-05-25','AUTO','1900-01-01','00:00:00'),(373,344,'Employee Details','2021-05-25','AUTO','1900-01-01','00:00:00'),(374,345,'Employees - MobileLeftSideHider - FaFa','2021-05-25','AUTO','1900-01-01','00:00:00'),(375,346,'Display the employee details form','2021-05-25','AUTO','1900-01-01','00:00:00'),(376,348,'Employee Others - Text Element','2021-05-25','AUTO','1900-01-01','00:00:00'),(377,349,'Employee Others - FaFa','2021-05-25','AUTO','1900-01-01','00:00:00'),(378,350,'Employee Others - DCJQIcon','2021-05-25','AUTO','1900-01-01','00:00:00'),(379,351,'Employee Others - DisplayBlock','2021-05-25','AUTO','1900-01-01','00:00:00'),(380,352,'Employee Others - Absence Entitlements','2021-05-25','AUTO','1900-01-01','00:00:00'),(381,347,'Display the Employee Others sub menu.','2021-05-25','MAN','1900-01-01','00:00:00'),(382,354,'Employee Others - Absence Entitlements - Text Element','2021-05-25','AUTO','1900-01-01','00:00:00'),(383,355,'Employee Others - Absence Entitlements - FaFa','2021-05-25','AUTO','1900-01-01','00:00:00'),(384,356,'Display the absence entitlements form','2021-05-25','AUTO','1900-01-01','00:00:00'),(385,358,'Payroll - Text Element','2021-05-25','AUTO','1900-01-01','00:00:00'),(386,359,'Payroll - FaFa','2021-05-25','AUTO','1900-01-01','00:00:00'),(387,360,'Payroll - DCJQIcon','2021-05-25','AUTO','1900-01-01','00:00:00'),(388,361,'Payroll - DisplayBlock','2021-05-25','AUTO','1900-01-01','00:00:00'),(389,357,'Display the Payroll sub menu.','2021-05-25','MAN','1900-01-01','00:00:00'),(390,363,'Payroll Statistics - Text Element','2021-05-25','AUTO','1900-01-01','00:00:00'),(391,364,'Payroll Statistics - FaFa','2021-05-25','AUTO','1900-01-01','00:00:00'),(392,365,'Display the Payroll Statistics form','2021-05-25','AUTO','1900-01-01','00:00:00'),(393,362,'Display the Employee Statistics sub menu.','2021-05-25','MAN','1900-01-01','00:00:00'),(394,367,'Employee Statistics - Text Element','2021-05-25','AUTO','1900-01-01','00:00:00'),(395,368,'Employee Statistics - FaFa','2021-05-25','AUTO','1900-01-01','00:00:00'),(396,369,'Employee Statistics - DCJQIcon','2021-05-25','AUTO','1900-01-01','00:00:00'),(397,370,'Employee Statistics - DisplayBlock','2021-05-25','AUTO','1900-01-01','00:00:00'),(398,366,'Employee Statistics Menu','2021-05-25','MAN','1900-01-01','00:00:00'),(399,372,'Absence Statistics - Text Element','2021-05-25','AUTO','1900-01-01','00:00:00'),(400,373,'Absence Statistics - FaFa','2021-05-25','AUTO','1900-01-01','00:00:00'),(401,374,'Absence Statistics - DCJQIcon','2021-05-25','AUTO','1900-01-01','00:00:00'),(402,375,'Absence Statistics - DisplayBlock','2021-05-25','AUTO','1900-01-01','00:00:00'),(403,371,'Display the Absence Statistics sub menu.','2021-05-25','MAN','1900-01-01','00:00:00'),(404,377,'Reports - Text Element','2021-05-25','AUTO','1900-01-01','00:00:00'),(405,378,'Reports - FaFa','2021-05-25','AUTO','1900-01-01','00:00:00'),(406,379,'Reports - DCJQIcon','2021-05-25','AUTO','1900-01-01','00:00:00'),(407,380,'Reports - DisplayBlock','2021-05-25','AUTO','1900-01-01','00:00:00'),(408,376,'Display the Reports sub menu.','2021-05-25','MAN','1900-01-01','00:00:00'),(409,382,'Monthly Reports - Text Element','2021-05-25','AUTO','1900-01-01','00:00:00'),(410,383,'Monthly Reports - FaFa','2021-05-25','AUTO','1900-01-01','00:00:00'),(411,384,'Display Monthly Reports form','2021-05-25','AUTO','1900-01-01','00:00:00'),(412,381,'Display the Monthly Payroll Reports form.','2021-05-25','MAN','1900-01-01','00:00:00'),(413,386,'Yearly Reports - Text Element','2021-05-25','AUTO','1900-01-01','00:00:00'),(414,387,'Yearly Reports - FaFa','2021-05-25','AUTO','1900-01-01','00:00:00'),(415,388,'Display Yearly Reports form','2021-05-25','AUTO','1900-01-01','00:00:00'),(416,385,'Display the Yearly Payroll Reports form.','2021-05-25','MAN','1900-01-01','00:00:00'),(417,389,'Display the Bulk Updates sub menu.','2021-05-25','MAN','1900-01-01','00:00:00'),(418,391,'Bulk Updates - Text Element','2021-05-25','AUTO','1900-01-01','00:00:00'),(419,392,'Bulk Updates - FaFa','2021-05-25','AUTO','1900-01-01','00:00:00'),(420,393,'Bulk Updates - DCJQIcon','2021-05-25','AUTO','1900-01-01','00:00:00'),(421,394,'Bulk Updates - DisplayBlock','2021-05-25','AUTO','1900-01-01','00:00:00'),(422,396,'Settings - Text Element','2021-05-25','AUTO','1900-01-01','00:00:00'),(423,397,'Settings - FaFa','2021-05-25','AUTO','1900-01-01','00:00:00'),(424,398,'Display the Settings form on click','2021-05-25','AUTO','1900-01-01','00:00:00'),(425,395,'Settings menu','2021-05-25','MAN','1900-01-01','00:00:00'),(426,400,'Employees - Contact Numbers - Text Element','2021-05-25','AUTO','1900-01-01','00:00:00'),(427,401,'Employees - Contact Numbers - FaFa','2021-05-25','AUTO','1900-01-01','00:00:00'),(428,402,'Employees - Contact Numbers - Display contact numbers form','2021-05-25','AUTO','1900-01-01','00:00:00'),(429,399,'Employees - Contact Numbers - Menu Item','2021-05-25','MAN','1900-01-01','00:00:00'),(430,404,'Employees - Banks - Text Element','2021-05-25','AUTO','1900-01-01','00:00:00'),(431,405,'Employees - Banks - FaFa','2021-05-25','AUTO','1900-01-01','00:00:00'),(432,406,'Employees - Banks - Display Banks form','2021-05-25','AUTO','1900-01-01','00:00:00'),(433,403,'Employees - Banks - Menu Item','2021-05-25','MAN','1900-01-01','00:00:00'),(434,408,'Employees - Salary Details - Text Element','2021-05-25','AUTO','1900-01-01','00:00:00'),(435,409,'Employees - Salary Details - FaFa','2021-05-25','AUTO','1900-01-01','00:00:00'),(436,410,'Employees - Salary Details - Display Form','2021-05-25','AUTO','1900-01-01','00:00:00'),(437,407,'Employees - Salary Details - Menu Item','2021-05-25','MAN','1900-01-01','00:00:00'),(438,412,'Employees - Career Progression - Text Element','2021-05-25','AUTO','1900-01-01','00:00:00'),(439,413,'Employees - Career Progression - FaFa','2021-05-25','AUTO','1900-01-01','00:00:00'),(440,414,'Employees - Career Progression - Display form','2021-05-25','AUTO','1900-01-01','00:00:00'),(441,411,'Employees - Career Progression - Menu Item','2021-05-25','MAN','1900-01-01','00:00:00'),(442,416,'Employees - Schedule - Text Element','2021-05-25','AUTO','1900-01-01','00:00:00'),(443,417,'Employees - Schedule - FaFa','2021-05-25','AUTO','1900-01-01','00:00:00'),(444,418,'Employees - Schedule - Display form','2021-05-25','AUTO','1900-01-01','00:00:00'),(445,415,'Employees - Schedule - Menu Item','2021-05-25','MAN','1900-01-01','00:00:00'),(446,420,'Employees - Permanent Allowances - Text Element','2021-05-25','AUTO','1900-01-01','00:00:00'),(447,421,'Employees - Permanent Allowances - FaFa','2021-05-25','AUTO','1900-01-01','00:00:00'),(448,422,'Employees - Permanent Allowances - Display form','2021-05-25','AUTO','1900-01-01','00:00:00'),(449,419,'Employees - Permanent Allowances - Menu Item','2021-05-25','MAN','1900-01-01','00:00:00'),(450,424,'Employees - Previous Employment - Text Element','2021-05-25','AUTO','1900-01-01','00:00:00'),(451,425,'Employees - Previous Employment - FaFa','2021-05-25','AUTO','1900-01-01','00:00:00'),(452,426,'Employees - Previous Employment - Display form','2021-05-25','AUTO','1900-01-01','00:00:00'),(453,423,'Employees - Previous Employment - Menu Item','2021-05-25','MAN','1900-01-01','00:00:00'),(454,428,'Employees - Unions - Text Element','2021-05-25','AUTO','1900-01-01','00:00:00'),(455,429,'Employees - Unions - FaFa','2021-05-25','AUTO','1900-01-01','00:00:00'),(456,430,'Employees - Unions - Display form','2021-05-25','AUTO','1900-01-01','00:00:00'),(457,427,'Employees - Unions - Menu Item','2021-05-25','MAN','1900-01-01','00:00:00'),(458,432,'Employee Others - Advances & Payments - Text Element','2021-05-25','AUTO','1900-01-01','00:00:00'),(459,433,'Employee Others - Advances & Payment - FaFa','2021-05-25','AUTO','1900-01-01','00:00:00'),(460,434,'Employee Others - Advances & Payments - Display form','2021-05-25','AUTO','1900-01-01','00:00:00'),(461,431,'Employee Others - Advances & Payments - Menu Item','2021-05-25','MAN','1900-01-01','00:00:00'),(462,436,'Employee Others - Tax Arrears - Text Element','2021-05-25','AUTO','1900-01-01','00:00:00'),(463,437,'Employee Others - Tax Arrears - FaFa','2021-05-25','AUTO','1900-01-01','00:00:00'),(464,438,'Employee Others - Tax Arrears - Display form','2021-05-25','AUTO','1900-01-01','00:00:00'),(465,435,'Employee Others - Tax Arrears - Menu Item','2021-05-25','MAN','1900-01-01','00:00:00'),(466,440,'Employee Others - Loans - Text Element','2021-05-25','AUTO','1900-01-01','00:00:00'),(467,441,'Employee Others - Loans - FaFa','2021-05-25','AUTO','1900-01-01','00:00:00'),(468,442,'Employee Others - Loans - Display form','2021-05-25','AUTO','1900-01-01','00:00:00'),(469,439,'Employee Others - Loans - Menu Item','2021-05-25','MAN','1900-01-01','00:00:00'),(470,444,'Employee Others - Pensions - Text Element','2021-05-25','AUTO','1900-01-01','00:00:00'),(471,445,'Employee Others - Pensions - FaFa','2021-05-25','AUTO','1900-01-01','00:00:00'),(472,446,'Employee Others - Pensions - Display Form','2021-05-25','AUTO','1900-01-01','00:00:00'),(473,443,'Employee Others - Pensions - Menu Item','2021-05-25','MAN','1900-01-01','00:00:00'),(474,448,'Employee Others - Covid-19 Supplement - Text Element','2021-05-25','AUTO','1900-01-01','00:00:00'),(475,449,'Employee Others - Covid-19 Supplement - FaFa','2021-05-25','AUTO','1900-01-01','00:00:00'),(476,450,'Employee Others - Covid-19 Supplement - ClickRedirect','2021-05-25','AUTO','1900-01-01','00:00:00'),(477,447,'Employee Others - Covid-19 Supplement - Menu Item','2021-05-25','MAN','1900-01-01','00:00:00'),(478,452,'Payroll - Initialise Payroll - Text Element','2021-05-25','AUTO','1900-01-01','00:00:00'),(479,453,'Payroll - Initialise Payroll - FaFa','2021-05-25','AUTO','1900-01-01','00:00:00'),(480,454,'Payroll - Initialise Payroll - Display form','2021-05-25','AUTO','1900-01-01','00:00:00'),(481,451,'Payroll - Initialise Payroll - Menu Item','2021-05-25','MAN','1900-01-01','00:00:00'),(482,456,'Payroll - Payroll Details DrillDown - Text Element','2021-05-25','AUTO','1900-01-01','00:00:00'),(483,457,'Payroll - Payroll Details DrillDown - FaFa','2021-05-25','AUTO','1900-01-01','00:00:00'),(484,458,'Payroll - Payroll Details DrillDown - Display form','2021-05-25','AUTO','1900-01-01','00:00:00'),(485,455,'Payroll - Payroll Details DrillDown - Menu Item','2021-05-25','MAN','1900-01-01','00:00:00'),(486,460,'Payroll - Detailed Adjustments - Text Element','2021-05-25','AUTO','1900-01-01','00:00:00'),(487,461,'Payroll - Detailed Adjustments - FaFa','2021-05-25','AUTO','1900-01-01','00:00:00'),(488,462,'Payroll - Detailed Adjustments - Display form','2021-05-25','AUTO','1900-01-01','00:00:00'),(489,459,'Payroll - Detailed Adjustments - Menu Item','2021-05-25','MAN','1900-01-01','00:00:00'),(490,464,'Payroll - Global Adjustments - Text Element','2021-05-25','AUTO','1900-01-01','00:00:00'),(491,465,'Payroll - Global Adjustments - FaFa','2021-05-25','AUTO','1900-01-01','00:00:00'),(492,466,'Payroll - Global Adjustments - Display Form','2021-05-25','AUTO','1900-01-01','00:00:00'),(493,463,'Payroll - Global Adjustments - Menu Item','2021-05-25','MAN','1900-01-01','00:00:00'),(494,468,'Payroll - Global Absences - Text Element','2021-05-25','AUTO','1900-01-01','00:00:00'),(495,469,'Payroll - Global Absences - FaFa','2021-05-25','AUTO','1900-01-01','00:00:00'),(496,470,'Payroll - Global Absences - ClickRedirect','2021-05-25','AUTO','1900-01-01','00:00:00'),(497,467,'Payroll - Global Absences - Menu Item','2021-05-25','MAN','1900-01-01','00:00:00'),(498,472,'Payroll - Global Extras - Text Element','2021-05-25','AUTO','1900-01-01','00:00:00'),(499,473,'Payroll - Global Extras - FaFa','2021-05-25','AUTO','1900-01-01','00:00:00'),(500,474,'Payroll - Global Extras - Display form','2021-05-25','AUTO','1900-01-01','00:00:00'),(501,471,'Payroll - Global Extras - Menu Item','2021-05-25','MAN','1900-01-01','00:00:00'),(502,476,'Payroll - Calculate Payroll - Text Element','2021-05-25','AUTO','1900-01-01','00:00:00'),(503,477,'Payroll - Calculate Payroll - FaFa','2021-05-25','AUTO','1900-01-01','00:00:00'),(504,478,'Payroll - Calculate Payroll - Display form','2021-05-25','AUTO','1900-01-01','00:00:00'),(505,475,'Payroll - Calculate Payroll - Menu Item','2021-05-25','MAN','1900-01-01','00:00:00'),(506,480,'Payroll - Close & Lock Payroll - Text Element','2021-05-25','AUTO','1900-01-01','00:00:00'),(507,481,'Payroll - Close & Lock Payroll - FaFa','2021-05-25','AUTO','1900-01-01','00:00:00'),(508,482,'Payroll - Close & Lock Payroll - Display form','2021-05-25','AUTO','1900-01-01','00:00:00'),(509,479,'Payroll - Close & Lock Payroll - Menu Item','2021-05-25','MAN','1900-01-01','00:00:00'),(510,484,'Payroll - Payroll Details - Text Element','2021-05-25','AUTO','1900-01-01','00:00:00'),(511,485,'Payroll - Payroll Details - FaFa','2021-05-25','AUTO','1900-01-01','00:00:00'),(512,486,'Payroll - Payroll Details - Display form','2021-05-25','AUTO','1900-01-01','00:00:00'),(513,483,'Payroll - Payroll Details - Menu Item','2021-05-25','MAN','1900-01-01','00:00:00'),(514,488,'Payroll - Excel Payroll Uploads - Text Element','2021-05-25','AUTO','1900-01-01','00:00:00'),(515,489,'Payroll - Excel Payroll Uploads - FaFa','2021-05-25','AUTO','1900-01-01','00:00:00'),(516,490,'Payroll - Excel Payroll Uploads - Display form','2021-05-25','AUTO','1900-01-01','00:00:00'),(517,487,'Payroll - Excel Payroll Uploads - Menu Item','2021-05-25','MAN','1900-01-01','00:00:00'),(518,492,'Payroll - Calculation Statistics - Text Element','2021-05-25','AUTO','1900-01-01','00:00:00'),(519,493,'Payroll - Calculation Statistics - FaFa','2021-05-25','AUTO','1900-01-01','00:00:00'),(520,494,'Payroll - Calculation Statistics - Display form','2021-05-25','AUTO','1900-01-01','00:00:00'),(521,491,'Payroll - Calculation Statistics - Menu Item','2021-05-25','MAN','1900-01-01','00:00:00'),(522,496,'Employee Statistics - Payslip Quick View - Text Element','2021-05-25','AUTO','1900-01-01','00:00:00'),(523,497,'Employee Statistics - Payslip Quick View - FaFa','2021-05-25','AUTO','1900-01-01','00:00:00'),(524,498,'Employee Statistics - Payslip Quick View - Display form','2021-05-25','AUTO','1900-01-01','00:00:00'),(525,495,'Employee Statistics - Payslip Quick View - Menu Item','2021-05-25','MAN','1900-01-01','00:00:00'),(526,500,'Employee Statistics - FS3 Quick View - Text Element','2021-05-25','AUTO','1900-01-01','00:00:00'),(527,501,'Employee Statistics - FS3 Quick View - FaFa','2021-05-25','AUTO','1900-01-01','00:00:00'),(528,502,'Employee Statistics - FS3 Quick View - Display form','2021-05-25','AUTO','1900-01-01','00:00:00'),(529,499,'Employee Statistics - FS3 Quick View - Menu Item','2021-05-25','MAN','1900-01-01','00:00:00'),(530,504,'Employee Statistics - Employee Payroll Statistics - Text Element','2021-05-25','AUTO','1900-01-01','00:00:00'),(531,505,'Employee Statistics - Employee Payroll Statistics - FaFa','2021-05-25','AUTO','1900-01-01','00:00:00'),(532,506,'Employee Statistics - Employee Payroll Statistics - Display form','2021-05-25','AUTO','1900-01-01','00:00:00'),(533,503,'Employee Statistics - Employee Payroll Statistics - Menu Item','2021-05-25','MAN','1900-01-01','00:00:00'),(534,508,'Absence Statistics - Employee Accruals - Text Element','2021-05-25','AUTO','1900-01-01','00:00:00'),(535,509,'Absence Statistics - Employee Accruals - FaFa','2021-05-25','AUTO','1900-01-01','00:00:00'),(536,510,'Absence Statistics - Employee Accruals - Display form','2021-05-25','AUTO','1900-01-01','00:00:00'),(537,507,'Absence Statistics - Employee Accruals - Menu Item','2021-05-25','MAN','1900-01-01','00:00:00'),(538,512,'Absence Statistics - Other Absence Statistics - Text Element','2021-05-25','AUTO','1900-01-01','00:00:00'),(539,513,'Absence Statistics - Other Absence Statistics - FaFa','2021-05-25','AUTO','1900-01-01','00:00:00'),(540,514,'Absence Statistics - Other Absence Statistics - Display form','2021-05-25','AUTO','1900-01-01','00:00:00'),(541,511,'Absence Statistics - Other Absence Statistics - Menu Item','2021-05-25','MAN','1900-01-01','00:00:00'),(542,516,'Reports - Payroll Reports - Text Element','2021-05-25','AUTO','1900-01-01','00:00:00'),(543,517,'Reports - Payroll Reports - FaFa','2021-05-25','AUTO','1900-01-01','00:00:00'),(544,518,'Reports - Payroll Reports - Display form','2021-05-25','AUTO','1900-01-01','00:00:00'),(545,515,'Reports - Payroll Reports - Menu Item','2021-05-25','MAN','1900-01-01','00:00:00'),(546,520,'Reports - Payslips - Text Element','2021-05-25','AUTO','1900-01-01','00:00:00'),(547,521,'Reports - Payslips - FaFa','2021-05-25','AUTO','1900-01-01','00:00:00'),(548,522,'Reports - Payslips - Display form','2021-05-25','AUTO','1900-01-01','00:00:00'),(549,519,'Reports - Payslips - Menu Item','2021-05-25','MAN','1900-01-01','00:00:00'),(550,524,'Reports - Direct Credits - Text Element','2021-05-25','AUTO','1900-01-01','00:00:00'),(551,525,'Reports - Direct Credits - FaFa','2021-05-25','AUTO','1900-01-01','00:00:00'),(552,526,'Reports - Direct Credits - Display form','2021-05-25','AUTO','1900-01-01','00:00:00'),(553,523,'Reports - Direct Credits - Menu Item','2021-05-25','MAN','1900-01-01','00:00:00'),(554,528,'Reports - Global Payroll Analysis - Text Element','2021-05-25','AUTO','1900-01-01','00:00:00'),(555,529,'Reports - Global Payroll Analysis - FaFa','2021-05-25','AUTO','1900-01-01','00:00:00'),(556,530,'Reports - Global Payroll Analysis - Display form','2021-05-25','AUTO','1900-01-01','00:00:00'),(557,527,'Reports - Global Payroll Analysis - Menu Item','2021-05-25','MAN','1900-01-01','00:00:00'),(558,532,'Reports - Cheque Printing - Text Element','2021-05-25','AUTO','1900-01-01','00:00:00'),(559,533,'Reports - Cheque Printing - FaFa','2021-05-25','AUTO','1900-01-01','00:00:00'),(560,534,'Reports - Cheque Printing - ClickRedirect - Display form','2021-05-25','AUTO','1900-01-01','00:00:00'),(561,531,'Reports - Cheque Printing - Menu Item','2021-05-25','MAN','1900-01-01','00:00:00'),(562,536,'Reports - Adjustments Reports - Text Element','2021-05-25','AUTO','1900-01-01','00:00:00'),(563,537,'Reports - Adjustments Reports - FaFa','2021-05-25','AUTO','1900-01-01','00:00:00'),(564,538,'Reports - Adjustments Reports - Display Form','2021-05-25','AUTO','1900-01-01','00:00:00'),(565,535,'Reports - Adjustments Reports - Menu Item','2021-05-25','MAN','1900-01-01','00:00:00'),(566,540,'Reports - HR Related Reports - Text Element','2021-05-25','AUTO','1900-01-01','00:00:00'),(567,541,'Reports - HR Related Reports - FaFa','2021-05-25','AUTO','1900-01-01','00:00:00'),(568,542,'Reports - HR Related Reports - Display form','2021-05-25','AUTO','1900-01-01','00:00:00'),(569,539,'Reports - HR Related Reports - Menu Item','2021-05-25','MAN','1900-01-01','00:00:00'),(570,544,'Reports - Absence Related Reports - Text Element','2021-05-25','AUTO','1900-01-01','00:00:00'),(571,545,'Reports - Absence Related Reports - FaFa','2021-05-25','AUTO','1900-01-01','00:00:00'),(572,546,'Reports - Absence Related Reports - Display form','2021-05-25','AUTO','1900-01-01','00:00:00'),(573,543,'Reports - Absence Related Reports - Menu Item','2021-05-25','MAN','1900-01-01','00:00:00'),(574,548,'Bulk Updates - COLA Salary Updates - Text Element','2021-05-25','AUTO','1900-01-01','00:00:00'),(575,549,'Bulk Updates - COLA Salary Updates - FaFa','2021-05-25','AUTO','1900-01-01','00:00:00'),(576,550,'Bulk Updates - COLA Salary Updates - Display form','2021-05-25','AUTO','1900-01-01','00:00:00'),(577,547,'Bulk Updates - COLA Salary Updates - Menu Item','2021-05-25','MAN','1900-01-01','00:00:00'),(578,552,'Bulk Updates - Employee Creation - Text Element','2021-05-25','AUTO','1900-01-01','00:00:00'),(579,553,'Bulk Updates - Employee Creation - FaFa','2021-05-25','AUTO','1900-01-01','00:00:00'),(580,554,'Bulk Updates - Employee Creation - Display form','2021-05-25','AUTO','1900-01-01','00:00:00'),(581,551,'Bulk Updates - Employee Creation - Menu Item','2021-05-25','MAN','1900-01-01','00:00:00');
/*!40000 ALTER TABLE `entity_details` ENABLE KEYS */;
UNLOCK TABLES;
/*!50003 SET @saved_cs_client      = @@character_set_client */ ;
/*!50003 SET @saved_cs_results     = @@character_set_results */ ;
/*!50003 SET @saved_col_connection = @@collation_connection */ ;
/*!50003 SET character_set_client  = utf8mb4 */ ;
/*!50003 SET character_set_results = utf8mb4 */ ;
/*!50003 SET collation_connection  = utf8mb4_0900_ai_ci */ ;
/*!50003 SET @saved_sql_mode       = @@sql_mode */ ;
/*!50003 SET sql_mode              = 'ONLY_FULL_GROUP_BY,STRICT_TRANS_TABLES,NO_ZERO_IN_DATE,NO_ZERO_DATE,ERROR_FOR_DIVISION_BY_ZERO,NO_ENGINE_SUBSTITUTION' */ ;
DELIMITER ;;
/*!50003 CREATE*/ /*!50017 DEFINER=`root`@`localhost`*/ /*!50003 TRIGGER `entity_details_BEFORE_INSERT` BEFORE INSERT ON `entity_details` FOR EACH ROW BEGIN
	SET NEW.date_added = now();
END */;;
DELIMITER ;
/*!50003 SET sql_mode              = @saved_sql_mode */ ;
/*!50003 SET character_set_client  = @saved_cs_client */ ;
/*!50003 SET character_set_results = @saved_cs_results */ ;
/*!50003 SET collation_connection  = @saved_col_connection */ ;

--
-- Table structure for table `entity_has_element`
--

DROP TABLE IF EXISTS `entity_has_element`;
/*!40101 SET @saved_cs_client     = @@character_set_client */;
 SET character_set_client = utf8mb4 ;
CREATE TABLE `entity_has_element` (
  `entity_id` int(10) unsigned NOT NULL,
  `entity_entity_id` int(10) unsigned NOT NULL,
  `element_id` int(10) unsigned NOT NULL,
  `element_entity_row_id` int(10) unsigned NOT NULL,
  `element_entity_id` int(10) unsigned NOT NULL,
  PRIMARY KEY (`entity_id`,`entity_entity_id`,`element_id`,`element_entity_row_id`,`element_entity_id`),
  KEY `fk_entity_has_element_element1_idx` (`element_id`,`element_entity_row_id`,`element_entity_id`),
  KEY `fk_entity_has_element_entity1_idx` (`entity_id`,`entity_entity_id`),
  CONSTRAINT `fk_entity_has_element_element1` FOREIGN KEY (`element_id`, `element_entity_row_id`, `element_entity_id`) REFERENCES `element` (`id`, `entity_row_id`, `entity_id`),
  CONSTRAINT `fk_entity_has_element_entity1` FOREIGN KEY (`entity_id`, `entity_entity_id`) REFERENCES `entity` (`id`, `entity_id`)
) ENGINE=InnoDB DEFAULT CHARSET=utf8;
/*!40101 SET character_set_client = @saved_cs_client */;

--
-- Dumping data for table `entity_has_element`
--

LOCK TABLES `entity_has_element` WRITE;
/*!40000 ALTER TABLE `entity_has_element` DISABLE KEYS */;
INSERT INTO `entity_has_element` VALUES (108,108,1,9000,9000),(130,130,6,9018,9018),(132,132,6,9018,9018),(134,134,6,9018,9018),(136,136,6,9018,9018),(138,138,6,9018,9018),(147,147,6,9018,9018),(148,148,1,9000,9000),(149,149,1,9000,9000),(150,150,1,9000,9000);
/*!40000 ALTER TABLE `entity_has_element` ENABLE KEYS */;
UNLOCK TABLES;

--
-- Table structure for table `entity_has_version`
--

DROP TABLE IF EXISTS `entity_has_version`;
/*!40101 SET @saved_cs_client     = @@character_set_client */;
 SET character_set_client = utf8mb4 ;
CREATE TABLE `entity_has_version` (
  `version_id` int(10) unsigned NOT NULL,
  `entity_id` int(10) unsigned NOT NULL,
  `entity_entity_id` int(10) unsigned NOT NULL,
  PRIMARY KEY (`version_id`,`entity_id`,`entity_entity_id`),
  KEY `fk_entity_has_version_version1_idx` (`version_id`),
  KEY `fk_entity_has_version_entity1_idx` (`entity_id`,`entity_entity_id`),
  CONSTRAINT `fk_entity_has_version_entity1` FOREIGN KEY (`entity_id`, `entity_entity_id`) REFERENCES `entity` (`id`, `entity_id`),
  CONSTRAINT `fk_entity_has_version_version1` FOREIGN KEY (`version_id`) REFERENCES `version` (`id`) ON DELETE CASCADE ON UPDATE CASCADE
) ENGINE=InnoDB DEFAULT CHARSET=utf8;
/*!40101 SET character_set_client = @saved_cs_client */;

--
-- Dumping data for table `entity_has_version`
--

LOCK TABLES `entity_has_version` WRITE;
/*!40000 ALTER TABLE `entity_has_version` DISABLE KEYS */;
INSERT INTO `entity_has_version` VALUES (1,1,1),(2,2,2),(3,3,3),(5,5,5),(7,7,7),(8,8,8),(9,9,9),(10,10,10),(11,11,11),(12,12,12),(13,13,13),(14,14,14),(15,15,15),(16,16,16),(17,17,17),(18,18,18),(19,19,19),(20,20,20),(21,21,21),(22,22,22),(23,23,23),(24,24,24),(25,25,25),(26,26,26),(27,27,27),(28,28,28),(29,29,29),(30,30,30),(31,31,31),(32,32,32),(33,33,33),(34,34,34),(35,35,35),(36,36,36),(37,37,37),(38,38,38),(39,39,39),(40,40,40),(41,41,41),(116,42,42),(117,43,43),(118,44,44),(119,45,45),(120,46,46),(121,47,47),(122,48,48),(133,49,49),(134,50,50),(135,51,51),(136,52,52),(137,53,53),(138,54,54),(139,55,55),(140,56,56),(141,57,57),(142,58,58),(143,59,59),(144,60,60),(145,61,61),(146,62,62),(147,63,63),(148,64,64),(149,65,65),(150,66,66),(151,67,67),(152,68,68),(153,69,69),(154,70,70),(155,71,71),(156,72,72),(157,73,73),(158,74,74),(159,75,75),(160,76,76),(161,77,77),(162,78,78),(163,79,79),(164,80,80),(165,81,81),(166,82,82),(167,83,83),(168,84,84),(169,85,85),(170,86,86),(171,87,87),(172,88,88),(173,89,89),(174,90,90),(175,91,91),(176,92,92),(177,93,93),(178,94,94),(179,95,95),(180,96,96),(181,97,97),(182,98,98),(183,99,99),(184,100,100),(185,101,101),(186,102,102),(187,103,103),(188,104,104),(189,105,105),(190,106,106),(191,107,107),(267,108,108),(268,109,109),(269,110,110),(270,111,111),(271,112,112),(272,113,113),(273,114,114),(274,115,115),(275,116,116),(276,117,117),(277,118,118),(278,119,119),(279,120,120),(280,121,121),(281,122,122),(282,123,123),(283,124,124),(284,125,125),(285,126,126),(286,127,127),(287,128,128),(288,129,129),(289,130,130),(290,131,131),(291,132,132),(292,133,133),(293,134,134),(294,135,135),(297,136,136),(298,137,137),(299,138,138),(300,139,139),(301,140,140),(302,141,141),(303,142,142),(304,143,143),(305,144,144),(306,145,145),(307,146,146),(368,147,147),(369,148,148),(370,9000,9000),(371,9001,9001),(372,9002,9002),(373,9003,9003),(374,9004,9004),(375,9005,9005),(376,9006,9006),(377,9007,9007),(378,9008,9008),(379,9009,9009),(380,9010,9010),(381,9011,9011),(382,9012,9012),(383,9013,9013),(384,9014,9014),(385,9015,9015),(386,9016,9016),(387,9017,9017),(388,9018,9018),(437,9019,9019),(438,9020,9020),(439,9021,9021),(440,9022,9022),(441,9023,9023),(442,9024,9024),(443,9025,9025),(444,149,149),(445,150,150),(446,151,151),(452,157,157),(453,158,158),(454,159,159),(455,160,160),(456,161,161),(457,162,162),(458,163,163),(459,164,164),(460,165,165),(461,167,167),(463,170,170),(464,171,171),(465,168,168),(466,166,166),(467,173,173),(468,174,174),(469,175,175),(470,172,172),(471,177,177),(472,178,178),(473,179,179),(474,176,176),(475,181,181),(476,182,182),(477,183,183),(478,180,180),(479,185,185),(480,186,186),(481,187,187),(482,184,184),(483,189,189),(484,190,190),(485,191,191),(486,188,188),(487,193,193),(488,194,194),(489,195,195),(490,196,196),(491,197,197),(492,192,192),(493,199,199),(494,200,200),(495,201,201),(496,198,198),(497,203,203),(498,204,204),(499,205,205),(500,206,206),(501,207,207),(502,202,202),(503,209,209),(504,210,210),(505,211,211),(506,208,208),(507,213,213),(508,214,214),(509,215,215),(510,212,212),(511,9026,9026),(512,9027,9027),(513,9028,9028),(516,220,220),(517,221,221),(518,216,216),(519,223,223),(520,225,225),(521,227,227),(522,228,228),(523,226,226),(524,230,230),(525,229,229),(527,233,233),(528,235,235),(529,237,237),(530,239,239),(531,241,241),(532,243,243),(533,245,245),(534,247,247),(535,249,249),(536,251,251),(639,9029,9029),(640,9030,9030),(641,9031,9031),(642,252,252),(643,254,254),(644,253,253),(645,256,256),(646,255,255),(647,257,257),(648,258,258),(649,259,259),(650,260,260),(651,261,261),(652,262,262),(653,264,264),(654,263,263),(655,9032,9032),(656,265,265),(657,266,266),(658,267,267),(659,268,268),(660,269,269),(661,270,270),(662,271,271),(663,272,272),(664,273,273),(665,274,274),(666,276,276),(667,275,275),(668,277,277),(669,279,279),(670,278,278),(672,9033,9033),(673,283,283),(674,280,280),(675,284,284),(676,286,286),(677,285,285),(678,287,287),(679,288,288),(680,289,289),(681,290,290),(682,291,291),(683,292,292),(684,9034,9034),(685,294,294),(686,293,293),(687,296,296),(688,295,295),(689,9035,9035),(690,9036,9036),(691,9037,9037),(694,300,300),(695,301,301),(696,302,302),(697,297,297),(698,304,304),(699,305,305),(700,303,303),(701,307,307),(702,308,308),(703,306,306),(704,310,310),(705,311,311),(706,309,309),(707,312,312),(708,9038,9038),(709,9039,9039),(710,314,314),(711,313,313),(712,316,316),(713,317,317),(714,318,318),(715,319,319),(716,320,320),(717,9040,9040),(718,9041,9041),(719,9042,9042),(720,9043,9043),(721,9044,9044),(722,9045,9045),(723,9046,9046),(724,321,31),(726,323,322),(727,324,323),(728,325,324),(729,32,32),(730,327,326),(731,328,327),(732,329,328),(733,330,32),(734,332,330),(735,333,331),(736,334,332),(737,335,333),(738,336,334),(739,331,329),(740,338,336),(741,339,337),(742,340,338),(743,341,339),(744,342,340),(745,344,342),(746,345,343),(747,346,344),(748,348,346),(749,349,347),(750,350,348),(751,351,349),(752,352,350),(753,347,33),(754,354,352),(755,355,353),(756,356,354),(757,358,356),(758,359,357),(759,360,358),(760,361,359),(761,357,34),(762,363,361),(763,364,362),(764,365,363),(765,362,35),(766,367,365),(767,368,366),(768,369,367),(769,370,368),(770,366,364),(771,372,370),(772,373,371),(773,374,372),(774,375,373),(775,371,36),(776,377,375),(777,378,376),(778,379,377),(779,380,378),(780,376,37),(781,382,380),(782,383,381),(783,384,382),(784,381,38),(785,386,384),(786,387,385),(787,388,386),(788,385,39),(789,389,40),(790,391,388),(791,392,389),(792,393,390),(793,394,391),(794,396,393),(795,397,394),(796,398,395),(797,395,41),(988,400,397),(989,401,398),(990,402,399),(991,399,396),(992,404,401),(993,405,402),(994,406,403),(995,403,400),(996,408,405),(997,409,406),(998,410,407),(999,407,404),(1000,412,409),(1001,413,410),(1002,414,411),(1003,411,408),(1004,416,413),(1005,417,414),(1006,418,415),(1007,415,412),(1008,420,417),(1009,421,418),(1010,422,419),(1011,419,416),(1012,424,421),(1013,425,422),(1014,426,423),(1015,423,420),(1016,428,425),(1017,429,426),(1018,430,427),(1019,427,424),(1020,432,429),(1021,433,430),(1022,434,431),(1023,431,428),(1024,436,433),(1025,437,434),(1026,438,435),(1027,435,432),(1028,440,437),(1029,441,438),(1030,442,439),(1031,439,436),(1032,444,441),(1033,445,442),(1034,446,443),(1035,443,440),(1036,448,445),(1037,449,446),(1038,450,447),(1039,447,444),(1040,452,449),(1041,453,450),(1042,454,451),(1043,451,448),(1044,456,453),(1045,457,454),(1046,458,455),(1047,455,452),(1048,460,457),(1049,461,458),(1050,462,459),(1051,459,456),(1052,464,461),(1053,465,462),(1054,466,463),(1055,463,460),(1056,468,465),(1057,469,466),(1058,470,467),(1059,467,464),(1060,472,469),(1061,473,470),(1062,474,471),(1063,471,468),(1064,476,473),(1065,477,474),(1066,478,475),(1067,475,472),(1068,480,477),(1069,481,478),(1070,482,479),(1071,479,476),(1072,484,481),(1073,485,482),(1074,486,483),(1075,483,480),(1076,488,485),(1077,489,486),(1078,490,487),(1079,487,484),(1080,492,489),(1081,493,490),(1082,494,491),(1083,491,488),(1084,496,493),(1085,497,494),(1086,498,495),(1087,495,492),(1088,500,497),(1089,501,498),(1090,502,499),(1091,499,496),(1092,504,501),(1093,505,502),(1094,506,503),(1095,503,500),(1096,508,505),(1097,509,506),(1098,510,507),(1099,507,504),(1100,512,509),(1101,513,510),(1102,514,511),(1103,511,508),(1104,516,513),(1105,517,514),(1106,518,515),(1107,515,512),(1108,520,517),(1109,521,518),(1110,522,519),(1111,519,516),(1112,524,521),(1113,525,522),(1114,526,523),(1115,523,520),(1116,528,525),(1117,529,526),(1118,530,527),(1119,527,524),(1120,532,529),(1121,533,530),(1122,534,531),(1123,531,528),(1124,536,533),(1125,537,534),(1126,538,535),(1127,535,532),(1128,540,537),(1129,541,538),(1130,542,539),(1131,539,536),(1132,544,541),(1133,545,542),(1134,546,543),(1135,543,540),(1136,548,545),(1137,549,546),(1138,550,547),(1139,547,544),(1140,552,549),(1141,553,550),(1142,554,551),(1143,551,548);
/*!40000 ALTER TABLE `entity_has_version` ENABLE KEYS */;
UNLOCK TABLES;

--
-- Table structure for table `entity_help`
--

DROP TABLE IF EXISTS `entity_help`;
/*!40101 SET @saved_cs_client     = @@character_set_client */;
 SET character_set_client = utf8mb4 ;
CREATE TABLE `entity_help` (
  `id` int(10) unsigned NOT NULL AUTO_INCREMENT,
  `entity_id` int(10) unsigned NOT NULL,
  `has_tool_tip` varchar(5) NOT NULL DEFAULT 'FALSE',
  `tool_tip_text` varchar(500) DEFAULT NULL,
  `help_file_name` varchar(250) DEFAULT NULL,
  `help_text` text,
  PRIMARY KEY (`id`,`entity_id`),
  UNIQUE KEY `id_UNIQUE` (`id`),
  UNIQUE KEY `entity_id_UNIQUE` (`entity_id`)
) ENGINE=InnoDB AUTO_INCREMENT=583 DEFAULT CHARSET=utf8;
/*!40101 SET character_set_client = @saved_cs_client */;

--
-- Dumping data for table `entity_help`
--

LOCK TABLES `entity_help` WRITE;
/*!40000 ALTER TABLE `entity_help` DISABLE KEYS */;
INSERT INTO `entity_help` VALUES (1,1,'TRUE','DONE - ADD TOOL TIP TEXT',NULL,NULL),(2,2,'False','-','',''),(3,3,'False','-','',''),(5,5,'False','-','',''),(7,7,'False','-','',''),(8,8,'True','Click to login','',''),(9,9,'','','',''),(10,10,'False','-','',''),(11,11,'False','-','',''),(12,12,'False','-','',''),(13,13,'True','Hide / Show Main Menu','',''),(14,14,'False','-','',''),(15,15,'','','',''),(16,16,'True','Authorisations','',''),(17,17,'True','Employee Creation','',''),(18,18,'True','Employee CV','',''),(19,19,'True','Employee Grid View','',''),(20,20,'True','Visual Reports','',''),(21,21,'True','Dakar Intelligence','',''),(22,22,'False','-','',''),(23,23,'True','My Company / Last Viewed','',''),(24,24,'True','Notifications','',''),(25,25,'True','New Employments','',''),(26,26,'True','Terminations','',''),(27,27,'True','Quick Links','',''),(28,28,'True','User','',''),(29,29,'False','-','',''),(30,30,'False','-','',''),(31,31,'False','-','',''),(32,32,'False','-','',''),(33,33,'False','-','',''),(34,34,'False','-','',''),(35,35,'False','-','',''),(36,36,'False','-','',''),(37,37,'False','-','',''),(38,38,'False','-','',''),(39,39,'False','-','',''),(40,40,'False','-','',''),(41,41,'False','-','',''),(42,42,'False','-','',''),(43,43,'False','-','',''),(44,44,'False','-','',''),(45,45,'False','-','',''),(46,46,'False','-','',''),(47,47,'False','-','',''),(48,48,'False','-','',''),(49,49,'False','-','',''),(50,50,'False','-','',''),(51,51,'False','-','',''),(52,52,'False','-','',''),(53,53,'False','-','',''),(54,54,'False','-','',''),(55,55,'False','-','',''),(56,56,'False','-','',''),(57,57,'False','-','',''),(58,58,'False','-','',''),(59,59,'False','-','',''),(60,60,'False','-','',''),(61,61,'False','-','',''),(62,62,'False','-','',''),(63,63,'False','-','',''),(64,64,'False','-','',''),(65,65,'False','-','',''),(66,66,'False','-','',''),(67,67,'False','-','',''),(68,68,'False','-','',''),(69,69,'False','-','',''),(70,70,'False','-','',''),(71,71,'False','-','',''),(72,72,'False','-','',''),(73,73,'False','-','',''),(74,74,'False','-','',''),(75,75,'False','-','',''),(76,76,'False','-','',''),(77,77,'False','-','',''),(78,78,'False','-','',''),(79,79,'False','-','',''),(80,80,'False','-','',''),(81,81,'False','-','',''),(82,82,'False','-','',''),(83,83,'False','-','',''),(84,84,'False','-','',''),(85,85,'False','-','',''),(86,86,'False','-','',''),(87,87,'False','-','',''),(88,88,'False','-','',''),(89,89,'False','-','',''),(90,90,'False','-','',''),(91,91,'False','-','',''),(92,92,'False','-','',''),(93,93,'False','-','',''),(94,94,'False','-','',''),(95,95,'False','-','',''),(96,96,'False','-','',''),(97,97,'False','-','',''),(98,98,'False','-','',''),(99,99,'False','-','',''),(100,100,'False','-','',''),(101,101,'False','-','',''),(102,102,'False','-','',''),(103,103,'False','-','',''),(104,104,'False','-','',''),(105,105,'False','-','',''),(106,106,'False','-','',''),(107,107,'False','-','',''),(108,108,'False','-','',''),(109,109,'False','-','',''),(110,110,'False','-','',''),(111,111,'False','-','',''),(112,112,'False','-','',''),(113,113,'False','-','',''),(114,114,'False','-','',''),(115,115,'False','-','',''),(116,116,'False','-','',''),(117,117,'False','-','',''),(118,118,'False','-','',''),(119,119,'False','-','',''),(120,120,'False','-','',''),(121,121,'False','-','',''),(122,122,'False','-','',''),(123,123,'False','-','',''),(124,124,'False','-','',''),(125,125,'False','-','',''),(126,126,'False','-','',''),(127,127,'False','-','',''),(128,128,'False','-','',''),(129,129,'False','-','',''),(130,130,'False','-','',''),(131,131,'False','-','',''),(132,132,'False','-','',''),(133,133,'False','-','',''),(134,134,'False','-','',''),(135,135,'False','-','',''),(136,136,'False','-','',''),(137,137,'False','-','',''),(138,138,'False','-','',''),(139,139,'False','-','',''),(140,140,'False','-','',''),(141,141,'False','-','',''),(142,142,'False','-','',''),(143,143,'False','-','',''),(144,144,'False','-','',''),(145,145,'False','-','',''),(146,146,'False','-','',''),(147,147,'False','-','',''),(148,148,'False','-','',''),(149,9000,'False','-','',''),(150,9001,'False','-','',''),(151,9002,'False','-','',''),(152,9003,'False','-','',''),(153,9004,'False','-','',''),(154,9005,'False','-','',''),(155,9006,'False','-','',''),(156,9007,'False','-','',''),(157,9008,'False','-','',''),(158,9009,'False','-','',''),(159,9010,'False','-','',''),(160,9011,'False','-','',''),(161,9012,'False','-','',''),(162,9013,'False','-','',''),(163,9014,'False','-','',''),(164,9015,'False','-','',''),(165,9016,'False','-','',''),(166,9017,'False','-','',''),(167,9018,'False','-','',''),(168,149,'False','-','',''),(169,150,'False','-','',''),(170,151,'False','-','',''),(171,9019,'False','-','',''),(172,9020,'False','-','',''),(173,9021,'False','-','',''),(174,9022,'False','-','',''),(175,9023,'False','-','',''),(176,9024,'False','-','',''),(177,9025,'False','-','',''),(183,157,'False','-','',''),(184,158,'False','-','',''),(185,159,'False','-','',''),(186,160,'False','-','',''),(187,161,'False','-','',''),(188,162,'False','-','',''),(189,163,'False','-','',''),(190,164,'False','-','',''),(191,165,'False','-','',''),(192,166,'False','-','',''),(193,167,'False','-','',''),(195,170,'False','-','',''),(196,171,'False','-','',''),(197,168,'False','-','',''),(198,173,'False','-','',''),(199,174,'False','-','',''),(200,175,'False','-','',''),(201,172,'False','-','',''),(202,177,'False','-','',''),(203,178,'False','-','',''),(204,179,'False','-','',''),(205,176,'False','-','',''),(206,181,'False','-','',''),(207,182,'False','-','',''),(208,183,'False','-','',''),(209,180,'False','-','',''),(210,185,'False','-','',''),(211,186,'False','-','',''),(212,187,'False','-','',''),(213,184,'False','-','',''),(214,189,'False','-','',''),(215,190,'False','-','',''),(216,191,'False','-','',''),(217,188,'False','-','',''),(218,193,'False','-','',''),(219,194,'False','-','',''),(220,195,'False','-','',''),(221,196,'False','-','',''),(222,197,'False','-','',''),(223,192,'False','-','',''),(224,199,'False','-','',''),(225,200,'False','-','',''),(226,201,'False','-','',''),(227,198,'False','-','',''),(228,203,'False','-','',''),(229,204,'False','-','',''),(230,205,'False','-','',''),(231,206,'False','-','',''),(232,207,'False','-','',''),(233,202,'False','-','',''),(234,209,'False','-','',''),(235,210,'False','-','',''),(236,211,'False','-','',''),(237,208,'False','-','',''),(238,213,'False','-','',''),(239,214,'False','-','',''),(240,215,'False','-','',''),(241,212,'False','-','',''),(242,9026,'False','-','',''),(243,9027,'False','-','',''),(244,9028,'False','-','',''),(247,220,'False','-','',''),(248,221,'False','-','',''),(249,216,'False','-','',''),(250,223,'False','-','',''),(251,225,'False','-','',''),(252,227,'False','-','',''),(253,228,'False','-','',''),(254,226,'False','-','',''),(255,230,'False','-','',''),(256,229,'False','-','',''),(258,233,'False','-','',''),(259,235,'False','-','',''),(260,237,'False','-','',''),(261,239,'False','-','',''),(262,241,'False','-','',''),(263,243,'False','-','',''),(264,245,'False','-','',''),(265,247,'False','-','',''),(266,249,'False','-','',''),(267,251,'False','-','',''),(268,9029,'False','-','',''),(269,9030,'False','-','',''),(270,9031,'False','-','',''),(271,252,'False','-','',''),(272,254,'False','-','',''),(273,253,'False','-','',''),(274,256,'False','-','',''),(275,255,'False','-','',''),(276,257,'True','VARIABLE','',''),(277,258,'False','-','',''),(278,259,'False','-','',''),(279,260,'False','-','',''),(280,261,'False','-','',''),(281,262,'False','-','',''),(282,264,'False','-','',''),(283,263,'False','-','',''),(284,9032,'False','-','',''),(285,265,'False','-','',''),(286,266,'False','-','',''),(287,267,'False','-','',''),(288,268,'False','-','',''),(289,269,'False','-','',''),(290,270,'False','-','',''),(291,271,'False','-','',''),(292,272,'False','-','',''),(293,273,'False','-','',''),(294,274,'False','-','',''),(295,276,'False','-','',''),(296,275,'False','-','',''),(297,277,'False','-','',''),(298,279,'False','-','',''),(299,278,'False','-','',''),(301,9033,'True','Enter tool tip.','',''),(302,283,'False','-','',''),(303,280,'True','User Management','',''),(304,284,'False','-','',''),(305,286,'False','-','',''),(306,285,'False','-','',''),(307,287,'False','-','',''),(308,288,'False','-','',''),(309,289,'False','-','',''),(310,290,'False','-','',''),(311,291,'False','-','',''),(312,292,'False','-','',''),(313,9034,'True','Enter tool tip.','',''),(314,294,'False','-','',''),(315,293,'True','Quick Links','',''),(316,296,'False','-','',''),(317,295,'False','-','',''),(318,9035,'False','-','',''),(319,9036,'False','-','',''),(320,9037,'False','-','',''),(323,300,'False','-','',''),(324,301,'False','-','',''),(325,302,'False','-','',''),(326,297,'False','-','',''),(327,304,'False','-','',''),(328,305,'False','-','',''),(329,303,'False','-','',''),(330,307,'False','-','',''),(331,308,'False','-','',''),(332,306,'False','-','',''),(333,310,'False','-','',''),(334,311,'False','-','',''),(335,309,'False','-','',''),(336,312,'False','-','',''),(337,9038,'False','-','',''),(338,9039,'False','-','',''),(339,314,'False','-','',''),(340,313,'False','-','',''),(341,316,'False','-','',''),(342,317,'False','-','',''),(343,318,'False','-','',''),(344,319,'False','-','',''),(345,320,'False','-','',''),(346,9040,'False','-','',''),(347,9041,'False','-','',''),(348,9042,'False','-','',''),(349,9043,'False','-','',''),(350,9044,'True','Enter tool tip.','',''),(351,9045,'False','-','',''),(352,9046,'False','-','',''),(353,321,'False','-','',''),(354,9047,'False','-','',''),(355,323,'False','-','',''),(356,324,'False','-','',''),(357,325,'False','-','',''),(358,9048,'False','-','',''),(359,327,'False','-','',''),(360,328,'False','-','',''),(361,329,'False','-','',''),(362,330,'','','',''),(363,332,'False','-','',''),(364,333,'False','-','',''),(365,334,'False','-','',''),(366,335,'False','-','',''),(367,336,'False','-','',''),(368,331,'False','-','',''),(369,338,'False','-','',''),(370,339,'False','-','',''),(371,340,'False','-','',''),(372,341,'False','-','',''),(373,342,'False','-','',''),(374,344,'False','-','',''),(375,345,'False','-','',''),(376,346,'False','-','',''),(377,348,'False','-','',''),(378,349,'False','-','',''),(379,350,'False','-','',''),(380,351,'False','-','',''),(381,352,'False','-','',''),(382,347,'False','-','',''),(383,354,'False','-','',''),(384,355,'False','-','',''),(385,356,'False','-','',''),(386,358,'False','-','',''),(387,359,'False','-','',''),(388,360,'False','-','',''),(389,361,'False','-','',''),(390,357,'False','-','',''),(391,363,'False','-','',''),(392,364,'False','-','',''),(393,365,'False','-','',''),(394,362,'False','-','',''),(395,367,'False','-','',''),(396,368,'False','-','',''),(397,369,'False','-','',''),(398,370,'False','-','',''),(399,366,'False','-','',''),(400,372,'False','-','',''),(401,373,'False','-','',''),(402,374,'False','-','',''),(403,375,'False','-','',''),(404,371,'False','-','',''),(405,377,'False','-','',''),(406,378,'False','-','',''),(407,379,'False','-','',''),(408,380,'False','-','',''),(409,376,'False','-','',''),(410,382,'False','-','',''),(411,383,'False','-','',''),(412,384,'False','-','',''),(413,381,'False','-','',''),(414,386,'False','-','',''),(415,387,'False','-','',''),(416,388,'False','-','',''),(417,385,'False','-','',''),(418,389,'False','-','',''),(419,391,'False','-','',''),(420,392,'False','-','',''),(421,393,'False','-','',''),(422,394,'False','-','',''),(423,396,'False','-','',''),(424,397,'False','-','',''),(425,398,'False','-','',''),(426,395,'False','-','',''),(427,400,'False','-','',''),(428,401,'False','-','',''),(429,402,'False','-','',''),(430,399,'False','-','',''),(431,404,'False','-','',''),(432,405,'False','-','',''),(433,406,'False','-','',''),(434,403,'False','-','',''),(435,408,'False','-','',''),(436,409,'False','-','',''),(437,410,'False','-','',''),(438,407,'False','-','',''),(439,412,'False','-','',''),(440,413,'False','-','',''),(441,414,'False','-','',''),(442,411,'False','-','',''),(443,416,'False','-','',''),(444,417,'False','-','',''),(445,418,'False','-','',''),(446,415,'False','-','',''),(447,420,'False','-','',''),(448,421,'False','-','',''),(449,422,'False','-','',''),(450,419,'False','-','',''),(451,424,'False','-','',''),(452,425,'False','-','',''),(453,426,'False','-','',''),(454,423,'False','-','',''),(455,428,'False','-','',''),(456,429,'False','-','',''),(457,430,'False','-','',''),(458,427,'False','-','',''),(459,432,'False','-','',''),(460,433,'False','-','',''),(461,434,'False','-','',''),(462,431,'False','-','',''),(463,436,'False','-','',''),(464,437,'False','-','',''),(465,438,'False','-','',''),(466,435,'False','-','',''),(467,440,'False','-','',''),(468,441,'False','-','',''),(469,442,'False','-','',''),(470,439,'False','-','',''),(471,444,'False','-','',''),(472,445,'False','-','',''),(473,446,'False','-','',''),(474,443,'False','-','',''),(475,448,'False','-','',''),(476,449,'False','-','',''),(477,450,'True','Enter tool tip.','',''),(478,447,'False','-','',''),(479,452,'False','-','',''),(480,453,'False','-','',''),(481,454,'False','-','',''),(482,451,'False','-','',''),(483,456,'False','-','',''),(484,457,'False','-','',''),(485,458,'False','-','',''),(486,455,'False','-','',''),(487,460,'False','-','',''),(488,461,'False','-','',''),(489,462,'False','-','',''),(490,459,'False','-','',''),(491,464,'False','-','',''),(492,465,'False','-','',''),(493,466,'False','-','',''),(494,463,'False','-','',''),(495,468,'False','-','',''),(496,469,'False','-','',''),(497,470,'False','-','',''),(498,467,'False','-','',''),(499,472,'False','-','',''),(500,473,'False','-','',''),(501,474,'False','-','',''),(502,471,'False','-','',''),(503,476,'False','-','',''),(504,477,'False','-','',''),(505,478,'False','-','',''),(506,475,'False','-','',''),(507,480,'False','-','',''),(508,481,'False','-','',''),(509,482,'False','-','',''),(510,479,'False','-','',''),(511,484,'False','-','',''),(512,485,'False','-','',''),(513,486,'False','-','',''),(514,483,'False','-','',''),(515,488,'False','-','',''),(516,489,'False','-','',''),(517,490,'False','-','',''),(518,487,'False','-','',''),(519,492,'False','-','',''),(520,493,'False','-','',''),(521,494,'False','-','',''),(522,491,'False','-','',''),(523,496,'False','-','',''),(524,497,'False','-','',''),(525,498,'False','-','',''),(526,495,'False','-','',''),(527,500,'False','-','',''),(528,501,'False','-','',''),(529,502,'False','-','',''),(530,499,'False','-','',''),(531,504,'False','-','',''),(532,505,'False','-','',''),(533,506,'False','-','',''),(534,503,'False','-','',''),(535,508,'False','-','',''),(536,509,'False','-','',''),(537,510,'False','-','',''),(538,507,'False','-','',''),(539,512,'False','-','',''),(540,513,'False','-','',''),(541,514,'False','-','',''),(542,511,'False','-','',''),(543,516,'False','-','',''),(544,517,'False','-','',''),(545,518,'False','-','',''),(546,515,'False','-','',''),(547,520,'False','-','',''),(548,521,'False','-','',''),(549,522,'False','-','',''),(550,519,'False','-','',''),(551,524,'False','-','',''),(552,525,'False','-','',''),(553,526,'False','-','',''),(554,523,'False','-','',''),(555,528,'False','-','',''),(556,529,'False','-','',''),(557,530,'False','-','',''),(558,527,'False','-','',''),(559,532,'False','-','',''),(560,533,'False','-','',''),(561,534,'False','-','',''),(562,531,'False','-','',''),(563,536,'False','-','',''),(564,537,'False','-','',''),(565,538,'False','-','',''),(566,535,'False','-','',''),(567,540,'False','-','',''),(568,541,'False','-','',''),(569,542,'False','-','',''),(570,539,'False','-','',''),(571,544,'False','-','',''),(572,545,'False','-','',''),(573,546,'False','-','',''),(574,543,'False','-','',''),(575,548,'False','-','',''),(576,549,'False','-','',''),(577,550,'False','-','',''),(578,547,'False','-','',''),(579,552,'False','-','',''),(580,553,'False','-','',''),(581,554,'False','-','',''),(582,551,'False','-','','');
/*!40000 ALTER TABLE `entity_help` ENABLE KEYS */;
UNLOCK TABLES;
/*!50003 SET @saved_cs_client      = @@character_set_client */ ;
/*!50003 SET @saved_cs_results     = @@character_set_results */ ;
/*!50003 SET @saved_col_connection = @@collation_connection */ ;
/*!50003 SET character_set_client  = utf8mb4 */ ;
/*!50003 SET character_set_results = utf8mb4 */ ;
/*!50003 SET collation_connection  = utf8mb4_0900_ai_ci */ ;
/*!50003 SET @saved_sql_mode       = @@sql_mode */ ;
/*!50003 SET sql_mode              = 'ONLY_FULL_GROUP_BY,STRICT_TRANS_TABLES,NO_ZERO_IN_DATE,NO_ZERO_DATE,ERROR_FOR_DIVISION_BY_ZERO,NO_ENGINE_SUBSTITUTION' */ ;
DELIMITER ;;
/*!50003 CREATE*/ /*!50017 DEFINER=`root`@`localhost`*/ /*!50003 TRIGGER `entity_help_AFTER_INSERT` AFTER INSERT ON `entity_help` FOR EACH ROW BEGIN
	UPDATE entity SET entity_help_id = NEW.id WHERE id = NEW.entity_Id;
END */;;
DELIMITER ;
/*!50003 SET sql_mode              = @saved_sql_mode */ ;
/*!50003 SET character_set_client  = @saved_cs_client */ ;
/*!50003 SET character_set_results = @saved_cs_results */ ;
/*!50003 SET collation_connection  = @saved_col_connection */ ;

--
-- Table structure for table `entity_test`
--

DROP TABLE IF EXISTS `entity_test`;
/*!40101 SET @saved_cs_client     = @@character_set_client */;
 SET character_set_client = utf8mb4 ;
CREATE TABLE `entity_test` (
  `id` int(10) unsigned NOT NULL AUTO_INCREMENT,
  `entity_test_id` int(10) unsigned NOT NULL,
  `entity_id` int(10) unsigned NOT NULL,
  `entity_entity_id` int(10) unsigned NOT NULL,
  `entity_test_name` varchar(200) NOT NULL,
  `description` text,
  `created_on` date NOT NULL,
  `test_function` varchar(250) NOT NULL COMMENT 'Value at the start of the test',
  `data_in` varchar(1000) DEFAULT NULL COMMENT 'Expected value at the end of the test',
  `data_out` varchar(1000) DEFAULT NULL COMMENT 'Value from another source',
  `data_expected` varchar(1000) DEFAULT NULL,
  `failure_halts_test` tinyint(4) NOT NULL DEFAULT '0',
  `created_by_employee_id` varchar(45) NOT NULL,
  `last_run_date` date DEFAULT NULL,
  `last_run_time` time DEFAULT NULL,
  `parent_test_row_id` int(10) unsigned DEFAULT NULL,
  `parent_test_id` int(10) unsigned DEFAULT NULL,
  PRIMARY KEY (`id`,`entity_test_id`,`entity_id`,`entity_entity_id`),
  UNIQUE KEY `id_UNIQUE` (`id`),
  KEY `fk_entity_test_employee1_idx` (`created_by_employee_id`),
  KEY `fk_entity_test_entity_test2_idx` (`entity_test_id`) /*!80000 INVISIBLE */,
  KEY `fk_entity_test_result_entity_test1_idx` (`entity_test_id`) /*!80000 INVISIBLE */,
  KEY `fk_entity_test_has_one_or_more_categories1_idx` (`entity_test_id`),
  KEY `fk_test_suite_has_entity_test1_idx` (`entity_test_id`),
  KEY `fk_entity_test_has_version_entity_test1_idx` (`entity_test_id`),
  KEY `fk_entity_test_entity1_idx` (`entity_id`,`entity_entity_id`),
  KEY `fk_entity_test_entity_test1_idx` (`parent_test_row_id`,`parent_test_id`),
  CONSTRAINT `fk_entity_test_employee1` FOREIGN KEY (`created_by_employee_id`) REFERENCES `employee` (`id`) ON UPDATE CASCADE,
  CONSTRAINT `fk_entity_test_entity1` FOREIGN KEY (`entity_id`, `entity_entity_id`) REFERENCES `entity` (`id`, `entity_id`) ON UPDATE CASCADE,
  CONSTRAINT `fk_entity_test_entity_test1` FOREIGN KEY (`parent_test_row_id`, `parent_test_id`) REFERENCES `entity_test` (`id`, `entity_test_id`)
) ENGINE=InnoDB AUTO_INCREMENT=9019 DEFAULT CHARSET=utf8;
/*!40101 SET character_set_client = @saved_cs_client */;

--
-- Dumping data for table `entity_test`
--

LOCK TABLES `entity_test` WRITE;
/*!40000 ALTER TABLE `entity_test` DISABLE KEYS */;
INSERT INTO `entity_test` VALUES (1,1,1,1,'Top Level of: Root','This is the top level test for Root. For this to pass all its children must pass.','2021-05-16','','','','',0,'SB_1',NULL,NULL,0,0),(2,2,2,2,'Top Level of: Dakar Web','This is the top level test for Dakar Web. For this to pass all its children must pass.','2021-05-16','','','','',0,'SB_1',NULL,NULL,1,1),(3,3,3,3,'Top Level of: Login Screen','This is the top level test for Login Screen. For this to pass all its children must pass.','2021-05-16','','','','',0,'SB_1','2021-05-26','09:15:21',2,2),(5,5,5,5,'User Name','Enter user name','2021-05-16','Enter data','steveb','-','-',0,'SB_1','2021-05-26','09:15:08',3,3),(7,7,7,7,'User Password','Enter password','2021-05-16','Enter data','1234','-','-',0,'SB_1','2021-05-26','09:15:11',3,3),(8,8,8,8,'Top Level of: Login Button','This is the top level test for Login Button. For this to pass all its children must pass.','2021-05-16','','','','',0,'SB_1','2021-05-26','09:15:15',8,8),(9,9,9,9,'Top Level of: Home Page','This is the top level test for Home Page. For this to pass all its children must pass.','2021-05-16','','','','',0,'SB_1','2021-05-17','16:48:19',2,2),(10,10,10,10,'Top Level of: Home Page Info Bar','This is the top level test for Home Page Info Bar. For this to pass all its children must pass.','2021-05-16','','','','',0,'SB_1','2021-05-17','16:28:49',9,9),(12,12,12,12,'Current Module Indicator','Shows the currently selected module','2021-05-16','-','-','-','Payroll',0,'SB_1','2021-05-17','16:27:38',10,10),(13,13,13,13,'Top Level of: Menu Toggle','This is the top level test for Menu Toggle. For this to pass all its children must pass.','2021-05-16','','','','',0,'SB_1','2021-05-17','16:27:46',10,10),(14,14,14,14,'Current Company','Shows the currently selected company','2021-05-16','Peform function based on value','-','-','Mars~Mars Incorporated Ltd',0,'SB_1','2021-05-17','16:28:37',10,10),(15,15,15,15,'Top Level of: Home Page Top Right Nav Bar','This is the top level test for Home Page Top Right Nav Bar. For this to pass all its children must pass.','2021-05-16','','','','',0,'SB_1','2021-05-17','16:32:30',9,9),(16,16,16,16,'Top Level of: Authorisations','This is the top level test for Authorisations. For this to pass all its children must pass.','2021-05-16','','','','',0,'SB_1','2021-05-17','16:29:00',15,15),(17,17,17,17,'Top Level of: Employee Creation Wizard','This is the top level test for Employee Creation Wizard. For this to pass all its children must pass.','2021-05-16','','','','',0,'SB_1','2021-05-17','16:29:05',15,15),(18,18,18,18,'Top Level of: Employee CV','This is the top level test for Employee CV. For this to pass all its children must pass.','2021-05-16','','','','',0,'SB_1','2021-05-17','16:29:09',15,15),(19,19,19,19,'Top Level of: Employee Grid View','This is the top level test for Employee Grid View. For this to pass all its children must pass.','2021-05-16','','','','',0,'SB_1','2021-05-17','16:29:14',15,15),(20,20,20,20,'Top Level of: Visual Reports','This is the top level test for Visual Reports. For this to pass all its children must pass.','2021-05-16','','','','',0,'SB_1','2021-05-17','16:29:19',15,15),(21,21,21,21,'Top Level of: Dakar Intelligence','This is the top level test for Dakar Intelligence. For this to pass all its children must pass.','2021-05-16','','','','',0,'SB_1','2021-05-17','16:29:22',15,15),(22,22,22,22,'Top Level of: Organisation Chart','This is the top level test for Organisation Chart. For this to pass all its children must pass.','2021-05-16','','','','',0,'SB_1','2021-05-17','16:29:31',15,15),(23,23,23,23,'Top Level of: My Company / Last Viewed','This is the top level test for My Company / Last Viewed. For this to pass all its children must pass.','2021-05-16','','','','',0,'SB_1','2021-05-17','16:31:20',15,15),(24,24,24,24,'Top Level of: All Notifications','This is the top level test for All Notifications. For this to pass all its children must pass.','2021-05-16','','','','',0,'SB_1','2021-05-17','16:31:26',15,15),(25,25,25,25,'Top Level of: New Employments','This is the top level test for New Employments. For this to pass all its children must pass.','2021-05-16','','','','',0,'SB_1','2021-05-17','16:31:32',15,15),(26,26,26,26,'Top Level of: Terminations','This is the top level test for Terminations. For this to pass all its children must pass.','2021-05-16','','','','',0,'SB_1','2021-05-17','16:31:34',15,15),(27,27,27,27,'Top Level of: Quick Links','This is the top level test for Quick Links. For this to pass all its children must pass.','2021-05-16','','','','',0,'SB_1','2021-05-17','16:31:43',15,15),(28,28,28,28,'Top Level of: User Avatar','This is the top level test for User Avatar. For this to pass all its children must pass.','2021-05-16','','','','',0,'SB_1','2021-05-17','16:32:09',15,15),(29,29,29,29,'Top Level of: Main Menu','This is the top level test for Main Menu. For this to pass all its children must pass.','2021-05-16','','','','',0,'SB_1','2021-05-17','16:34:06',9,9),(30,30,30,30,'Top Level of: Main Menu - Payroll','This is the top level test for Main Menu - Payroll. For this to pass all its children must pass.','2021-05-16','','','','',0,'SB_1','2021-05-17','16:33:26',29,29),(31,31,31,31,'Top Level of: Employee List','This is the top level test for Employee List. For this to pass all its children must pass.','2021-05-16','','','','',0,'SB_1','2021-05-17','16:33:29',30,30),(32,32,32,32,'Top Level of: Documents','This is the top level test for Documents. For this to pass all its children must pass.','2021-05-16','','','','',0,'SB_1','2021-05-17','16:33:31',30,30),(33,33,33,33,'Top Level of: Employee Others','This is the top level test for Employee Others. For this to pass all its children must pass.','2021-05-16','','','','',0,'SB_1','2021-05-17','16:33:33',30,30),(34,34,34,34,'Top Level of: Payroll','This is the top level test for Payroll. For this to pass all its children must pass.','2021-05-16','','','','',0,'SB_1','2021-05-17','16:33:35',30,30),(35,35,35,35,'Top Level of: Payroll Statistics','This is the top level test for Payroll Statistics. For this to pass all its children must pass.','2021-05-16','','','','',0,'SB_1','2021-05-17','16:33:40',30,30),(36,36,36,36,'Top Level of: Absence Statistics','This is the top level test for Absence Statistics. For this to pass all its children must pass.','2021-05-16','','','','',0,'SB_1','2021-05-17','16:33:43',30,30),(37,37,37,37,'Top Level of: Reports','This is the top level test for Reports. For this to pass all its children must pass.','2021-05-16','','','','',0,'SB_1','2021-05-17','16:33:46',30,30),(38,38,38,38,'Top Level of: Monthly Reports','This is the top level test for Monthly Reports. For this to pass all its children must pass.','2021-05-16','','','','',0,'SB_1','2021-05-17','16:33:48',30,30),(39,39,39,39,'Top Level of: Yearly Reports','This is the top level test for Yearly Reports. For this to pass all its children must pass.','2021-05-16','','','','',0,'SB_1','2021-05-17','16:33:53',30,30),(40,40,40,40,'Top Level of: Bulk Updates','This is the top level test for Bulk Updates. For this to pass all its children must pass.','2021-05-16','','','','',0,'SB_1','2021-05-17','16:33:55',30,30),(41,41,41,41,'Top Level of: Settings','This is the top level test for Settings. For this to pass all its children must pass.','2021-05-16','','','','',0,'SB_1','2021-05-17','16:34:02',30,30),(42,42,42,42,'Top Level of: Authorisations Form','This is the top level test for Authorisations Form. For this to pass all its children must pass.','2021-05-17','','','','',0,'SB_1',NULL,NULL,16,16),(43,43,43,43,'Company','TODO - Enter Description','2021-05-17','-','-','-','Company',0,'SB_1',NULL,NULL,42,42),(44,44,44,44,'Company Combo','TODO - Enter Description','2021-05-17','Peform function based on value','-','-','Mars Northern Products Ltd~Mars Incorporated Ltd',0,'SB_1',NULL,NULL,42,42),(45,45,45,45,'Grouping View ','TODO - Enter Description','2021-05-17','-','-','-','Grouping View ',0,'SB_1',NULL,NULL,42,42),(46,46,46,46,'Grouping View Combo','TODO - Enter Description','2021-05-17','Peform function based on value','-','-','Authorisation Group A~GROUP B~General Group~View All Groups',0,'SB_1',NULL,NULL,42,42),(47,47,47,47,'Top Level of: Accept Criteria','This is the top level test for Accept Criteria. For this to pass all its children must pass.','2021-05-17','','','','',0,'SB_1',NULL,NULL,42,42),(48,48,48,48,'Top Level of: Authorisations Grid','This is the top level test for Authorisations Grid. For this to pass all its children must pass.','2021-05-17','','','','',0,'SB_1',NULL,NULL,42,42),(49,49,49,49,'Top Level of: Employee Creation Wizard - Step 1','This is the top level test for Employee Creation Wizard - Step 1. For this to pass all its children must pass.','2021-05-18','','','','',0,'SB_1',NULL,NULL,106,106),(50,50,50,50,'Name','Should be able to enter the employee name','2021-05-18','Enter data','TODO - Enter text that should be entered.','-','-',0,'SB_1',NULL,NULL,49,49),(51,51,51,51,'Surname','Should be able to enter the employee surname','2021-05-18','Enter data','TODO - Enter text that should be entered.','-','-',0,'SB_1',NULL,NULL,49,49),(52,52,52,52,'Identity Card Number','Should be able to enter the employee id card num. Should error if not valid.','2021-05-18','Enter data','TODO - Enter text that should be entered.','-','-',0,'SB_1',NULL,NULL,49,49),(53,53,53,53,'Employee Code','Should be able to enter the employee code. Should error if not valid code.','2021-05-18','Enter data','TODO - Enter text that should be entered.','-','-',0,'SB_1',NULL,NULL,49,49),(54,54,54,54,'Address','Should be able to enter the employee address - number','2021-05-18','Enter data','TODO - Enter text that should be entered.','-','-',0,'SB_1',NULL,NULL,49,49),(55,55,55,55,'Street','Should be able to enter the employee address - street','2021-05-18','Enter data','TODO - Enter text that should be entered.','-','-',0,'SB_1',NULL,NULL,49,49),(56,56,56,56,'Post Code','Should be able to enter the employee post code','2021-05-18','Enter data','TODO - Enter text that should be entered.','-','-',0,'SB_1',NULL,NULL,49,49),(57,57,57,57,'Select A Town','Should be able to select a town from a populated list','2021-05-18','Display data','-','-','TODO - Enter list of data separated by a ~',0,'SB_1',NULL,NULL,49,49),(58,58,58,58,'Select A Country','Should be able to select a country','2021-05-18','Display data','-','-','TODO - Enter list of data separated by a ~',0,'SB_1',NULL,NULL,49,49),(59,59,59,59,'Top Level of: Back','This is the top level test for Back. For this to pass all its children must pass.','2021-05-18','','','','',0,'SB_1',NULL,NULL,49,49),(60,60,60,60,'Top Level of: Continue','This is the top level test for Continue. For this to pass all its children must pass.','2021-05-18','','','','',0,'SB_1',NULL,NULL,49,49),(61,61,61,61,'Top Level of: Employee Creation Wizard - Step 2','This is the top level test for Employee Creation Wizard - Step 2. For this to pass all its children must pass.','2021-05-18','','','','',0,'SB_1',NULL,NULL,106,106),(62,62,62,62,'Select A Gender','Should be able to select a gender','2021-05-18','Enter data','TODO - Enter text that should be entered.','-','-',0,'SB_1',NULL,NULL,61,61),(63,63,63,63,'Date Of Birth','Should be able to enter a DOB. Should error if does not make sense','2021-05-18','Enter data','TODO - Enter text that should be entered.','-','-',0,'SB_1',NULL,NULL,61,61),(64,64,64,64,'Date Of Employment','Should be able to enter a DOE. Should error if does not make sense','2021-05-18','Enter data','TODO - Enter text that should be entered.','-','-',0,'SB_1',NULL,NULL,61,61),(65,65,65,65,'Tax Number','Should be able to enter a tax number. Should error if does not make sense','2021-05-18','Enter data','TODO - Enter text that should be entered.','-','-',0,'SB_1',NULL,NULL,61,61),(66,66,66,66,'NI Number','Should be able to enter a NI number. Should error if does not make sense','2021-05-18','Enter data','TODO - Enter text that should be entered.','-','-',0,'SB_1',NULL,NULL,61,61),(67,67,67,67,'Select A Bank','Should be able to select a bank from the list','2021-05-18','Display data','-','-','TODO - Enter list of data separated by a ~',0,'SB_1',NULL,NULL,61,61),(68,68,68,68,'IBAN Number','Should be able to enter an IBAN','2021-05-18','Enter data','TODO - Enter text that should be entered.','-','-',0,'SB_1',NULL,NULL,61,61),(69,69,69,69,'Email Address','Should be able to enter an email address. Should error if not valid.','2021-05-18','Enter data','TODO - Enter text that should be entered.','-','-',0,'SB_1',NULL,NULL,61,61),(70,70,70,70,'Mobile Number','Should be able to enter a mobile number. Should error if not valid.','2021-05-18','Enter data','TODO - Enter text that should be entered.','-','-',0,'SB_1',NULL,NULL,61,61),(71,71,71,71,'Top Level of: Back','This is the top level test for Back. For this to pass all its children must pass.','2021-05-18','','','','',0,'SB_1',NULL,NULL,61,61),(72,72,72,72,'Top Level of: Continue','This is the top level test for Continue. For this to pass all its children must pass.','2021-05-18','','','','',0,'SB_1',NULL,NULL,61,61),(73,73,73,73,'Top Level of: Employee Creation Wizard - Step 3','This is the top level test for Employee Creation Wizard - Step 3. For this to pass all its children must pass.','2021-05-18','','','','',0,'SB_1',NULL,NULL,106,106),(74,74,74,74,'Select A Tax Status','Should be able to select a tax status from a populated list.','2021-05-18','Display data','-','-','TODO - Enter list of data separated by a ~',0,'SB_1',NULL,NULL,73,73),(75,75,75,75,'Select An Employment Type','Should be able to select an employement type from a populated list.','2021-05-18','Display data','-','-','TODO - Enter list of data separated by a ~',0,'SB_1',NULL,NULL,73,73),(76,76,76,76,'Select Company','Should be able to select a company from a populated list.','2021-05-18','Display data','-','-','TODO - Enter list of data separated by a ~',0,'SB_1',NULL,NULL,73,73),(77,77,77,77,'Select A Paygroup','Should be able to select a paygroup from a populated list.','2021-05-18','Display data','-','-','TODO - Enter list of data separated by a ~',0,'SB_1',NULL,NULL,73,73),(78,78,78,78,'Select A Department','Should be able to select a department from a populated list.','2021-05-18','Display data','-','-','TODO - Enter list of data separated by a ~',0,'SB_1',NULL,NULL,73,73),(79,79,79,79,'Select a Schedule','Should be able to select a schedule from a populated list.','2021-05-18','Display data','-','-','TODO - Enter list of data separated by a ~',0,'SB_1',NULL,NULL,73,73),(80,80,80,80,'Full or Part Timer ?','Should be able to select if the emp is full or part time from a populated list.','2021-05-18','Display data','-','-','TODO - Enter list of data separated by a ~',0,'SB_1',NULL,NULL,73,73),(81,81,81,81,'Special Part Timer','Should be able to select if the emp is a special part timer from a populated list.','2021-05-18','Display data','-','-','TODO - Enter list of data separated by a ~',0,'SB_1',NULL,NULL,73,73),(82,82,82,82,'Select a Grade','Should be able to select a grade from a populated list (IF SETUP).','2021-05-18','Display data','-','-','TODO - Enter list of data separated by a ~',0,'SB_1',NULL,NULL,73,73),(83,83,83,83,'Select a Cost Center','Should be able to select a cost center from a populated list (IF SETUP).','2021-05-18','Display data','-','-','TODO - Enter list of data separated by a ~',0,'SB_1',NULL,NULL,73,73),(84,84,84,84,'Top Level of: Back','This is the top level test for Back. For this to pass all its children must pass.','2021-05-18','','','','',0,'SB_1',NULL,NULL,73,73),(85,85,85,85,'Top Level of: Continue','This is the top level test for Continue. For this to pass all its children must pass.','2021-05-18','','','','',0,'SB_1',NULL,NULL,73,73),(86,86,86,86,'Top Level of: Employee Creation Wizard - Step 4','This is the top level test for Employee Creation Wizard - Step 4. For this to pass all its children must pass.','2021-05-18','','','','',0,'SB_1',NULL,NULL,106,106),(87,87,87,87,'Taxable Allowance 1 (Permenant)','Should be able to choose a taxable allowance from a populated list.','2021-05-18','Display data','-','-','TODO - Enter list of data separated by a ~',0,'SB_1',NULL,NULL,86,86),(88,88,88,88,'Allowance Amount - Permanent','Should be able to enter the amount. Should error if not reasonable value.','2021-05-18','Enter data','TODO - Enter text that should be entered.','-','-',0,'SB_1',NULL,NULL,86,86),(89,89,89,89,'Taxable Allowance 2 (Permenant)','Should be able to choose a taxable allowance from a populated list.','2021-05-18','Display data','-','-','TODO - Enter list of data separated by a ~',0,'SB_1',NULL,NULL,86,86),(90,90,90,90,'Allowance Amount - Permanent','Should be able to enter the amount. Should error if not reasonable value.','2021-05-18','Enter data','TODO - Enter text that should be entered.','-','-',0,'SB_1',NULL,NULL,86,86),(91,91,91,91,'Non Taxable Allowance 1 (Permenant)','Should be able to choose a non taxable allowance from a populated list.','2021-05-18','Display data','-','-','TODO - Enter list of data separated by a ~',0,'SB_1',NULL,NULL,86,86),(92,92,92,92,'Allowance Amount - Permanent','Should be able to enter the amount. Should error if not reasonable value.','2021-05-18','Enter data','TODO - Enter text that should be entered.','-','-',0,'SB_1',NULL,NULL,86,86),(93,93,93,93,'Non Taxable Allowance 2 (Permenant)','Should be able to choose a non taxable allowance from a populated list.','2021-05-18','Display data','-','-','TODO - Enter list of data separated by a ~',0,'SB_1',NULL,NULL,86,86),(94,94,94,94,'Top Level of: Back','This is the top level test for Back. For this to pass all its children must pass.','2021-05-18','','','','',0,'SB_1',NULL,NULL,86,86),(95,95,95,95,'Top Level of: Continue','This is the top level test for Continue. For this to pass all its children must pass.','2021-05-18','','','','',0,'SB_1',NULL,NULL,86,86),(96,96,96,96,'Top Level of: Employee Creation Wizard - Step 5','This is the top level test for Employee Creation Wizard - Step 5. For this to pass all its children must pass.','2021-05-18','','','','',0,'SB_1',NULL,NULL,106,106),(97,97,97,97,'Annual Salary','Should be able to enter the amount. Should error if not reasonable value.','2021-05-18','Enter data','TODO - Enter text that should be entered.','-','-',0,'SB_1',NULL,NULL,96,96),(98,98,98,98,'Hourly Rate','Should be able to enter the amount. Should error if not reasonable value.','2021-05-18','Enter data','TODO - Enter text that should be entered.','-','-',0,'SB_1',NULL,NULL,96,96),(99,99,99,99,'Top Level of: Back','This is the top level test for Back. For this to pass all its children must pass.','2021-05-18','','','','',0,'SB_1',NULL,NULL,96,96),(100,100,100,100,'Top Level of: Create Employee','This is the top level test for Create Employee. For this to pass all its children must pass.','2021-05-18','','','','',0,'SB_1',NULL,NULL,96,96),(101,101,101,101,'Heading ECW Step 1','Is the heading correct','2021-05-18','-','-','-','Basic Details',0,'SB_1',NULL,NULL,49,49),(102,102,102,102,'Heading ECW Step 2','Is the heading correct','2021-05-18','-','-','-','Basic Details',0,'SB_1',NULL,NULL,61,61),(103,103,103,103,'Heading ECW Step 3','Is the heading correct','2021-05-18','-','-','-','Payroll Related Details',0,'SB_1',NULL,NULL,73,73),(104,104,104,104,'Heading ECW Step 4','Is the heading correct','2021-05-18','-','-','-','Permanent Allowances',0,'SB_1',NULL,NULL,86,86),(105,105,105,105,'Heading ECW Step 5','Is the heading correct','2021-05-18','-','-','-','Salary Details',0,'SB_1',NULL,NULL,96,96),(106,106,106,106,'Top Level of: Employee Creation Wizard','This is the top level test for Employee Creation Wizard. For this to pass all its children must pass.','2021-05-18','','','','',0,'SB_1',NULL,NULL,17,17),(107,107,107,107,'Employee Creation Wizard - Title','Is the title correct','2021-05-18','-','-','-','Employee Creation Wizard',0,'SB_1',NULL,NULL,106,106),(108,108,108,108,'Top Level of: Employee CV','This is the top level test for Employee CV. For this to pass all its children must pass.','2021-05-19','','','','',0,'SB_1',NULL,NULL,18,18),(109,109,109,109,'Employee CV - Title','Should display title','2021-05-19','-','-','-','Employee Payroll CV',0,'SB_1',NULL,NULL,108,108),(110,110,110,110,'Company - Label','Should display label value','2021-05-19','-','-','-','Company',0,'SB_1',NULL,NULL,108,108),(111,111,111,111,'Company - List','Should be able to choose from a populated list','2021-05-19','Display data','-','-','Mars Northern Products Ltd~Mars Incorporated Ltd',0,'SB_1',NULL,NULL,108,108),(112,112,112,112,'Paygroup - Label','Should display label value','2021-05-19','-','-','-','Paygroup',0,'SB_1',NULL,NULL,108,108),(113,113,113,113,'Paygroup - List','Should be able to choose from a populated list','2021-05-19','Display data','-','-','Monthly Paygroup',0,'SB_1',NULL,NULL,108,108),(114,114,114,114,'Employee - Label','Should display label value','2021-05-19','-','-','-','Employees',0,'SB_1',NULL,NULL,108,108),(115,115,115,115,'Employee - List','Should be able to choose from a populated list','2021-05-19','Display data','-','-','#INF#',0,'SB_1',NULL,NULL,108,108),(116,116,116,116,'Top Level of: Accept Criteria','This is the top level test for Accept Criteria. For this to pass all its children must pass.','2021-05-19','','','','',0,'SB_1',NULL,NULL,108,108),(117,117,117,117,'Accept Criteria - Text','TODO - Enter Description','2021-05-19','-','-','-','Accept Criteria',0,'SB_1',NULL,NULL,116,116),(118,118,118,118,'Top Level of: Bio Info','This is the top level test for Bio Info. For this to pass all its children must pass.','2021-05-19','','','','',0,'SB_1',NULL,NULL,108,108),(120,120,120,120,'Employee Name','Should display employee name','2021-05-19','-','-','-','TODO - Enter header text',0,'SB_1',NULL,NULL,118,118),(121,121,121,121,'Employee Name With Salutation','Should display employee name with salutation','2021-05-19','Paragraph','-','-','TODO - Enter paragraph data',0,'SB_1',NULL,NULL,118,118),(122,122,122,122,'Employee Company','Should display employee company','2021-05-19','Paragraph','-','-','TODO - Enter paragraph data',0,'SB_1',NULL,NULL,118,118),(123,123,123,123,'Employee Birthday','Should display the employees birthday','2021-05-19','Paragraph','-','-','TODO - Enter paragraph data',0,'SB_1',NULL,NULL,118,118),(124,124,124,124,'User FaFa','Should display user fa fa','2021-05-19','-','-','-','fa fa-fw fa fa-user',0,'SB_1',NULL,NULL,118,118),(125,125,125,125,'Company FaFa','Should display bank (company) fa fa','2021-05-19','-','-','-','fa fa-fw fa fa-bank',0,'SB_1',NULL,NULL,118,118),(126,126,126,126,'Birthday FaFa','Should display birthday-cake fa fa','2021-05-19','-','-','-','fa fa-fw fa fa-birthday-cake',0,'SB_1',NULL,NULL,118,118),(127,127,127,127,'Top Level of: Bio Content','This is the top level test for Bio Content. For this to pass all its children must pass.','2021-05-19','','','','',0,'SB_1',NULL,NULL,118,118),(128,128,128,128,'Top Level of: Accordion - CV','This is the top level test for Accordion - CV. For this to pass all its children must pass.','2021-05-19','','','','',0,'SB_1',NULL,NULL,108,108),(129,129,129,129,'Top Level of: Accordion - CV - Career','This is the top level test for Accordion - CV - Career. For this to pass all its children must pass.','2021-05-19','','','','',0,'SB_1',NULL,NULL,128,128),(130,130,130,130,'Top Level of: Grid - Career','This is the top level test for Grid - Career. For this to pass all its children must pass.','2021-05-19','','','','',0,'SB_1',NULL,NULL,129,129),(131,131,131,131,'Top Level of: Acc Key - CV - Allowance','This is the top level test for Acc Key - CV - Allowance. For this to pass all its children must pass.','2021-05-19','','','','',0,'SB_1',NULL,NULL,128,128),(132,132,132,132,'Top Level of: Grid - Allowance','This is the top level test for Grid - Allowance. For this to pass all its children must pass.','2021-05-19','','','','',0,'SB_1',NULL,NULL,131,131),(133,133,133,133,'Top Level of: Acc Key - CV - Salary','This is the top level test for Acc Key - CV - Salary. For this to pass all its children must pass.','2021-05-19','','','','',0,'SB_1',NULL,NULL,128,128),(134,134,134,134,'Top Level of: Grid - Salary','This is the top level test for Grid - Salary. For this to pass all its children must pass.','2021-05-19','','','','',0,'SB_1',NULL,NULL,133,133),(135,135,135,135,'Top Level of: Acc Key - Emp Schedule','This is the top level test for Acc Key - Emp Schedule. For this to pass all its children must pass.','2021-05-19','','','','',0,'SB_1',NULL,NULL,128,128),(136,136,136,136,'Top Level of: Grid - Emp Schedule','This is the top level test for Grid - Emp Schedule. For this to pass all its children must pass.','2021-05-19','','','','',0,'SB_1',NULL,NULL,135,135),(137,137,137,137,'Top Level of: Acc Key - Working Permit','This is the top level test for Acc Key - Working Permit. For this to pass all its children must pass.','2021-05-19','','','','',0,'SB_1',NULL,NULL,128,128),(138,138,138,138,'Top Level of: Grid - Work Permit','This is the top level test for Grid - Work Permit. For this to pass all its children must pass.','2021-05-19','','','','',0,'SB_1',NULL,NULL,137,137),(139,139,139,139,'Top Level of: Save','This is the top level test for Save. For this to pass all its children must pass.','2021-05-19','','','','',0,'SB_1',NULL,NULL,108,108),(140,140,140,140,'Top Level of: Form - Save','This is the top level test for Form - Save. For this to pass all its children must pass.','2021-05-19','','','','',0,'SB_1',NULL,NULL,139,139),(141,141,141,141,'Top Level of: Form - Save - Header','This is the top level test for Form - Save - Header. For this to pass all its children must pass.','2021-05-19','','','','',0,'SB_1',NULL,NULL,140,140),(142,142,142,142,'Form - Save - Title','Should display the title of the save form','2021-05-19','-','-','-','Save Changes',0,'SB_1',NULL,NULL,141,141),(143,143,143,143,'Top Level of: Form - Save - Body','This is the top level test for Form - Save - Body. For this to pass all its children must pass.','2021-05-19','','','','',0,'SB_1',NULL,NULL,140,140),(144,144,144,144,'Top Level of: Form - Save - Footer','This is the top level test for Form - Save - Footer. For this to pass all its children must pass.','2021-05-19','','','','',0,'SB_1',NULL,NULL,140,140),(145,145,145,145,'Top Level of: Button Ok','This is the top level test for Button Ok. For this to pass all its children must pass.','2021-05-19','','','','',0,'SB_1',NULL,NULL,144,144),(146,146,146,146,'Top Level of: Button Cancel','This is the top level test for Button Cancel. For this to pass all its children must pass.','2021-05-19','','','','',0,'SB_1',NULL,NULL,144,144),(147,147,147,147,'Top Level of: Employee Grid View - Grid','This is the top level test for Employee Grid View - Grid. For this to pass all its children must pass.','2021-05-20','','','','',0,'SB_1',NULL,NULL,148,148),(148,148,148,148,'Top Level of: Employee Grid View - Form','This is the top level test for Employee Grid View - Form. For this to pass all its children must pass.','2021-05-20','','','','',0,'SB_1',NULL,NULL,19,19),(149,149,149,149,'Top Level of: Visual Reports - Form','This is the top level test for Visual Reports - Form. For this to pass all its children must pass.','2021-05-24','','','','',0,'SB_1',NULL,NULL,20,20),(150,150,150,150,'Top Level of: Dakar Intelligence - Form','This is the top level test for Dakar Intelligence - Form. For this to pass all its children must pass.','2021-05-24','','','','',0,'SB_1',NULL,NULL,21,21),(151,151,151,151,'Top Level of: Employee Reports','This is the top level test for Employee Reports. For this to pass all its children must pass.','2021-05-24','','','','',0,'SB_1',NULL,NULL,150,150),(157,157,157,157,'Top Level of: Employee Reports - Card Group','This is the top level test for Employee Reports - Card Group. For this to pass all its children must pass.','2021-05-24','','','','',0,'SB_1',NULL,NULL,151,151),(158,158,158,158,'Top Level of: Employee Reports - Employee Basic Details','This is the top level test for Employee Reports - Employee Basic Details. For this to pass all its children must pass.','2021-05-24','','','','',0,'SB_1',NULL,NULL,157,157),(159,159,159,159,'Top Level of: Employee Reports - Employee Basic Details Header','This is the top level test for Employee Reports - Employee Basic Details Header. For this to pass all its children must pass.','2021-05-24','','','','',0,'SB_1',NULL,NULL,158,158),(160,160,160,160,'Top Level of: Employee Reports - Employee Basic Details Body','This is the top level test for Employee Reports - Employee Basic Details Body. For this to pass all its children must pass.','2021-05-24','','','','',0,'SB_1',NULL,NULL,158,158),(161,161,161,161,'Employee Reports - Employee Basic Details Title','Is the title text correct?','2021-05-24','Data Out','-','-','-',0,'SB_1',NULL,NULL,158,158),(162,162,162,162,'Top Level of: Employee Reports - Employee Basic Details (Grid View)','This is the top level test for Employee Reports - Employee Basic Details (Grid View). For this to pass all its children must pass.','2021-05-24','','','','',0,'SB_1',NULL,NULL,157,157),(163,163,163,163,'Top Level of: Employee Reports - Employee Basic Details (Grid View) - Card Header','This is the top level test for Employee Reports - Employee Basic Details (Grid View) - Card Header. For this to pass all its children must pass.','2021-05-24','','','','',0,'SB_1',NULL,NULL,162,162),(164,164,164,164,'Top Level of: Employee Reports - Employee Basic Details (Grid View) - Card Body','This is the top level test for Employee Reports - Employee Basic Details (Grid View) - Card Body. For this to pass all its children must pass.','2021-05-24','','','','',0,'SB_1',NULL,NULL,162,162),(165,165,165,165,'Employee Reports - Employee Basic Details (Grid View) - Card Title','Is the title text correct?','2021-05-24','-','-','-','-',0,'SB_1',NULL,NULL,162,162),(166,166,166,166,'Top Level of: Payroll Reports','This is the top level test for Payroll Reports. For this to pass all its children must pass.','2021-05-24','','','','',0,'SB_1',NULL,NULL,150,150),(167,167,167,167,'Top Level of: Payroll Reports - Card Group','This is the top level test for Payroll Reports - Card Group. For this to pass all its children must pass.','2021-05-24','','','','',0,'SB_1',NULL,NULL,166,166),(168,168,168,168,'Top Level of: Payroll Reports - Payroll Statistics - Gross/Tax/NI','This is the top level test for Payroll Reports - Payroll Statistics - Gross/Tax/NI. For this to pass all its children must pass.','2021-05-24','','','','',0,'SB_1',NULL,NULL,166,166),(170,170,170,170,'Top Level of: Payroll Reports - Payroll Statistics - Gross/Tax/NI Body','This is the top level test for Payroll Reports - Payroll Statistics - Gross/Tax/NI Body. For this to pass all its children must pass.','2021-05-24','','','','',0,'SB_1',NULL,NULL,168,168),(171,171,171,171,'Payroll Reports - Payroll Statistics - Gross/Tax/NI Title','Is the title text correct?','2021-05-24','Data Out','-','-','Payroll Statistics - (Gross/Tax/NI Title etc)',0,'SB_1',NULL,NULL,168,168),(172,172,172,172,'Top Level of: Payroll Reports - Payroll Statistics - Extras Breakdown Report','This is the top level test for Payroll Reports - Payroll Statistics - Extras Breakdown Report. For this to pass all its children must pass.','2021-05-24','','','','',0,'SB_1',NULL,NULL,170,170),(173,173,173,173,'Top Level of: Payroll Statistics - Extras Breakdown Report Header','This is the top level test for Payroll Statistics - Extras Breakdown Report Header. For this to pass all its children must pass.','2021-05-24','','','','',0,'SB_1',NULL,NULL,172,172),(174,174,174,174,'Top Level of: Payroll Statistics - Extras Breakdown Report Body','This is the top level test for Payroll Statistics - Extras Breakdown Report Body. For this to pass all its children must pass.','2021-05-24','','','','',0,'SB_1',NULL,NULL,172,172),(175,175,175,175,'Payroll Statistics - Extras Breakdown Report Title','Is the title text correct?','2021-05-24','-','-','-','Payroll Statistics - Extras Breakdown Report',0,'SB_1',NULL,NULL,172,172),(176,176,176,176,'Top Level of: Payroll Reports - Payroll - Extras Breakdown by Cost Center','This is the top level test for Payroll Reports - Payroll - Extras Breakdown by Cost Center. For this to pass all its children must pass.','2021-05-24','','','','',0,'SB_1',NULL,NULL,166,166),(177,177,177,177,'Top Level of: Payroll Reports - Payroll - Extras Breakdown by Cost Center - Card Header','This is the top level test for Payroll Reports - Payroll - Extras Breakdown by Cost Center - Card Header. For this to pass all its children must pass.','2021-05-24','','','','',0,'SB_1',NULL,NULL,176,176),(178,178,178,178,'Top Level of: Payroll Reports - Payroll - Extras Breakdown by Cost Center - Card Body','This is the top level test for Payroll Reports - Payroll - Extras Breakdown by Cost Center - Card Body. For this to pass all its children must pass.','2021-05-24','','','','',0,'SB_1',NULL,NULL,176,176),(179,179,179,179,'Payroll Reports - Payroll - Extras Breakdown by Cost Center - Card Title','Is the title text correct?','2021-05-24','-','-','-','Payroll Statistics - Extras Breakdown by Cost Center Report',0,'SB_1',NULL,NULL,176,176),(180,180,180,180,'Top Level of: Payroll Reports - Payroll - Allowances Breakdown','This is the top level test for Payroll Reports - Payroll - Allowances Breakdown. For this to pass all its children must pass.','2021-05-24','','','','',0,'SB_1',NULL,NULL,166,166),(181,181,181,181,'Top Level of: Payroll Reports - Payroll - Allowances Breakdown - Element Header','This is the top level test for Payroll Reports - Payroll - Allowances Breakdown - Element Header. For this to pass all its children must pass.','2021-05-24','','','','',0,'SB_1',NULL,NULL,180,180),(182,182,182,182,'Top Level of: Payroll Reports - Payroll - Allowances Breakdown - Card Body','This is the top level test for Payroll Reports - Payroll - Allowances Breakdown - Card Body. For this to pass all its children must pass.','2021-05-24','','','','',0,'SB_1',NULL,NULL,181,181),(183,183,183,183,'Payroll Reports - Payroll - Allowances Breakdown - Card Title','Is the title text correct?','2021-05-24','-','-','-','Payroll Statistics - Allowance Breakdown Report',0,'SB_1',NULL,NULL,180,180),(184,184,184,184,'Top Level of: Payroll Reports - Payroll Statistics - Bank Cash Payments','This is the top level test for Payroll Reports - Payroll Statistics - Bank Cash Payments. For this to pass all its children must pass.','2021-05-24','','','','',0,'SB_1',NULL,NULL,166,166),(185,185,185,185,'Top Level of: Payroll Reports - Payroll Statistics - Bank Cash Payments - Element Header','This is the top level test for Payroll Reports - Payroll Statistics - Bank Cash Payments - Element Header. For this to pass all its children must pass.','2021-05-24','','','','',0,'SB_1',NULL,NULL,184,184),(186,186,186,186,'Top Level of: Payroll Reports - Payroll Statistics - Bank Cash Payments - Card Body','This is the top level test for Payroll Reports - Payroll Statistics - Bank Cash Payments - Card Body. For this to pass all its children must pass.','2021-05-24','','','','',0,'SB_1',NULL,NULL,185,185),(187,187,187,187,'Payroll Reports - Payroll Statistics - Bank Cash Payments - Card Title','Is the title text correct?','2021-05-24','-','-','-','-',0,'SB_1',NULL,NULL,184,184),(188,188,188,188,'Top Level of: Payroll Reports - Payroll Statistics - Unions','This is the top level test for Payroll Reports - Payroll Statistics - Unions. For this to pass all its children must pass.','2021-05-24','','','','',0,'SB_1',NULL,NULL,166,166),(189,189,189,189,'Top Level of: Payroll Reports - Payroll Statistics - Unions - Element Header','This is the top level test for Payroll Reports - Payroll Statistics - Unions - Element Header. For this to pass all its children must pass.','2021-05-24','','','','',0,'SB_1',NULL,NULL,188,188),(191,191,191,191,'Payroll Reports - Payroll Statistics - Unions - Card Title','Is the title text correct?','2021-05-24','-','-','-','Payroll Statistics - Unions',0,'SB_1',NULL,NULL,188,188),(216,216,216,216,'Top Level of: Employee Reports - Card Header','This is the top level test for Employee Reports - Card Header. For this to pass all its children must pass.','2021-05-24','','','','',0,'SB_1',NULL,NULL,151,151),(220,220,220,220,'Employee Reports - Card Header - FaFa','Is it the correct FaFa?','2021-05-24','-','-','-','fa-fa-male',0,'SB_1',NULL,NULL,216,216),(221,221,221,221,'Employee Reports - Card Header - Text Element','Is the text correct?','2021-05-24','-','-','-','Employee Reports',0,'SB_1',NULL,NULL,216,216),(223,223,223,223,'Employee Reports - Employee Basic Details Header - FaFa','Is it the correct FaFa?','2021-05-24','-','-','-','fa-fa-star',0,'SB_1',NULL,NULL,159,159),(225,225,225,225,'Employee Reports - Employee Basic Details (Grid View) - Card Header - FaFa','Is it the correct FaFa?','2021-05-24','-','-','-','fa-fa-star',0,'SB_1',NULL,NULL,163,163),(226,226,226,226,'Top Level of: Payroll Reports - Card Header','This is the top level test for Payroll Reports - Card Header. For this to pass all its children must pass.','2021-05-24','','','','',0,'SB_1',NULL,NULL,166,166),(227,227,227,227,'Payroll Reports - Card Header - FaFa','Is it the correct FaFa?','2021-05-24','-','-','-','fa-fa-money',0,'SB_1',NULL,NULL,226,226),(228,228,228,228,'Payroll Reports - Card Header - Text Element','Is the text correct?','2021-05-24','-','-','-','Payroll Reports',0,'SB_1',NULL,NULL,226,226),(229,229,229,229,'Top Level of: Payroll Reports - Element Header','This is the top level test for Payroll Reports - Element Header. For this to pass all its children must pass.','2021-05-24','','','','',0,'SB_1',NULL,NULL,168,168),(230,230,230,230,'Payroll Reports - Element Header - FaFa','Is it the correct FaFa?','2021-05-24','-','-','-','fa-fa-star',0,'SB_1',NULL,NULL,229,229),(233,233,233,233,'Payroll Statistics - Extras Breakdown Report Header - FaFa','Is it the correct FaFa?','2021-05-24','-','-','-','fa-fa-star',0,'SB_1',NULL,NULL,173,173),(235,235,235,235,'Payroll Reports - Payroll - Extras Breakdown by Cost Center - Card Header - FaFa','Is it the correct FaFa?','2021-05-24','-','-','-','fa-fa-star',0,'SB_1',NULL,NULL,177,177),(237,237,237,237,'Payroll Reports - Payroll - Allowances Breakdown - Card Header - FaFa','Is it the correct FaFa?','2021-05-24','-','-','-','fa-fa-star',0,'SB_1',NULL,NULL,181,181),(239,239,239,239,'Payroll Reports - Payroll Statistics - Bank Cash Payments - Element Header - FaFa','Is it the correct FaFa?','2021-05-24','-','-','-','fa-fa-star',0,'SB_1',NULL,NULL,185,185),(241,241,241,241,'Payroll Reports - Payroll Statistics - Unions - Element Header - FaFa','Is it the correct FaFa?','2021-05-24','-','-','-','fa-fa-star',0,'SB_1',NULL,NULL,189,189),(252,252,252,252,'Top Level of: My Company / Last Viewed - DropdownMenu','This is the top level test for My Company / Last Viewed - DropdownMenu. For this to pass all its children must pass.','2021-05-25','','','','',0,'SB_1',NULL,NULL,23,23),(253,253,253,253,'Top Level of: My Company / Last Viewed - DropdownMenu - Header','This is the top level test for My Company / Last Viewed - DropdownMenu - Header. For this to pass all its children must pass.','2021-05-25','','','','',0,'SB_1',NULL,NULL,252,252),(254,254,254,254,'My Company / Last Viewed - DropdownMenu - Header - Text Element','Is the text correct?','2021-05-25','-','-','-','My Company / Last Viewed - VARIABLE',0,'SB_1',NULL,NULL,253,253),(255,255,255,255,'Top Level of: My Company / Last Viewed - DropdownMenu - Row','This is the top level test for My Company / Last Viewed - DropdownMenu - Row. For this to pass all its children must pass.','2021-05-25','','','','',0,'SB_1',NULL,NULL,252,252),(256,256,256,256,'Top Level of: My Company / Last Viewed - DropdownMenu - Row - Column 1','This is the top level test for My Company / Last Viewed - DropdownMenu - Row - Column 1. For this to pass all its children must pass.','2021-05-25','','','','',0,'SB_1',NULL,NULL,255,255),(258,258,258,258,'Top Level of: My Company / Last Viewed - DropdownMenu - Row - Column 2','This is the top level test for My Company / Last Viewed - DropdownMenu - Row - Column 2. For this to pass all its children must pass.','2021-05-25','','','','',0,'SB_1',NULL,NULL,255,255),(259,259,259,259,'My Company / Last Viewed - DropdownMenu - Text','Is the text correct?','2021-05-25','-','-','-','VARIABLE',0,'SB_1',NULL,NULL,258,258),(260,260,260,260,'Top Level of: My Company / Last Viewed - DropdownMenu - Row - Column 3','This is the top level test for My Company / Last Viewed - DropdownMenu - Row - Column 3. For this to pass all its children must pass.','2021-05-25','','','','',0,'SB_1',NULL,NULL,255,255),(261,261,261,261,'My Company / Last Viewed - DropdownMenu - Text','Is the text correct?','2021-05-25','-','-','-','VARIABLE',0,'SB_1',NULL,NULL,260,260),(262,262,262,262,'Top Level of: All Notifications - DropdownMenu','This is the top level test for All Notifications - DropdownMenu. For this to pass all its children must pass.','2021-05-25','','','','',0,'SB_1',NULL,NULL,24,24),(263,263,263,263,'Top Level of: All Notifications - DropdownMenu - Header','This is the top level test for All Notifications - DropdownMenu - Header. For this to pass all its children must pass.','2021-05-25','','','','',0,'SB_1',NULL,NULL,262,262),(264,264,264,264,'All Notifications - DropdownMenu - Header - Text Element','Is the text correct?','2021-05-25','-','-','-','All Notifications',0,'SB_1',NULL,NULL,263,263),(265,265,265,265,'Top Level of: All Notifications - DropdownMenu - Item 1','This is the top level test for All Notifications - DropdownMenu - Item 1. For this to pass all its children must pass.','2021-05-25','','','','',0,'SB_1',NULL,NULL,262,262),(266,266,266,266,'All Notifications - DropdownMenu - Item 1 - FaFa','Is it the correct FaFa?','2021-05-25','-','-','-','fa-fa-birthday-cake',0,'SB_1',NULL,NULL,265,265),(267,267,267,267,'All Notifications - DropdownMenu - Item 1 - Text','Is the text correct?','2021-05-25','-','-','-','VARIABLE',0,'SB_1',NULL,NULL,265,265),(268,268,268,268,'Top Level of: All Notifications - DropdownMenu - Item 2','This is the top level test for All Notifications - DropdownMenu - Item 2. For this to pass all its children must pass.','2021-05-25','','','','',0,'SB_1',NULL,NULL,262,262),(269,269,269,269,'All Notifications - DropdownMenu - Item 2 - FaFa','Is it the correct FaFa?','2021-05-25','-','-','-','fa-fa-hospital',0,'SB_1',NULL,NULL,268,268),(270,270,270,270,'All Notifications - DropdownMenu - Item 2 - Text','Is the text correct?','2021-05-25','-','-','-','VARIABLE',0,'SB_1',NULL,NULL,268,268),(271,271,271,271,'Top Level of: All Notifications - DropdownMenu - Item 3','This is the top level test for All Notifications - DropdownMenu - Item 3. For this to pass all its children must pass.','2021-05-25','','','','',0,'SB_1',NULL,NULL,262,262),(272,272,272,272,'All Notifications - DropdownMenu - Item 3 - FaFa','Is it the correct FaFa?','2021-05-25','-','-','-','fa-fa-male',0,'SB_1',NULL,NULL,271,271),(273,273,273,273,'All Notifications - DropdownMenu - Item 3 - Text','Is the text correct?','2021-05-25','-','-','-','VARIABLE',0,'SB_1',NULL,NULL,271,271),(274,274,274,274,'Top Level of: New Employments - DropdownMenu','This is the top level test for New Employments - DropdownMenu. For this to pass all its children must pass.','2021-05-25','','','','',0,'SB_1',NULL,NULL,25,25),(275,275,275,275,'Top Level of: New Employments - DropdownMenu - Header','This is the top level test for New Employments - DropdownMenu - Header. For this to pass all its children must pass.','2021-05-25','','','','',0,'SB_1',NULL,NULL,274,274),(276,276,276,276,'New Employments - DropdownMenu - Header - Text Element','Is the text correct?','2021-05-25','-','-','-','VARIABLE',0,'SB_1',NULL,NULL,275,275),(277,277,277,277,'Top Level of: Terminations - DropdownMenu','This is the top level test for Terminations - DropdownMenu. For this to pass all its children must pass.','2021-05-25','','','','',0,'SB_1',NULL,NULL,26,26),(278,278,278,278,'Top Level of: Terminations - DropdownMenu - Header','This is the top level test for Terminations - DropdownMenu - Header. For this to pass all its children must pass.','2021-05-25','','','','',0,'SB_1',NULL,NULL,277,277),(279,279,279,279,'Terminations - DropdownMenu - Header - Text Element','Is the text correct?','2021-05-25','-','-','-','VARIABLE',0,'SB_1',NULL,NULL,278,278),(280,280,280,280,'Top Level of: User Management','This is the top level test for User Management. For this to pass all its children must pass.','2021-05-25','','','','',0,'SB_1',NULL,NULL,15,15),(283,283,283,283,'User Management - FaFa','Is it the correct FaFa?','2021-05-25','-','-','-','fa-fa-user-circle-o',0,'SB_1',NULL,NULL,280,280),(284,284,284,284,'Top Level of: User Management - Dropdown Menu','This is the top level test for User Management - Dropdown Menu. For this to pass all its children must pass.','2021-05-25','','','','',0,'SB_1',NULL,NULL,280,280),(285,285,285,285,'Top Level of: User Management - Dropdown Menu - Header','This is the top level test for User Management - Dropdown Menu - Header. For this to pass all its children must pass.','2021-05-25','','','','',0,'SB_1',NULL,NULL,284,284),(286,286,286,286,'User Management - Dropdown Menu - Header - Text Element','Is the header text correct?','2021-05-25','-','-','-','User Management',0,'SB_1',NULL,NULL,285,285),(287,287,287,287,'Top Level of: User Management - DropdownMenu - Item 1','This is the top level test for User Management - DropdownMenu - Item 1. For this to pass all its children must pass.','2021-05-25','','','','',0,'SB_1',NULL,NULL,284,284),(288,288,288,288,'User Management - DropdownMenu - Item 1 - FaFA','Is it the correct FaFa?','2021-05-25','-','-','-','fa-fa-user',0,'SB_1',NULL,NULL,287,287),(289,289,289,289,'User Management - DropdownMenu - Item 1 - Text','Is the text correct?','2021-05-25','-','-','-','User Management',0,'SB_1',NULL,NULL,287,287),(290,290,290,290,'Top Level of: Group Authorisations - DropdownMenu - Item 2','This is the top level test for Group Authorisations - DropdownMenu - Item 2. For this to pass all its children must pass.','2021-05-25','','','','',0,'SB_1',NULL,NULL,284,284),(291,291,291,291,'Group Authorisations - DropdownMenu - Item 2 - FaFa','Is it the correct FaFa?','2021-05-25','-','-','-','fa-fa-user',0,'SB_1',NULL,NULL,290,290),(292,292,292,292,'Group Authorisations - DropdownMenu - Item 2 - Text','Is the text correct?','2021-05-25','-','-','-','Group Authorisations',0,'SB_1',NULL,NULL,290,290),(293,293,293,293,'Top Level of: Quick Links - Payroll','This is the top level test for Quick Links - Payroll. For this to pass all its children must pass.','2021-05-25','','','','',0,'SB_1',NULL,NULL,15,15),(294,294,294,294,'Quick Links - FaFa','Is it the correct FaFa?','2021-05-25','-','-','-','fa-fa-folder-open-o',0,'SB_1',NULL,NULL,293,293),(295,295,295,295,'Top Level of: Quick Links - Dropdown Menu - Header','This is the top level test for Quick Links - Dropdown Menu - Header. For this to pass all its children must pass.','2021-05-25','','','','',0,'SB_1',NULL,NULL,293,293),(296,296,296,296,'Quick Links - Dropdown Menu - Header - Text Element','Is the text correct?','2021-05-25','-','-','-','Quick Links',0,'SB_1',NULL,NULL,295,295),(297,297,297,297,'Top Level of: Quick Links - Grid','This is the top level test for Quick Links - Grid. For this to pass all its children must pass.','2021-05-25','','','','',0,'SB_1',NULL,NULL,293,293),(298,298,298,298,'Top Level of: Quick Links - Grid - JSDropdownMenuHeader','This is the top level test for Quick Links - Grid - JSDropdownMenuHeader. For this to pass all its children must pass.','2021-05-25','','','','',0,'SB_1',NULL,NULL,297,297),(299,299,299,299,'Quick Links - Grid - Text Element','Is the text correct?','2021-05-25','-','-','-','Quick Links',0,'SB_1',NULL,NULL,298,298),(300,300,300,300,'Top Level of: Quick Links - Grid- Quick Link Grid Item 1','This is the top level test for Quick Links - Grid- Quick Link Grid Item 1. For this to pass all its children must pass.','2021-05-25','','','','',0,'SB_1',NULL,NULL,297,297),(301,301,301,301,'Quick Links - Grid Item 1 - FaFa','Is it the correct FaFa?','2021-05-25','-','-','-','fa-fa-print',0,'SB_1',NULL,NULL,300,300),(302,302,302,302,'Quick Links - Grid Item 1 - Title','Is the title correct?','2021-05-25','-','-','Print Queue','-',0,'SB_1',NULL,NULL,300,300),(303,303,303,303,'Top Level of: Quick Links - Grid- Quick Link Grid Item 2','This is the top level test for Quick Links - Grid- Quick Link Grid Item 2. For this to pass all its children must pass.','2021-05-25','','','','',0,'SB_1',NULL,NULL,297,297),(304,304,304,304,'Quick Links - Grid- Quick Link Grid Item 2 - FaFa','Is it the correct FaFa?','2021-05-25','-','-','-','fa-fa-users',0,'SB_1',NULL,NULL,303,303),(305,305,305,305,'Quick Links - Grid- Quick Link Grid Item 2 - Quick Link Grid Item Title','Is the title correct?','2021-05-25','-','-','Personnel','-',0,'SB_1',NULL,NULL,303,303),(306,306,306,306,'Top Level of: Quick Links - Grid- Quick Link Grid Item 3','This is the top level test for Quick Links - Grid- Quick Link Grid Item 3. For this to pass all its children must pass.','2021-05-25','','','','',0,'SB_1',NULL,NULL,297,297),(307,307,307,307,'Quick Links - Grid- Quick Link Grid Item 3 - FaFa','Is it the correct FaFa?','2021-05-25','-','-','-','fa-fa-glass',0,'SB_1',NULL,NULL,306,306),(308,308,308,308,'Quick Links - Grid- Quick Link Grid Item 3 - Quick Link Grid Item Title','Is the title correct?','2021-05-25','-','-','Absence','-',0,'SB_1',NULL,NULL,306,306),(309,309,309,309,'Top Level of: Quick Links - Grid- Quick Link Grid Item 4','This is the top level test for Quick Links - Grid- Quick Link Grid Item 4. For this to pass all its children must pass.','2021-05-25','','','','',0,'SB_1',NULL,NULL,297,297),(310,310,310,310,'Quick Links - Grid- Quick Link Grid Item 4 - FaFa','Is it the correct FaFa?','2021-05-25','-','-','-','fa-fa-clock-o',0,'SB_1',NULL,NULL,309,309),(311,311,311,311,'Quick Links - Grid- Quick Link Grid Item 4 - Quick Link Grid Item Title','Is the title correct?','2021-05-25','-','-','T&A','-',0,'SB_1',NULL,NULL,309,309),(312,312,312,312,'Top Level of: User Avatar - Dropdwon Menu','This is the top level test for User Avatar - Dropdwon Menu. For this to pass all its children must pass.','2021-05-25','','','','',0,'SB_1',NULL,NULL,28,28),(313,313,313,313,'Top Level of: User Avatar - Dropdown Menu - Header','This is the top level test for User Avatar - Dropdown Menu - Header. For this to pass all its children must pass.','2021-05-25','','','','',0,'SB_1',NULL,NULL,312,312),(314,314,314,314,'Top Level of: User Avatar - Dropdown Menu - Header - Media Obj','This is the top level test for User Avatar - Dropdown Menu - Header - Media Obj. For this to pass all its children must pass.','2021-05-25','','','','',0,'SB_1',NULL,NULL,313,313),(316,316,316,316,'Top Level of: User Avatar - Dropdown Menu - Header - Media Object Body','This is the top level test for User Avatar - Dropdown Menu - Header - Media Object Body. For this to pass all its children must pass.','2021-05-25','','','','',0,'SB_1',NULL,NULL,314,314),(318,318,318,318,'Media Body - Header','Is the header text correct?','2021-05-25','-','-','-','VARIABLE',0,'SB_1',NULL,NULL,316,316),(319,319,319,319,'Media Body - Text','Is the text correct?','2021-05-25','-','-','-','VARIABLE',0,'SB_1',NULL,NULL,316,316),(320,320,320,320,'Media Body - Text','Is the text correct?','2021-05-25','-','-','-','VARIABLE',0,'SB_1',NULL,NULL,316,316),(321,31,321,31,'Top Level of: Employee List','This is the top level test for Employee List. For this to pass all its children must pass.','2021-05-25','','','','',0,'SB_1',NULL,NULL,30,30),(323,322,323,322,'Employee List - Text Element','Is the text correct?','2021-05-25','-','-','-','Employee List',0,'SB_1',NULL,NULL,321,31),(324,323,324,323,'Employee List - FaFa','Is it the correct FaFa?','2021-05-25','-','-','-','fa-fa-align-left',0,'SB_1',NULL,NULL,321,31),(325,324,325,324,'Top Level of: Employee List - ClickRedirect','This is the top level test for Employee List - ClickRedirect. For this to pass all its children must pass.','2021-05-25','','','','',0,'SB_1',NULL,NULL,321,31),(329,328,329,328,'Top Level of: Documents - ClickRedirect','This is the top level test for Documents - ClickRedirect. For this to pass all its children must pass.','2021-05-25','','','','',0,'SB_1',NULL,NULL,330,32),(330,32,330,32,'Top Level of: Documents','This is the top level test for Documents. For this to pass all its children must pass.','2021-05-25','','','','',0,'SB_1',NULL,NULL,30,30),(331,329,331,329,'Top Level of: Employees','This is the top level test for Employees. For this to pass all its children must pass.','2021-05-25','','','','',0,'SB_1',NULL,NULL,30,30),(338,336,338,336,'Employees - Text Element','Is the text correct?','2021-05-25','-','-','-','Employees',0,'SB_1',NULL,NULL,331,329),(340,338,340,338,'Employees - DCJQIcon','Is the icon correct?','2021-05-25','-','-','-','-',0,'SB_1',NULL,NULL,331,329),(341,339,341,339,'Top Level of: Employees - DisplayBlock','This is the top level test for Employees - DisplayBlock. For this to pass all its children must pass.','2021-05-25','','','','',0,'SB_1',NULL,NULL,331,329),(342,340,342,340,'Top Level of: Employees - Employee Details','This is the top level test for Employees - Employee Details. For this to pass all its children must pass.','2021-05-25','','','','',0,'SB_1',NULL,NULL,341,339),(344,342,344,342,'Employees - MobileLeftSideHider - Text Element','Is the text correct?','2021-05-25','-','-','-','Employee Details',0,'SB_1',NULL,NULL,342,340),(345,343,345,343,'Employees - MobileLeftSideHider - FaFa','Is it the correct FaFa?','2021-05-25','-','-','-','FaFa-EMPTY',0,'SB_1',NULL,NULL,342,340),(346,344,346,344,'Top Level of: Employees - MobileLeftSideHider - ClickRedirect','This is the top level test for Employees - MobileLeftSideHider - ClickRedirect. For this to pass all its children must pass.','2021-05-25','','','','',0,'SB_1',NULL,NULL,342,340),(347,33,347,33,'Top Level of: Employee Others','This is the top level test for Employee Others. For this to pass all its children must pass.','2021-05-25','','','','',0,'SB_1',NULL,NULL,30,30),(348,346,348,346,'Employee Others - Text Element','Is the text correct?','2021-05-25','-','-','-','Employee Others',0,'SB_1',NULL,NULL,347,33),(349,347,349,347,'Employee Others - FaFa','Is it the correct FaFa?','2021-05-25','-','-','-','fa-fa-male',0,'SB_1',NULL,NULL,347,33),(350,348,350,348,'Employee Others - DCJQIcon','Is the icon correct?','2021-05-25','-','-','-','-',0,'SB_1',NULL,NULL,347,33),(351,349,351,349,'Top Level of: Employee Others - DisplayBlock','This is the top level test for Employee Others - DisplayBlock. For this to pass all its children must pass.','2021-05-25','','','','',0,'SB_1',NULL,NULL,347,33),(352,350,352,350,'Top Level of: Employee Others - Absence Entitlements','This is the top level test for Employee Others - Absence Entitlements. For this to pass all its children must pass.','2021-05-25','','','','',0,'SB_1',NULL,NULL,347,33),(354,352,354,352,'Employee Others - Absence Entitlements - Text Element','Is the text correct?','2021-05-25','-','-','-','Absence Entitlements',0,'SB_1',NULL,NULL,352,350),(355,353,355,353,'Employee Others - Absence Entitlements - FaFa','Is it the correct FaFa?','2021-05-25','-','-','-','FaFa-EMPTY',0,'SB_1',NULL,NULL,352,350),(356,354,356,354,'Top Level of: Employee Others - Absence Entitlements - ClickRedirect','This is the top level test for Employee Others - Absence Entitlements - ClickRedirect. For this to pass all its children must pass.','2021-05-25','','','','',0,'SB_1',NULL,NULL,352,350),(357,34,357,34,'Top Level of: Payroll','This is the top level test for Payroll. For this to pass all its children must pass.','2021-05-25','','','','',0,'SB_1',NULL,NULL,30,30),(358,356,358,356,'Payroll - Text Element','Is the text correct?','2021-05-25','-','-','-','Payroll',0,'SB_1',NULL,NULL,357,34),(359,357,359,357,'Payroll - FaFa','Is it the correct FaFa?','2021-05-25','-','-','-','fa-fa-money',0,'SB_1',NULL,NULL,357,34),(360,358,360,358,'Payroll - DCJQIcon','Is the icon correct?','2021-05-25','-','-','-','-',0,'SB_1',NULL,NULL,357,34),(361,359,361,359,'Top Level of: Payroll - DisplayBlock','This is the top level test for Payroll - DisplayBlock. For this to pass all its children must pass.','2021-05-25','','','','',0,'SB_1',NULL,NULL,357,34),(362,35,362,35,'Top Level of: Payroll Statistics','This is the top level test for Payroll Statistics. For this to pass all its children must pass.','2021-05-25','','','','',0,'SB_1',NULL,NULL,30,30),(363,361,363,361,'Payroll Statistics - Text Element','Is the text correct?','2021-05-25','-','-','-','Payroll Statistics',0,'SB_1',NULL,NULL,362,35),(364,362,364,362,'Payroll Statistics - FaFa','Is it the correct FaFa?','2021-05-25','-','-','-','fa-fa-list',0,'SB_1',NULL,NULL,362,35),(365,363,365,363,'Top Level of: Payroll Statistics - ClickRedirect','This is the top level test for Payroll Statistics - ClickRedirect. For this to pass all its children must pass.','2021-05-25','','','','',0,'SB_1',NULL,NULL,362,35),(366,364,366,364,'Top Level of: Employee Statistics','This is the top level test for Employee Statistics. For this to pass all its children must pass.','2021-05-25','','','','',0,'SB_1',NULL,NULL,30,30),(367,365,367,365,'Employee Statistics - Text Element','Is the text correct?','2021-05-25','-','-','-','Employee Statistics',0,'SB_1',NULL,NULL,366,364),(368,366,368,366,'Employee Statistics - FaFa','Is it the correct FaFa?','2021-05-25','-','-','-','fa-fa-list',0,'SB_1',NULL,NULL,366,364),(369,367,369,367,'Employee Statistics - DCJQIcon','Is the icon correct?','2021-05-25','-','-','-','-',0,'SB_1',NULL,NULL,366,364),(370,368,370,368,'Top Level of: Employee Statistics - DisplayBlock','This is the top level test for Employee Statistics - DisplayBlock. For this to pass all its children must pass.','2021-05-25','','','','',0,'SB_1',NULL,NULL,366,364),(371,36,371,36,'Top Level of: Absence Statistics','This is the top level test for Absence Statistics. For this to pass all its children must pass.','2021-05-25','','','','',0,'SB_1',NULL,NULL,30,30),(372,370,372,370,'Absence Statistics - Text Element','Is the text correct?','2021-05-25','-','-','-','Absence Statistics',0,'SB_1',NULL,NULL,371,36),(373,371,373,371,'Absence Statistics - FaFa','Is it the correct FaFa?','2021-05-25','-','-','-','fa-fa-list',0,'SB_1',NULL,NULL,371,36),(374,372,374,372,'Absence Statistics - DCJQIcon','Is the icon correct?','2021-05-25','-','-','-','-',0,'SB_1',NULL,NULL,371,36),(375,373,375,373,'Top Level of: Absence Statistics - DisplayBlock','This is the top level test for Absence Statistics - DisplayBlock. For this to pass all its children must pass.','2021-05-25','','','','',0,'SB_1',NULL,NULL,371,36),(376,37,376,37,'Top Level of: Reports','This is the top level test for Reports. For this to pass all its children must pass.','2021-05-25','','','','',0,'SB_1',NULL,NULL,30,30),(377,375,377,375,'Reports - Text Element','Is the text correct?','2021-05-25','-','-','-','Reports',0,'SB_1',NULL,NULL,376,37),(378,376,378,376,'Reports - FaFa','Is it the correct FaFa?','2021-05-25','-','-','-','fa-fa-print',0,'SB_1',NULL,NULL,376,37),(379,377,379,377,'Reports - DCJQIcon','Is the icon correct?','2021-05-25','-','-','-','-',0,'SB_1',NULL,NULL,376,37),(380,378,380,378,'Top Level of: Reports - DisplayBlock','This is the top level test for Reports - DisplayBlock. For this to pass all its children must pass.','2021-05-25','','','','',0,'SB_1',NULL,NULL,376,37),(381,38,381,38,'Top Level of: Monthly Reports','This is the top level test for Monthly Reports. For this to pass all its children must pass.','2021-05-25','','','','',0,'SB_1',NULL,NULL,30,30),(382,380,382,380,'Monthly Reports - Text Element','Is the text correct?','2021-05-25','-','-','-','Monthly Reports',0,'SB_1',NULL,NULL,381,38),(383,381,383,381,'Monthly Reports - FaFa','Is it the correct FaFa?','2021-05-25','-','-','-','fa-fa-clock-o',0,'SB_1',NULL,NULL,381,38),(384,382,384,382,'Top Level of: Monthly Reports - ClickRedirect','This is the top level test for Monthly Reports - ClickRedirect. For this to pass all its children must pass.','2021-05-25','','','','',0,'SB_1',NULL,NULL,381,38),(385,39,385,39,'Top Level of: Yearly Reports','This is the top level test for Yearly Reports. For this to pass all its children must pass.','2021-05-25','','','','',0,'SB_1',NULL,NULL,30,30),(386,384,386,384,'Yearly Reports - Text Element','Is the text correct?','2021-05-25','-','-','-','Yearly Reports',0,'SB_1',NULL,NULL,385,39),(387,385,387,385,'Yearly Reports - FaFa','Is it the correct FaFa?','2021-05-25','-','-','-','fa-fa-calendar',0,'SB_1',NULL,NULL,385,39),(388,386,388,386,'Top Level of: Yearly Reports - ClickRedirect','This is the top level test for Yearly Reports - ClickRedirect. For this to pass all its children must pass.','2021-05-25','','','','',0,'SB_1',NULL,NULL,385,39),(389,40,389,40,'Top Level of: Bulk Updates','This is the top level test for Bulk Updates. For this to pass all its children must pass.','2021-05-25','','','','',0,'SB_1',NULL,NULL,30,30),(391,388,391,388,'Bulk Updates - Text Element','Is the text correct?','2021-05-25','-','-','-','Bulk Updates',0,'SB_1',NULL,NULL,389,40),(392,389,392,389,'Bulk Updates - FaFa','Is it the correct FaFa?','2021-05-25','-','-','-','fa-fa-cube',0,'SB_1',NULL,NULL,389,40),(393,390,393,390,'Bulk Updates - DCJQIcon','Is the icon correct?','2021-05-25','-','-','-','-',0,'SB_1',NULL,NULL,389,40),(394,391,394,391,'Top Level of: Bulk Updates - DisplayBlock','This is the top level test for Bulk Updates - DisplayBlock. For this to pass all its children must pass.','2021-05-25','','','','',0,'SB_1',NULL,NULL,389,40),(395,41,395,41,'Top Level of: Settings','This is the top level test for Settings. For this to pass all its children must pass.','2021-05-25','','','','',0,'SB_1',NULL,NULL,30,30),(396,393,396,393,'Settings - Text Element','Is the text correct?','2021-05-25','-','-','-','Settings',0,'SB_1',NULL,NULL,395,41),(397,394,397,394,'Settings - FaFa','Is it the correct FaFa?','2021-05-25','-','-','-','fa-fa-cogs',0,'SB_1',NULL,NULL,395,41),(398,395,398,395,'Top Level of: Settings - ClickRedirect','This is the top level test for Settings - ClickRedirect. For this to pass all its children must pass.','2021-05-25','','','','',0,'SB_1',NULL,NULL,395,41),(399,396,399,396,'Top Level of: Employees - Contact Numbers','This is the top level test for Employees - Contact Numbers. For this to pass all its children must pass.','2021-05-26','','','','',0,'SB_1',NULL,NULL,331,329),(400,397,400,397,'Employees - Contact Numbers - Text Element','Is the text correct?','2021-05-26','-','-','-','Contact Numbers',0,'SB_1',NULL,NULL,399,396),(401,398,401,398,'Employees - Contact Numbers - FaFa','Is it the correct FaFa?','2021-05-26','-','-','-','FaFa-EMPTY',0,'SB_1',NULL,NULL,399,396),(402,399,402,399,'Top Level of: Employees - Contact Numbers - ClickRedirect','This is the top level test for Employees - Contact Numbers - ClickRedirect. For this to pass all its children must pass.','2021-05-26','','','','',0,'SB_1',NULL,NULL,399,396),(403,400,403,400,'Top Level of: Employees - Banks','This is the top level test for Employees - Banks. For this to pass all its children must pass.','2021-05-26','','','','',0,'SB_1',NULL,NULL,331,329),(404,401,404,401,'Employees - Banks - Text Element','Is the text correct?','2021-05-26','-','-','-','Banks',0,'SB_1',NULL,NULL,403,400),(405,402,405,402,'Employees - Banks - FaFa','Is it the correct FaFa?','2021-05-26','-','-','-','FaFa-EMPTY',0,'SB_1',NULL,NULL,403,400),(406,403,406,403,'Top Level of: Employees - Banks - ClickRedirect','This is the top level test for Employees - Banks - ClickRedirect. For this to pass all its children must pass.','2021-05-26','','','','',0,'SB_1',NULL,NULL,403,400),(407,404,407,404,'Top Level of: Employees - Salary Details','This is the top level test for Employees - Salary Details. For this to pass all its children must pass.','2021-05-26','','','','',0,'SB_1',NULL,NULL,331,329),(408,405,408,405,'Employees - Salary Details - Text Element','Is the text correct?','2021-05-26','-','-','-','Salary Details',0,'SB_1',NULL,NULL,407,404),(409,406,409,406,'Employees - Salary Details - FaFa','Is it the correct FaFa?','2021-05-26','-','-','-','FaFa-EMPTY',0,'SB_1',NULL,NULL,407,404),(410,407,410,407,'Top Level of: Employees - Salary Details - ClickRedirect','This is the top level test for Employees - Salary Details - ClickRedirect. For this to pass all its children must pass.','2021-05-26','','','','',0,'SB_1',NULL,NULL,407,404),(411,408,411,408,'Top Level of: Employees - Career Progression','This is the top level test for Employees - Career Progression. For this to pass all its children must pass.','2021-05-26','','','','',0,'SB_1',NULL,NULL,331,329),(412,409,412,409,'Employees - Career Progression - Text Element','Is the text correct?','2021-05-26','-','-','-','Career Progression',0,'SB_1',NULL,NULL,411,408),(413,410,413,410,'Employees - Career Progression - FaFa','Is it the correct FaFa?','2021-05-26','-','-','-','FaFa-EMPTY',0,'SB_1',NULL,NULL,411,408),(414,411,414,411,'Top Level of: Employees - Career Progression - ClickRedirect','This is the top level test for Employees - Career Progression - ClickRedirect. For this to pass all its children must pass.','2021-05-26','','','','',0,'SB_1',NULL,NULL,411,408),(415,412,415,412,'Top Level of: Employees - Schedule','This is the top level test for Employees - Schedule. For this to pass all its children must pass.','2021-05-26','','','','',0,'SB_1',NULL,NULL,331,329),(416,413,416,413,'Employees - Schedule - Text Element','Is the text correct?','2021-05-26','-','-','-','Schedule',0,'SB_1',NULL,NULL,415,412),(417,414,417,414,'Employees - Schedule - FaFa','Is it the correct FaFa?','2021-05-26','-','-','-','FaFa-EMPTY',0,'SB_1',NULL,NULL,415,412),(418,415,418,415,'Top Level of: Employees - Schedule - ClickRedirect','This is the top level test for Employees - Schedule - ClickRedirect. For this to pass all its children must pass.','2021-05-26','','','','',0,'SB_1',NULL,NULL,415,412),(419,416,419,416,'Top Level of: Employees - Permanent Allowances','This is the top level test for Employees - Permanent Allowances. For this to pass all its children must pass.','2021-05-26','','','','',0,'SB_1',NULL,NULL,331,329),(420,417,420,417,'Employees - Permanent Allowances - Text Element','Is the text correct?','2021-05-26','-','-','-','Permanent Allowances',0,'SB_1',NULL,NULL,419,416),(421,418,421,418,'Employees - Permanent Allowances - FaFa','Is it the correct FaFa?','2021-05-26','-','-','-','FaFa-EMPTY',0,'SB_1',NULL,NULL,419,416),(422,419,422,419,'Top Level of: Employees - Permanent Allowances - ClickRedirect','This is the top level test for Employees - Permanent Allowances - ClickRedirect. For this to pass all its children must pass.','2021-05-26','','','','',0,'SB_1',NULL,NULL,419,416),(423,420,423,420,'Top Level of: Employees - Previous Employment','This is the top level test for Employees - Previous Employment. For this to pass all its children must pass.','2021-05-26','','','','',0,'SB_1',NULL,NULL,331,329),(424,421,424,421,'Employees - Previous Employment - Text Element','Is the text correct?','2021-05-26','-','-','-','Previous Employment',0,'SB_1',NULL,NULL,423,420),(425,422,425,422,'Employees - Previous Employment - FaFa','Is it the correct FaFa?','2021-05-26','-','-','-','FaFa-EMPTY',0,'SB_1',NULL,NULL,423,420),(426,423,426,423,'Top Level of: Employees - Previous Employment - ClickRedirect','This is the top level test for Employees - Previous Employment - ClickRedirect. For this to pass all its children must pass.','2021-05-26','','','','',0,'SB_1',NULL,NULL,423,420),(427,424,427,424,'Top Level of: Employees - Unions','This is the top level test for Employees - Unions. For this to pass all its children must pass.','2021-05-26','','','','',0,'SB_1',NULL,NULL,331,329),(428,425,428,425,'Employees - Unions - Text Element','Is the text correct?','2021-05-26','-','-','-','Unions',0,'SB_1',NULL,NULL,427,424),(429,426,429,426,'Employees - Unions - FaFa','Is it the correct FaFa?','2021-05-26','-','-','-','FaFa-EMPTY',0,'SB_1',NULL,NULL,427,424),(430,427,430,427,'Top Level of: Employees - Unions - ClickRedirect','This is the top level test for Employees - Unions - ClickRedirect. For this to pass all its children must pass.','2021-05-26','','','','',0,'SB_1',NULL,NULL,427,424),(431,428,431,428,'Top Level of: Employee Others - Advances & Payments','This is the top level test for Employee Others - Advances & Payments. For this to pass all its children must pass.','2021-05-26','','','','',0,'SB_1',NULL,NULL,347,33),(432,429,432,429,'Employee Others - Advances & Payments - Text Element','Is the text correct?','2021-05-26','-','-','-','Advances & Payments',0,'SB_1',NULL,NULL,431,428),(433,430,433,430,'Employee Others - Advances & Payment - FaFa','Is it the correct FaFa?','2021-05-26','-','-','-','FaFa-EMPTY',0,'SB_1',NULL,NULL,431,428),(434,431,434,431,'Top Level of: Employee Others - Advances & Payment - ClickRedirect','This is the top level test for Employee Others - Advances & Payment - ClickRedirect. For this to pass all its children must pass.','2021-05-26','','','','',0,'SB_1',NULL,NULL,431,428),(435,432,435,432,'Top Level of: Employee Others - Tax Arrears','This is the top level test for Employee Others - Tax Arrears. For this to pass all its children must pass.','2021-05-26','','','','',0,'SB_1',NULL,NULL,347,33),(436,433,436,433,'Employee Others - Tax Arrears - Text Element','Is the text correct?','2021-05-26','-','-','-','Tax Arrears',0,'SB_1',NULL,NULL,435,432),(437,434,437,434,'Employee Others - Tax Arrears - FaFa','Is it the correct FaFa?','2021-05-26','-','-','-','FaFa-EMPTY',0,'SB_1',NULL,NULL,435,432),(438,435,438,435,'Top Level of: Employee Others - Tax Arrears - ClickRedirect','This is the top level test for Employee Others - Tax Arrears - ClickRedirect. For this to pass all its children must pass.','2021-05-26','','','','',0,'SB_1',NULL,NULL,435,432),(439,436,439,436,'Top Level of: Employee Others - Loans','This is the top level test for Employee Others - Loans. For this to pass all its children must pass.','2021-05-26','','','','',0,'SB_1',NULL,NULL,347,33),(440,437,440,437,'Employee Others - Loans - Text Element','Is the text correct?','2021-05-26','-','-','-','Loans',0,'SB_1',NULL,NULL,439,436),(441,438,441,438,'Employee Others - Loans - FaFa','Is it the correct FaFa?','2021-05-26','-','-','-','FaFa-EMPTY',0,'SB_1',NULL,NULL,439,436),(442,439,442,439,'Top Level of: Employee Others - Loans - ClickRedirect','This is the top level test for Employee Others - Loans - ClickRedirect. For this to pass all its children must pass.','2021-05-26','','','','',0,'SB_1',NULL,NULL,439,436),(443,440,443,440,'Top Level of: Employee Others - Pensions','This is the top level test for Employee Others - Pensions. For this to pass all its children must pass.','2021-05-26','','','','',0,'SB_1',NULL,NULL,347,33),(444,441,444,441,'Employee Others - Pensions - Text Element','Is the text correct?','2021-05-26','-','-','-','Pensions',0,'SB_1',NULL,NULL,443,440),(445,442,445,442,'Employee Others - Pensions - FaFa','Is it the correct FaFa?','2021-05-26','-','-','-','FaFa-EMPTY',0,'SB_1',NULL,NULL,443,440),(446,443,446,443,'Top Level of: Employee Others - Pensions - ClickRedirect','This is the top level test for Employee Others - Pensions - ClickRedirect. For this to pass all its children must pass.','2021-05-26','','','','',0,'SB_1',NULL,NULL,443,440),(447,444,447,444,'Top Level of: Employee Others - Covid-19 Supplement','This is the top level test for Employee Others - Covid-19 Supplement. For this to pass all its children must pass.','2021-05-26','','','','',0,'SB_1',NULL,NULL,347,33),(448,445,448,445,'Employee Others - Covid-19 Supplement - Text Element','Is the text correct?','2021-05-26','-','-','-','Covid-19 Supplement',0,'SB_1',NULL,NULL,447,444),(449,446,449,446,'Employee Others - Covid-19 Supplement - FaFa','Is it the correct FaFa?','2021-05-26','-','-','-','FaFa-EMPTY',0,'SB_1',NULL,NULL,447,444),(450,447,450,447,'Top Level of: Employee Others - Covid-19 Supplement - Display form','This is the top level test for Employee Others - Covid-19 Supplement - Display form. For this to pass all its children must pass.','2021-05-26','','','','',0,'SB_1',NULL,NULL,447,444),(451,448,451,448,'Top Level of: Payroll - Initialise Payroll','This is the top level test for Payroll - Initialise Payroll. For this to pass all its children must pass.','2021-05-26','','','','',0,'SB_1',NULL,NULL,357,34),(452,449,452,449,'Payroll - Initialise Payroll - Text Element','Is the text correct?','2021-05-26','-','-','-','Initialise Payroll',0,'SB_1',NULL,NULL,451,448),(453,450,453,450,'Payroll - Initialise Payroll - FaFa','Is it the correct FaFa?','2021-05-26','-','-','-','FaFa-EMPTY',0,'SB_1',NULL,NULL,451,448),(454,451,454,451,'Top Level of: Payroll - Initialise Payroll - ClickRedirect','This is the top level test for Payroll - Initialise Payroll - ClickRedirect. For this to pass all its children must pass.','2021-05-26','','','','',0,'SB_1',NULL,NULL,451,448),(455,452,455,452,'Top Level of: Payroll - Payroll Details DrillDown','This is the top level test for Payroll - Payroll Details DrillDown. For this to pass all its children must pass.','2021-05-26','','','','',0,'SB_1',NULL,NULL,357,34),(456,453,456,453,'Payroll - Payroll Details DrillDown - Text Element','Is the text correct?','2021-05-26','-','-','-','Payroll Details DrillDown',0,'SB_1',NULL,NULL,455,452),(457,454,457,454,'Payroll - Payroll Details DrillDown - FaFa','Is it the correct FaFa?','2021-05-26','-','-','-','FaFa-EMPTY',0,'SB_1',NULL,NULL,455,452),(458,455,458,455,'Top Level of: Payroll - Payroll Details DrillDown - ClickRedirect','This is the top level test for Payroll - Payroll Details DrillDown - ClickRedirect. For this to pass all its children must pass.','2021-05-26','','','','',0,'SB_1',NULL,NULL,455,452),(459,456,459,456,'Top Level of: Payroll - Detailed Adjustments','This is the top level test for Payroll - Detailed Adjustments. For this to pass all its children must pass.','2021-05-26','','','','',0,'SB_1',NULL,NULL,357,34),(460,457,460,457,'Payroll - Detailed Adjustments - Text Element','Is the text correct?','2021-05-26','-','-','-','Detailed Adjustments',0,'SB_1',NULL,NULL,459,456),(461,458,461,458,'Payroll - Detailed Adjustments - FaFa','Is it the correct FaFa?','2021-05-26','-','-','-','FaFa-EMPTY',0,'SB_1',NULL,NULL,459,456),(462,459,462,459,'Top Level of: Payroll - Detailed Adjustments - ClickRedirect','This is the top level test for Payroll - Detailed Adjustments - ClickRedirect. For this to pass all its children must pass.','2021-05-26','','','','',0,'SB_1',NULL,NULL,459,456),(463,460,463,460,'Top Level of: Payroll - Global Adjustments','This is the top level test for Payroll - Global Adjustments. For this to pass all its children must pass.','2021-05-26','','','','',0,'SB_1',NULL,NULL,357,34),(464,461,464,461,'Payroll - Global Adjustments - Text Element','Is the text correct?','2021-05-26','-','-','-','Global Adjustments',0,'SB_1',NULL,NULL,463,460),(465,462,465,462,'Payroll - Global Adjustments - FaFa','Is it the correct FaFa?','2021-05-26','-','-','-','FaFa-EMPTY',0,'SB_1',NULL,NULL,463,460),(466,463,466,463,'Top Level of: Payroll - Global Adjustments - ClickRedirect','This is the top level test for Payroll - Global Adjustments - ClickRedirect. For this to pass all its children must pass.','2021-05-26','','','','',0,'SB_1',NULL,NULL,463,460),(467,464,467,464,'Top Level of: Payroll - Global Absences','This is the top level test for Payroll - Global Absences. For this to pass all its children must pass.','2021-05-26','','','','',0,'SB_1',NULL,NULL,357,34),(468,465,468,465,'Payroll - Global Absences - Text Element','Is the text correct?','2021-05-26','-','-','-','Global Absences',0,'SB_1',NULL,NULL,467,464),(469,466,469,466,'Payroll - Global Absences - FaFa','Is it the correct FaFa?','2021-05-26','-','-','-','FaFa-EMPTY',0,'SB_1',NULL,NULL,467,464),(470,467,470,467,'Top Level of: Payroll - Global Absences - Display form','This is the top level test for Payroll - Global Absences - Display form. For this to pass all its children must pass.','2021-05-26','','','','',0,'SB_1',NULL,NULL,467,464),(471,468,471,468,'Top Level of: Payroll - Global Extras','This is the top level test for Payroll - Global Extras. For this to pass all its children must pass.','2021-05-26','','','','',0,'SB_1',NULL,NULL,357,34),(472,469,472,469,'Payroll - Global Extras - Text Element','Is the text correct?','2021-05-26','-','-','-','Global Extras',0,'SB_1',NULL,NULL,471,468),(473,470,473,470,'Payroll - Global Extras - FaFa','Is it the correct FaFa?','2021-05-26','-','-','-','FaFa-EMPTY',0,'SB_1',NULL,NULL,471,468),(474,471,474,471,'Top Level of: Payroll - Global Extras - ClickRedirect','This is the top level test for Payroll - Global Extras - ClickRedirect. For this to pass all its children must pass.','2021-05-26','','','','',0,'SB_1',NULL,NULL,471,468),(475,472,475,472,'Top Level of: Payroll - Calculate Payroll','This is the top level test for Payroll - Calculate Payroll. For this to pass all its children must pass.','2021-05-26','','','','',0,'SB_1',NULL,NULL,357,34),(476,473,476,473,'Payroll - Calculate Payroll - Text Element','Is the text correct?','2021-05-26','-','-','-','Calculate Payroll',0,'SB_1',NULL,NULL,475,472),(477,474,477,474,'Payroll - Calculate Payroll - FaFa','Is it the correct FaFa?','2021-05-26','-','-','-','FaFa-EMPTY',0,'SB_1',NULL,NULL,475,472),(478,475,478,475,'Top Level of: Payroll - Calculate Payroll - ClickRedirect','This is the top level test for Payroll - Calculate Payroll - ClickRedirect. For this to pass all its children must pass.','2021-05-26','','','','',0,'SB_1',NULL,NULL,475,472),(479,476,479,476,'Top Level of: Payroll - Close & Lock Payroll','This is the top level test for Payroll - Close & Lock Payroll. For this to pass all its children must pass.','2021-05-26','','','','',0,'SB_1',NULL,NULL,357,34),(480,477,480,477,'Payroll - Close & Lock Payroll - Text Element','Is the text correct?','2021-05-26','-','-','-','Close & Lock Payroll',0,'SB_1',NULL,NULL,479,476),(481,478,481,478,'Payroll - Close & Lock Payroll - FaFa','Is it the correct FaFa?','2021-05-26','-','-','-','FaFa-EMPTY',0,'SB_1',NULL,NULL,479,476),(482,479,482,479,'Top Level of: Payroll - Close & Lock Payroll - ClickRedirect','This is the top level test for Payroll - Close & Lock Payroll - ClickRedirect. For this to pass all its children must pass.','2021-05-26','','','','',0,'SB_1',NULL,NULL,479,476),(483,480,483,480,'Top Level of: Payroll - Payroll Details','This is the top level test for Payroll - Payroll Details. For this to pass all its children must pass.','2021-05-26','','','','',0,'SB_1',NULL,NULL,357,34),(484,481,484,481,'Payroll - Payroll Details - Text Element','Is the text correct?','2021-05-26','-','-','-','Payroll Details',0,'SB_1',NULL,NULL,483,480),(485,482,485,482,'Payroll - Payroll Details - FaFa','Is it the correct FaFa?','2021-05-26','-','-','-','FaFa-EMPTY',0,'SB_1',NULL,NULL,483,480),(486,483,486,483,'Top Level of: Payroll - Payroll Details - ClickRedirect','This is the top level test for Payroll - Payroll Details - ClickRedirect. For this to pass all its children must pass.','2021-05-26','','','','',0,'SB_1',NULL,NULL,483,480),(487,484,487,484,'Top Level of: Payroll - Excel Payroll Uploads','This is the top level test for Payroll - Excel Payroll Uploads. For this to pass all its children must pass.','2021-05-26','','','','',0,'SB_1',NULL,NULL,357,34),(488,485,488,485,'Payroll - Excel Payroll Uploads - Text Element','Is the text correct?','2021-05-26','-','-','-','Excel Payroll Uploads',0,'SB_1',NULL,NULL,487,484),(489,486,489,486,'Payroll - Excel Payroll Uploads - FaFa','Is it the correct FaFa?','2021-05-26','-','-','-','FaFa-EMPTY',0,'SB_1',NULL,NULL,487,484),(490,487,490,487,'Top Level of: Payroll - Excel Payroll Uploads - ClickRedirect','This is the top level test for Payroll - Excel Payroll Uploads - ClickRedirect. For this to pass all its children must pass.','2021-05-26','','','','',0,'SB_1',NULL,NULL,487,484),(491,488,491,488,'Top Level of: Payroll - Calculation Statistics','This is the top level test for Payroll - Calculation Statistics. For this to pass all its children must pass.','2021-05-26','','','','',0,'SB_1',NULL,NULL,357,34),(492,489,492,489,'Payroll - Calculation Statistics - Text Element','Is the text correct?','2021-05-26','-','-','-','Calculation Statistics',0,'SB_1',NULL,NULL,491,488),(493,490,493,490,'Payroll - Calculation Statistics - FaFa','Is it the correct FaFa?','2021-05-26','-','-','-','FaFa-EMPTY',0,'SB_1',NULL,NULL,491,488),(494,491,494,491,'Top Level of: Payroll - Calculation Statistics - ClickRedirect','This is the top level test for Payroll - Calculation Statistics - ClickRedirect. For this to pass all its children must pass.','2021-05-26','','','','',0,'SB_1',NULL,NULL,491,488),(495,492,495,492,'Top Level of: Employee Statistics - Payslip Quick View','This is the top level test for Employee Statistics - Payslip Quick View. For this to pass all its children must pass.','2021-05-26','','','','',0,'SB_1',NULL,NULL,370,368),(496,493,496,493,'Employee Statistics - Payslip Quick View - Text Element','Is the text correct?','2021-05-26','-','-','-','Payslip Quick View',0,'SB_1',NULL,NULL,495,492),(497,494,497,494,'Employee Statistics - Payslip Quick View - FaFa','Is it the correct FaFa?','2021-05-26','-','-','-','FaFa-EMPTY',0,'SB_1',NULL,NULL,495,492),(498,495,498,495,'Top Level of: Employee Statistics - Payslip Quick View - ClickRedirect','This is the top level test for Employee Statistics - Payslip Quick View - ClickRedirect. For this to pass all its children must pass.','2021-05-26','','','','',0,'SB_1',NULL,NULL,495,492),(499,496,499,496,'Top Level of: Employee Statistics - FS3 Quick View','This is the top level test for Employee Statistics - FS3 Quick View. For this to pass all its children must pass.','2021-05-26','','','','',0,'SB_1',NULL,NULL,370,368),(500,497,500,497,'Employee Statistics - FS3 Quick View - Text Element','Is the text correct?','2021-05-26','-','-','-','FS3 Quick View',0,'SB_1',NULL,NULL,499,496),(501,498,501,498,'Employee Statistics - FS3 Quick View - FaFa','Is it the correct FaFa?','2021-05-26','-','-','-','FaFa-EMPTY',0,'SB_1',NULL,NULL,499,496),(502,499,502,499,'Top Level of: Employee Statistics - FS3 Quick View - ClickRedirect','This is the top level test for Employee Statistics - FS3 Quick View - ClickRedirect. For this to pass all its children must pass.','2021-05-26','','','','',0,'SB_1',NULL,NULL,499,496),(503,500,503,500,'Top Level of: Employee Statistics - Employee Payroll Statistics','This is the top level test for Employee Statistics - Employee Payroll Statistics. For this to pass all its children must pass.','2021-05-26','','','','',0,'SB_1',NULL,NULL,370,368),(504,501,504,501,'Employee Statistics - Employee Payroll Statistics - Text Element','Is the text correct?','2021-05-26','-','-','-','Employee Payroll Statistics',0,'SB_1',NULL,NULL,503,500),(505,502,505,502,'Employee Statistics - Employee Payroll Statistics - FaFa','Is it the correct FaFa?','2021-05-26','-','-','-','FaFa-EMPTY',0,'SB_1',NULL,NULL,503,500),(506,503,506,503,'Top Level of: Employee Statistics - Employee Payroll Statistics - ClickRedirect','This is the top level test for Employee Statistics - Employee Payroll Statistics - ClickRedirect. For this to pass all its children must pass.','2021-05-26','','','','',0,'SB_1',NULL,NULL,503,500),(507,504,507,504,'Top Level of: Absence Statistics - Employee Accruals','This is the top level test for Absence Statistics - Employee Accruals. For this to pass all its children must pass.','2021-05-26','','','','',0,'SB_1',NULL,NULL,375,373),(508,505,508,505,'Absence Statistics - Employee Accruals - Text Element','Is the text correct?','2021-05-26','-','-','-','Employee Accruals',0,'SB_1',NULL,NULL,507,504),(509,506,509,506,'Absence Statistics - Employee Accruals - FaFa','Is it the correct FaFa?','2021-05-26','-','-','-','FaFa-EMPTY',0,'SB_1',NULL,NULL,507,504),(510,507,510,507,'Top Level of: Absence Statistics - Employee Accruals - ClickRedirect','This is the top level test for Absence Statistics - Employee Accruals - ClickRedirect. For this to pass all its children must pass.','2021-05-26','','','','',0,'SB_1',NULL,NULL,507,504),(511,508,511,508,'Top Level of: Absence Statistics - Other Absence Statistics','This is the top level test for Absence Statistics - Other Absence Statistics. For this to pass all its children must pass.','2021-05-26','','','','',0,'SB_1',NULL,NULL,375,373),(512,509,512,509,'Absence Statistics - Other Absence Statistics - Text Element','Is the text correct?','2021-05-26','-','-','-','Other Absence Statistics',0,'SB_1',NULL,NULL,511,508),(513,510,513,510,'Absence Statistics - Other Absence Statistics - FaFa','Is it the correct FaFa?','2021-05-26','-','-','-','FaFa-EMPTY',0,'SB_1',NULL,NULL,511,508),(514,511,514,511,'Top Level of: Absence Statistics - Other Absence Statistics - ClickRedirect','This is the top level test for Absence Statistics - Other Absence Statistics - ClickRedirect. For this to pass all its children must pass.','2021-05-26','','','','',0,'SB_1',NULL,NULL,511,508),(515,512,515,512,'Top Level of: Reports - Payroll Reports','This is the top level test for Reports - Payroll Reports. For this to pass all its children must pass.','2021-05-26','','','','',0,'SB_1',NULL,NULL,380,378),(516,513,516,513,'Reports - Payroll Reports - Text Element','Is the text correct?','2021-05-26','-','-','-','Payroll Reports',0,'SB_1',NULL,NULL,515,512),(517,514,517,514,'Reports - Payroll Reports - FaFa','Is it the correct FaFa?','2021-05-26','-','-','-','FaFa-EMPTY',0,'SB_1',NULL,NULL,515,512),(518,515,518,515,'Top Level of: Reports - Payroll Reports - ClickRedirect','This is the top level test for Reports - Payroll Reports - ClickRedirect. For this to pass all its children must pass.','2021-05-26','','','','',0,'SB_1',NULL,NULL,515,512),(519,516,519,516,'Top Level of: Reports - Payslips','This is the top level test for Reports - Payslips. For this to pass all its children must pass.','2021-05-26','','','','',0,'SB_1',NULL,NULL,380,378),(520,517,520,517,'Reports - Payslips - Text Element','Is the text correct?','2021-05-26','-','-','-','Payslips',0,'SB_1',NULL,NULL,519,516),(521,518,521,518,'Reports - Payslips - FaFa','Is it the correct FaFa?','2021-05-26','-','-','-','FaFa-EMPTY',0,'SB_1',NULL,NULL,519,516),(522,519,522,519,'Top Level of: Reports - Payslips - ClickRedirect','This is the top level test for Reports - Payslips - ClickRedirect. For this to pass all its children must pass.','2021-05-26','','','','',0,'SB_1',NULL,NULL,519,516),(523,520,523,520,'Top Level of: Reports - Direct Credits','This is the top level test for Reports - Direct Credits. For this to pass all its children must pass.','2021-05-26','','','','',0,'SB_1',NULL,NULL,380,378),(524,521,524,521,'Reports - Direct Credits - Text Element','Is the text correct?','2021-05-26','-','-','-','Direct Credits',0,'SB_1',NULL,NULL,523,520),(525,522,525,522,'Reports - Direct Credits - FaFa','Is it the correct FaFa?','2021-05-26','-','-','-','FaFa-EMPTY',0,'SB_1',NULL,NULL,523,520),(526,523,526,523,'Top Level of: Reports - Direct Credits - ClickRedirect','This is the top level test for Reports - Direct Credits - ClickRedirect. For this to pass all its children must pass.','2021-05-26','','','','',0,'SB_1',NULL,NULL,523,520),(527,524,527,524,'Top Level of: Reports - Global Payroll Analysis','This is the top level test for Reports - Global Payroll Analysis. For this to pass all its children must pass.','2021-05-26','','','','',0,'SB_1',NULL,NULL,380,378),(528,525,528,525,'Reports - Global Payroll Analysis - Text Element','Is the text correct?','2021-05-26','-','-','-','Global Payroll Analysis',0,'SB_1',NULL,NULL,527,524),(529,526,529,526,'Reports - Global Payroll Analysis - FaFa','Is it the correct FaFa?','2021-05-26','-','-','-','FaFa-EMPTY',0,'SB_1',NULL,NULL,527,524),(530,527,530,527,'Top Level of: Reports - Global Payroll Analysis - ClickRedirect','This is the top level test for Reports - Global Payroll Analysis - ClickRedirect. For this to pass all its children must pass.','2021-05-26','','','','',0,'SB_1',NULL,NULL,527,524),(531,528,531,528,'Top Level of: Reports - Cheque Printing','This is the top level test for Reports - Cheque Printing. For this to pass all its children must pass.','2021-05-26','','','','',0,'SB_1',NULL,NULL,380,378),(532,529,532,529,'Reports - Cheque Printing - Text Element','Is the text correct?','2021-05-26','-','-','-','Cheque Printing',0,'SB_1',NULL,NULL,531,528),(533,530,533,530,'Reports - Cheque Printing - FaFa','Is it the correct FaFa?','2021-05-26','-','-','-','FaFa-EMPTY',0,'SB_1',NULL,NULL,531,528),(534,531,534,531,'Top Level of: Reports - Cheque Printing - ClickRedirect','This is the top level test for Reports - Cheque Printing - ClickRedirect. For this to pass all its children must pass.','2021-05-26','','','','',0,'SB_1',NULL,NULL,531,528),(535,532,535,532,'Top Level of: Reports - Adjustments Reports','This is the top level test for Reports - Adjustments Reports. For this to pass all its children must pass.','2021-05-26','','','','',0,'SB_1',NULL,NULL,380,378),(536,533,536,533,'Reports - Adjustments Reports - Text Element','Is the text correct?','2021-05-26','-','-','-','Adjustments Reports',0,'SB_1',NULL,NULL,535,532),(537,534,537,534,'Reports - Adjustments Reports - FaFa','Is it the correct FaFa?','2021-05-26','-','-','-','FaFa-EMPTY',0,'SB_1',NULL,NULL,535,532),(538,535,538,535,'Top Level of: Reports - Adjustments Reports - ClickRedirect','This is the top level test for Reports - Adjustments Reports - ClickRedirect. For this to pass all its children must pass.','2021-05-26','','','','',0,'SB_1',NULL,NULL,535,532),(539,536,539,536,'Top Level of: Reports - HR Related Reports','This is the top level test for Reports - HR Related Reports. For this to pass all its children must pass.','2021-05-26','','','','',0,'SB_1',NULL,NULL,380,378),(540,537,540,537,'Reports - HR Related Reports - Text Element','Is the text correct?','2021-05-26','-','-','-','HR Related Reports',0,'SB_1',NULL,NULL,539,536),(541,538,541,538,'Reports - HR Related Reports - FaFa','Is it the correct FaFa?','2021-05-26','-','-','-','FaFa-EMPTY',0,'SB_1',NULL,NULL,539,536),(542,539,542,539,'Top Level of: Reports - HR Related Reports - ClickRedirect','This is the top level test for Reports - HR Related Reports - ClickRedirect. For this to pass all its children must pass.','2021-05-26','','','','',0,'SB_1',NULL,NULL,539,536),(543,540,543,540,'Top Level of: Reports - Absence Related Reports','This is the top level test for Reports - Absence Related Reports. For this to pass all its children must pass.','2021-05-26','','','','',0,'SB_1',NULL,NULL,380,378),(544,541,544,541,'Reports - Absence Related Reports - Text Element','Is the text correct?','2021-05-26','-','-','-','Absence Related Reports',0,'SB_1',NULL,NULL,543,540),(545,542,545,542,'Reports - Absence Related Reports - FaFa','Is it the correct FaFa?','2021-05-26','-','-','-','FaFa-EMPTY',0,'SB_1',NULL,NULL,543,540),(546,543,546,543,'Top Level of: Reports - Absence Related Reports - ClickRedirect','This is the top level test for Reports - Absence Related Reports - ClickRedirect. For this to pass all its children must pass.','2021-05-26','','','','',0,'SB_1',NULL,NULL,543,540),(547,544,547,544,'Top Level of: Bulk Updates - COLA Salary Updates','This is the top level test for Bulk Updates - COLA Salary Updates. For this to pass all its children must pass.','2021-05-26','','','','',0,'SB_1',NULL,NULL,394,391),(548,545,548,545,'Bulk Updates - COLA Salary Updates - Text Element','Is the text correct?','2021-05-26','-','-','-','COLA Salary Updates',0,'SB_1',NULL,NULL,547,544),(549,546,549,546,'Bulk Updates - COLA Salary Updates - FaFa','Is it the correct FaFa?','2021-05-26','-','-','-','FaFa-EMPTY',0,'SB_1',NULL,NULL,547,544),(550,547,550,547,'Top Level of: Bulk Updates - COLA Salary Updates - ClickRedirect','This is the top level test for Bulk Updates - COLA Salary Updates - ClickRedirect. For this to pass all its children must pass.','2021-05-26','','','','',0,'SB_1',NULL,NULL,547,544),(551,548,551,548,'Top Level of: Bulk Updates - Employee Creation','This is the top level test for Bulk Updates - Employee Creation. For this to pass all its children must pass.','2021-05-26','','','','',0,'SB_1',NULL,NULL,394,391),(552,549,552,549,'Bulk Updates - Employee Creation - Text Element','Is the text correct?','2021-05-26','-','-','-','Employee Creation',0,'SB_1',NULL,NULL,551,548),(553,550,553,550,'Bulk Updates - Employee Creation - FaFa','Is it the correct FaFa?','2021-05-26','-','-','-','FaFa-EMPTY',0,'SB_1',NULL,NULL,551,548),(554,551,554,551,'Top Level of: Bulk Updates - Employee Creation - ClickRedirect','This is the top level test for Bulk Updates - Employee Creation - ClickRedirect. For this to pass all its children must pass.','2021-05-26','','','','',0,'SB_1',NULL,NULL,551,548),(9000,9000,9000,9000,'Top Level of: JSPanel','This is the top level test for JSPanel. For this to pass all its children must pass.','2021-05-20','','','','',0,'SB_1',NULL,NULL,1,1),(9001,9001,9001,9001,'Top Level of: JSPanel Standard','Standard JS Panel','2021-05-20','','','','',0,'SB_1',NULL,NULL,9000,9000),(9002,9002,9002,9002,'Top Level of: JSPanel Header',' JS Panel header','2021-05-20','','','','',0,'SB_1',NULL,NULL,9000,9000),(9003,9003,9003,9003,'JS Footer','Footer of JS Panel','2021-05-20','Element','-','-','-',0,'SB_1',NULL,NULL,9000,9000),(9004,9004,9004,9004,'Top Level of: JS Content','This is the top level test for JS Content. For this to pass all its children must pass.','2021-05-20','','','','',0,'SB_1',NULL,NULL,9000,9000),(9005,9005,9005,9005,'JSMinBox','Minimise JS Panel','2021-05-20','Element','-','-','-',0,'SB_1',NULL,NULL,9000,9000),(9006,9006,9006,9006,'JSResizeit','Resize JS Panel','2021-05-20','Element','-','-','-',0,'SB_1',NULL,NULL,9000,9000),(9007,9007,9007,9007,'JSHeaderLogo','JS Panel logo','2021-05-20','Element','-','-','-',0,'SB_1',NULL,NULL,9002,9002),(9008,9008,9008,9008,'Top Level of: JSTitlebar','This is the top level test for JSTitlebar. For this to pass all its children must pass.','2021-05-20','','','','',0,'SB_1',NULL,NULL,9002,9002),(9009,9009,9009,9009,'Top Level of: JSControlbar','This is the top level test for JSControlbar. For this to pass all its children must pass.','2021-05-20','','','','',0,'SB_1',NULL,NULL,9002,9002),(9010,9010,9010,9010,'Top Level of: JSHeaderToolbarActive','This is the top level test for JSHeaderToolbarActive. For this to pass all its children must pass.','2021-05-20','','','','',0,'SB_1',NULL,NULL,9002,9002),(9011,9011,9011,9011,'Top Level of: JSDropdown','This is the top level test for JSDropdown. For this to pass all its children must pass.','2021-05-20','','','','',0,'SB_1',NULL,NULL,9000,9000),(9012,9012,9012,9012,'JSDropdownToggle','JS Panel toggle','2021-05-20','Element','-','-','-',0,'SB_1',NULL,NULL,9011,9011),(9013,9013,9013,9013,'JSDropdownMenu','JS Panel dropdown menu','2021-05-20','Element','-','-','-',0,'SB_1',NULL,NULL,9011,9011),(9014,9014,9014,9014,'JSPanelSwitchRotate','Rotate thru JS Panels','2021-05-20','Element','-','-','-',0,'SB_1',NULL,NULL,9010,9010),(9015,9015,9015,9015,'JSPanelBtn','JS Panel button','2021-05-20','Element','-','-','-',0,'SB_1',NULL,NULL,9009,9009),(9016,9016,9016,9016,'JSPanelBtnNormalise','JS Panel button normalise','2021-05-20','Element','-','-','-',0,'SB_1',NULL,NULL,9009,9009),(9017,9017,9017,9017,'JSPanelBtnExpand','JS Panel button expand','2021-05-20','Element','-','-','-',0,'SB_1',NULL,NULL,9009,9009),(9018,9018,9018,9018,'Top Level of: DKGrid','This is the top level test for DKGrid. For this to pass all its children must pass.','2021-05-20','','','','',0,'SB_1',NULL,NULL,1,1);
/*!40000 ALTER TABLE `entity_test` ENABLE KEYS */;
UNLOCK TABLES;

--
-- Table structure for table `entity_test_category`
--

DROP TABLE IF EXISTS `entity_test_category`;
/*!40101 SET @saved_cs_client     = @@character_set_client */;
 SET character_set_client = utf8mb4 ;
CREATE TABLE `entity_test_category` (
  `id` int(10) unsigned NOT NULL AUTO_INCREMENT,
  `entity_test_category_name` varchar(45) NOT NULL,
  `entity_test_category_description` varchar(500) NOT NULL,
  PRIMARY KEY (`id`),
  UNIQUE KEY `id_UNIQUE` (`id`)
) ENGINE=InnoDB AUTO_INCREMENT=16 DEFAULT CHARSET=utf8;
/*!40101 SET character_set_client = @saved_cs_client */;

--
-- Dumping data for table `entity_test_category`
--

LOCK TABLES `entity_test_category` WRITE;
/*!40000 ALTER TABLE `entity_test_category` DISABLE KEYS */;
INSERT INTO `entity_test_category` VALUES (1,'None','No test category\r'),(2,'App','Overall test for the app\r'),(3,'Group App Functions','A group of app functions eg a module\r'),(4,'Group Module Functions','A group of functions for a module\r'),(5,'Group Data','An entity that groups related data\r'),(6,'Group Controls','An entity that groups controls\r'),(7,'Redirect','An entity that redirects the user eg button\r'),(8,'Info','An entity that supplies information eg info bar\r'),(9,'Display Image','Displays an image\r'),(10,'Data In/Out','Has data in and out eg text box\r'),(11,'Data In','Has data in eg text box\r'),(12,'Data Out','Has data out eg label\r'),(13,'Display Child','Displays a child form/pop up form etc\r'),(14,'Perform Function','The entity performs a function'),(15,'Menu','Navigation menu');
/*!40000 ALTER TABLE `entity_test_category` ENABLE KEYS */;
UNLOCK TABLES;

--
-- Table structure for table `entity_test_has_one_or_more_test_categories`
--

DROP TABLE IF EXISTS `entity_test_has_one_or_more_test_categories`;
/*!40101 SET @saved_cs_client     = @@character_set_client */;
 SET character_set_client = utf8mb4 ;
CREATE TABLE `entity_test_has_one_or_more_test_categories` (
  `entity_test_category_id` int(10) unsigned NOT NULL,
  `category_level` tinyint(4) NOT NULL,
  `entity_test_id` int(10) unsigned NOT NULL,
  `entity_test_entity_test_id` int(10) unsigned NOT NULL,
  PRIMARY KEY (`entity_test_category_id`,`entity_test_id`,`entity_test_entity_test_id`),
  KEY `fk_entity_test_has_entity_test_category_entity_test_categor_idx` (`entity_test_category_id`),
  KEY `fk_entity_test_has_one_or_more_test_categories_entity_test1_idx` (`entity_test_id`,`entity_test_entity_test_id`),
  CONSTRAINT `fk_entity_test_has_entity_test_category_entity_test_category1` FOREIGN KEY (`entity_test_category_id`) REFERENCES `entity_test_category` (`id`),
  CONSTRAINT `fk_entity_test_has_one_or_more_test_categories_entity_test1` FOREIGN KEY (`entity_test_id`, `entity_test_entity_test_id`) REFERENCES `entity_test` (`id`, `entity_test_id`)
) ENGINE=InnoDB DEFAULT CHARSET=utf8;
/*!40101 SET character_set_client = @saved_cs_client */;

--
-- Dumping data for table `entity_test_has_one_or_more_test_categories`
--

LOCK TABLES `entity_test_has_one_or_more_test_categories` WRITE;
/*!40000 ALTER TABLE `entity_test_has_one_or_more_test_categories` DISABLE KEYS */;
INSERT INTO `entity_test_has_one_or_more_test_categories` VALUES (2,1,2,2),(5,2,3,3),(5,2,9,9),(5,2,42,42),(5,2,106,106),(5,2,108,108),(5,2,140,140),(5,2,148,148),(5,2,149,149),(5,2,150,150),(6,1,3,3),(6,1,9,9),(6,1,42,42),(6,1,106,106),(6,1,108,108),(6,1,140,140),(6,1,148,148),(6,1,149,149),(6,1,150,150),(7,1,8,8),(7,2,10,10),(7,1,15,15),(7,1,29,29),(7,1,30,30),(7,1,325,324),(7,1,329,328),(7,1,346,344),(7,1,356,354),(7,1,365,363),(7,1,384,382),(7,1,388,386),(7,1,398,395),(7,1,402,399),(7,1,406,403),(7,1,410,407),(7,1,414,411),(7,1,418,415),(7,1,422,419),(7,1,426,423),(7,1,430,427),(7,1,434,431),(7,1,438,435),(7,1,442,439),(7,1,446,443),(7,1,450,447),(7,1,454,451),(7,1,458,455),(7,1,462,459),(7,1,466,463),(7,1,470,467),(7,1,474,471),(7,1,478,475),(7,1,482,479),(7,1,486,483),(7,1,490,487),(7,1,494,491),(7,1,498,495),(7,1,502,499),(7,1,506,503),(7,1,510,507),(7,1,514,511),(7,1,518,515),(7,1,522,519),(7,1,526,523),(7,1,530,527),(7,1,534,531),(7,1,538,535),(7,1,542,539),(7,1,546,543),(7,1,550,547),(7,1,554,551),(11,1,5,5),(11,1,7,7),(11,2,48,48),(11,1,50,50),(11,1,51,51),(11,1,52,52),(11,1,53,53),(11,1,54,54),(11,1,55,55),(11,1,56,56),(11,2,57,57),(11,2,58,58),(11,1,62,62),(11,1,63,63),(11,1,64,64),(11,1,65,65),(11,1,66,66),(11,2,67,67),(11,1,68,68),(11,1,69,69),(11,1,70,70),(11,2,74,74),(11,2,75,75),(11,2,76,76),(11,2,77,77),(11,2,78,78),(11,2,79,79),(11,2,80,80),(11,2,81,81),(11,2,82,82),(11,2,83,83),(11,2,87,87),(11,1,88,88),(11,2,89,89),(11,1,90,90),(11,2,91,91),(11,1,92,92),(11,2,93,93),(11,1,97,97),(11,1,98,98),(11,2,111,111),(11,2,113,113),(11,2,115,115),(11,2,130,130),(11,2,132,132),(11,2,134,134),(11,2,136,136),(11,2,138,138),(11,2,147,147),(12,1,10,10),(12,1,12,12),(12,2,15,15),(12,2,29,29),(12,2,30,30),(12,1,43,43),(12,1,45,45),(12,1,48,48),(12,1,57,57),(12,1,58,58),(12,1,67,67),(12,1,74,74),(12,1,75,75),(12,1,76,76),(12,1,77,77),(12,1,78,78),(12,1,79,79),(12,1,80,80),(12,1,81,81),(12,1,82,82),(12,1,83,83),(12,1,87,87),(12,1,89,89),(12,1,91,91),(12,1,93,93),(12,1,110,110),(12,1,111,111),(12,1,112,112),(12,1,113,113),(12,1,114,114),(12,1,115,115),(12,1,130,130),(12,1,132,132),(12,1,134,134),(12,1,136,136),(12,1,138,138),(12,1,147,147),(13,1,16,16),(13,1,17,17),(13,1,18,18),(13,1,19,19),(13,1,20,20),(13,1,21,21),(13,1,22,22),(13,1,23,23),(13,1,24,24),(13,1,25,25),(13,1,26,26),(13,1,27,27),(13,1,28,28),(13,1,31,31),(13,1,32,32),(13,1,33,33),(13,1,34,34),(13,1,35,35),(13,1,36,36),(13,1,37,37),(13,1,38,38),(13,1,39,39),(13,1,40,40),(13,1,41,41),(14,1,59,59),(14,1,60,60),(14,1,71,71),(14,1,72,72),(14,1,84,84),(14,1,85,85),(14,1,94,94),(14,1,95,95),(14,1,99,99),(14,1,100,100),(14,1,116,116),(14,1,139,139),(14,1,145,145),(14,1,146,146);
/*!40000 ALTER TABLE `entity_test_has_one_or_more_test_categories` ENABLE KEYS */;
UNLOCK TABLES;

--
-- Table structure for table `entity_test_has_version`
--

DROP TABLE IF EXISTS `entity_test_has_version`;
/*!40101 SET @saved_cs_client     = @@character_set_client */;
 SET character_set_client = utf8mb4 ;
CREATE TABLE `entity_test_has_version` (
  `version_id` int(10) unsigned NOT NULL,
  `entity_test_id` int(10) unsigned NOT NULL,
  `entity_test_entity_test_id` int(10) unsigned NOT NULL,
  PRIMARY KEY (`version_id`,`entity_test_id`,`entity_test_entity_test_id`),
  KEY `fk_entity_test_has_version_version1_idx` (`version_id`),
  KEY `fk_entity_test_has_version_entity_test1_idx` (`entity_test_id`,`entity_test_entity_test_id`),
  CONSTRAINT `fk_entity_test_has_version_entity_test1` FOREIGN KEY (`entity_test_id`, `entity_test_entity_test_id`) REFERENCES `entity_test` (`id`, `entity_test_id`),
  CONSTRAINT `fk_entity_test_has_version_version1` FOREIGN KEY (`version_id`) REFERENCES `version` (`id`) ON DELETE CASCADE ON UPDATE CASCADE
) ENGINE=InnoDB DEFAULT CHARSET=utf8;
/*!40101 SET character_set_client = @saved_cs_client */;

--
-- Dumping data for table `entity_test_has_version`
--

LOCK TABLES `entity_test_has_version` WRITE;
/*!40000 ALTER TABLE `entity_test_has_version` DISABLE KEYS */;
INSERT INTO `entity_test_has_version` VALUES (76,1,1),(77,2,2),(78,3,3),(80,5,5),(82,7,7),(83,8,8),(84,9,9),(85,10,10),(86,12,12),(87,14,14),(88,13,13),(89,15,15),(90,16,16),(91,17,17),(92,18,18),(93,19,19),(94,20,20),(95,21,21),(96,22,22),(97,23,23),(98,24,24),(99,25,25),(100,26,26),(101,27,27),(102,28,28),(103,29,29),(104,30,30),(105,31,31),(106,32,32),(107,33,33),(108,34,34),(109,35,35),(110,36,36),(111,37,37),(112,38,38),(113,39,39),(114,40,40),(115,41,41),(126,42,42),(127,43,43),(128,44,44),(129,45,45),(130,46,46),(131,47,47),(132,48,48),(208,106,106),(209,107,107),(210,49,49),(211,101,101),(212,50,50),(213,51,51),(214,52,52),(215,53,53),(216,54,54),(217,55,55),(218,56,56),(219,57,57),(220,58,58),(221,59,59),(222,60,60),(223,61,61),(224,102,102),(225,62,62),(226,63,63),(227,64,64),(228,65,65),(229,66,66),(230,67,67),(231,68,68),(232,69,69),(233,70,70),(234,71,71),(235,72,72),(236,73,73),(237,103,103),(238,74,74),(239,75,75),(240,76,76),(241,77,77),(242,78,78),(243,79,79),(244,80,80),(245,81,81),(246,82,82),(247,83,83),(248,84,84),(249,85,85),(250,86,86),(251,104,104),(252,87,87),(253,88,88),(254,89,89),(255,90,90),(256,91,91),(257,92,92),(258,93,93),(259,94,94),(260,95,95),(261,96,96),(262,105,105),(263,97,97),(264,98,98),(265,99,99),(266,100,100),(330,108,108),(331,109,109),(332,110,110),(333,111,111),(334,112,112),(335,113,113),(336,114,114),(337,115,115),(338,116,116),(339,117,117),(340,118,118),(341,120,120),(342,121,121),(343,122,122),(344,123,123),(345,124,124),(346,125,125),(347,126,126),(348,127,127),(349,128,128),(350,129,129),(351,130,130),(352,131,131),(353,132,132),(354,133,133),(355,134,134),(356,135,135),(357,136,136),(358,137,137),(359,138,138),(360,139,139),(361,140,140),(362,141,141),(363,142,142),(364,143,143),(365,144,144),(366,145,145),(367,146,146),(391,147,147),(392,148,148),(402,9000,9000),(403,9003,9003),(404,9005,9005),(405,9006,9006),(406,9001,9001),(407,9002,9002),(408,9007,9007),(409,9004,9004),(410,9008,9008),(411,9009,9009),(412,9015,9015),(413,9016,9016),(414,9017,9017),(415,9010,9010),(416,9014,9014),(417,9011,9011),(418,9012,9012),(419,9013,9013),(420,9018,9018),(588,149,149),(589,150,150),(590,151,151),(591,216,216),(592,220,220),(593,221,221),(594,157,157),(595,158,158),(596,161,161),(597,159,159),(598,223,223),(599,160,160),(600,162,162),(601,165,165),(602,163,163),(603,225,225),(604,164,164),(605,166,166),(606,226,226),(607,227,227),(608,228,228),(609,167,167),(610,168,168),(611,171,171),(612,229,229),(613,230,230),(614,170,170),(615,172,172),(616,175,175),(617,173,173),(618,233,233),(619,174,174),(620,176,176),(621,179,179),(622,177,177),(623,235,235),(624,178,178),(625,180,180),(626,183,183),(627,181,181),(628,237,237),(629,182,182),(630,184,184),(631,187,187),(632,185,185),(633,239,239),(634,186,186),(635,188,188),(636,191,191),(637,189,189),(638,241,241),(860,252,252),(861,253,253),(862,254,254),(863,255,255),(864,256,256),(865,258,258),(866,259,259),(867,260,260),(868,261,261),(869,262,262),(870,263,263),(871,264,264),(872,265,265),(873,266,266),(874,267,267),(875,268,268),(876,269,269),(877,270,270),(878,271,271),(879,272,272),(880,273,273),(881,274,274),(882,275,275),(883,276,276),(884,277,277),(885,278,278),(886,279,279),(887,280,280),(888,283,283),(889,284,284),(890,285,285),(891,286,286),(892,287,287),(893,288,288),(894,289,289),(895,290,290),(896,291,291),(897,292,292),(898,293,293),(899,294,294),(900,295,295),(901,296,296),(902,297,297),(903,298,298),(904,299,299),(905,300,300),(906,301,301),(907,302,302),(908,303,303),(909,304,304),(910,305,305),(911,306,306),(912,307,307),(913,308,308),(914,309,309),(915,310,310),(916,311,311),(917,312,312),(918,313,313),(919,314,314),(920,316,316),(921,318,318),(922,319,319),(923,320,320),(924,321,31),(925,323,322),(926,324,323),(927,325,324),(928,329,328),(929,330,32),(930,331,329),(931,338,336),(932,340,338),(933,341,339),(934,342,340),(935,344,342),(936,345,343),(937,346,344),(938,347,33),(939,348,346),(940,349,347),(941,350,348),(942,351,349),(943,352,350),(944,354,352),(945,355,353),(946,356,354),(947,357,34),(948,358,356),(949,359,357),(950,360,358),(951,361,359),(952,362,35),(953,363,361),(954,364,362),(955,365,363),(956,366,364),(957,367,365),(958,368,366),(959,369,367),(960,370,368),(961,371,36),(962,372,370),(963,373,371),(964,374,372),(965,375,373),(966,376,37),(967,377,375),(968,378,376),(969,379,377),(970,380,378),(971,381,38),(972,382,380),(973,383,381),(974,384,382),(975,385,39),(976,386,384),(977,387,385),(978,388,386),(979,389,40),(980,391,388),(981,392,389),(982,393,390),(983,394,391),(984,395,41),(985,396,393),(986,397,394),(987,398,395),(1222,399,396),(1223,400,397),(1224,401,398),(1225,402,399),(1226,403,400),(1227,404,401),(1228,405,402),(1229,406,403),(1230,407,404),(1231,408,405),(1232,409,406),(1233,410,407),(1234,411,408),(1235,412,409),(1236,413,410),(1237,414,411),(1238,415,412),(1239,416,413),(1240,417,414),(1241,418,415),(1242,419,416),(1243,420,417),(1244,421,418),(1245,422,419),(1246,423,420),(1247,424,421),(1248,425,422),(1249,426,423),(1250,427,424),(1251,428,425),(1252,429,426),(1253,430,427),(1254,431,428),(1255,432,429),(1256,433,430),(1257,434,431),(1258,435,432),(1259,436,433),(1260,437,434),(1261,438,435),(1262,439,436),(1263,440,437),(1264,441,438),(1265,442,439),(1266,443,440),(1267,444,441),(1268,445,442),(1269,446,443),(1270,447,444),(1271,448,445),(1272,449,446),(1273,450,447),(1274,451,448),(1275,452,449),(1276,453,450),(1277,454,451),(1278,455,452),(1279,456,453),(1280,457,454),(1281,458,455),(1282,459,456),(1283,460,457),(1284,461,458),(1285,462,459),(1286,463,460),(1287,464,461),(1288,465,462),(1289,466,463),(1290,467,464),(1291,468,465),(1292,469,466),(1293,470,467),(1294,471,468),(1295,472,469),(1296,473,470),(1297,474,471),(1298,475,472),(1299,476,473),(1300,477,474),(1301,478,475),(1302,479,476),(1303,480,477),(1304,481,478),(1305,482,479),(1306,483,480),(1307,484,481),(1308,485,482),(1309,486,483),(1310,487,484),(1311,488,485),(1312,489,486),(1313,490,487),(1314,491,488),(1315,492,489),(1316,493,490),(1317,494,491),(1318,495,492),(1319,496,493),(1320,497,494),(1321,498,495),(1322,499,496),(1323,500,497),(1324,501,498),(1325,502,499),(1326,503,500),(1327,504,501),(1328,505,502),(1329,506,503),(1330,507,504),(1331,508,505),(1332,509,506),(1333,510,507),(1334,511,508),(1335,512,509),(1336,513,510),(1337,514,511),(1338,515,512),(1339,516,513),(1340,517,514),(1341,518,515),(1342,519,516),(1343,520,517),(1344,521,518),(1345,522,519),(1346,523,520),(1347,524,521),(1348,525,522),(1349,526,523),(1350,527,524),(1351,528,525),(1352,529,526),(1353,530,527),(1354,531,528),(1355,532,529),(1356,533,530),(1357,534,531),(1358,535,532),(1359,536,533),(1360,537,534),(1361,538,535),(1362,539,536),(1363,540,537),(1364,541,538),(1365,542,539),(1366,543,540),(1367,544,541),(1368,545,542),(1369,546,543),(1370,547,544),(1371,548,545),(1372,549,546),(1373,550,547),(1374,551,548),(1375,552,549),(1376,553,550),(1377,554,551);
/*!40000 ALTER TABLE `entity_test_has_version` ENABLE KEYS */;
UNLOCK TABLES;

--
-- Table structure for table `entity_test_result`
--

DROP TABLE IF EXISTS `entity_test_result`;
/*!40101 SET @saved_cs_client     = @@character_set_client */;
 SET character_set_client = utf8mb4 ;
CREATE TABLE `entity_test_result` (
  `id` int(10) unsigned NOT NULL AUTO_INCREMENT,
  `result_timestamp` timestamp NOT NULL DEFAULT CURRENT_TIMESTAMP,
  `test_passed` enum('Pass','Fail','NR') DEFAULT NULL,
  `test_ignored` enum('TRUE','FALSE') NOT NULL,
  `comments` text,
  `entity_test_id` int(10) unsigned NOT NULL,
  `entity_test_entity_test_id` int(10) unsigned NOT NULL,
  `entity_test_entity_id` int(10) unsigned NOT NULL,
  `entity_test_entity_entity_id` int(10) unsigned NOT NULL,
  PRIMARY KEY (`id`,`entity_test_id`,`entity_test_entity_test_id`,`entity_test_entity_id`,`entity_test_entity_entity_id`),
  UNIQUE KEY `id_UNIQUE` (`id`),
  KEY `fk_entity_test_result_entity_test1_idx` (`entity_test_id`,`entity_test_entity_test_id`,`entity_test_entity_id`,`entity_test_entity_entity_id`),
  CONSTRAINT `fk_entity_test_result_entity_test1` FOREIGN KEY (`entity_test_id`, `entity_test_entity_test_id`, `entity_test_entity_id`, `entity_test_entity_entity_id`) REFERENCES `entity_test` (`id`, `entity_test_id`, `entity_id`, `entity_entity_id`) ON DELETE CASCADE ON UPDATE CASCADE
) ENGINE=InnoDB AUTO_INCREMENT=59 DEFAULT CHARSET=utf8;
/*!40101 SET character_set_client = @saved_cs_client */;

--
-- Dumping data for table `entity_test_result`
--

LOCK TABLES `entity_test_result` WRITE;
/*!40000 ALTER TABLE `entity_test_result` DISABLE KEYS */;
INSERT INTO `entity_test_result` VALUES (1,'2021-05-17 13:45:51','Pass','FALSE','None',3,3,3,3),(3,'2021-05-17 13:45:51','Pass','FALSE','None',5,5,5,5),(5,'2021-05-17 13:45:51','Pass','FALSE','None',7,7,7,7),(6,'2021-05-17 13:45:51','Pass','FALSE','None',8,8,8,8),(7,'2021-05-17 14:24:48','Pass','FALSE','Test Complete Notes',3,3,3,3),(8,'2021-05-17 14:24:48','Pass','FALSE','Test Complete Notes',5,5,5,5),(9,'2021-05-17 14:24:48','Pass','FALSE','Test Complete Notes',7,7,7,7),(10,'2021-05-17 14:24:48','Pass','FALSE','Test Complete Notes',8,8,8,8),(11,'2021-05-17 14:34:47','NR','FALSE','None',9,9,9,9),(12,'2021-05-17 14:34:47','Fail','FALSE','None',10,10,10,10),(13,'2021-05-17 14:34:47','Pass','FALSE','None',12,12,12,12),(14,'2021-05-17 14:34:47','Fail','FALSE','Test failed on no tool tip',13,13,13,13),(15,'2021-05-17 14:34:47','Pass','FALSE','None',14,14,14,14),(16,'2021-05-17 14:34:47','Fail','FALSE','Has several child failures. Mainly for tool tips.',15,15,15,15),(17,'2021-05-17 14:34:47','Pass','FALSE','None',16,16,16,16),(18,'2021-05-17 14:34:47','Pass','FALSE','None',17,17,17,17),(19,'2021-05-17 14:34:47','Pass','FALSE','None',18,18,18,18),(20,'2021-05-17 14:34:47','Pass','FALSE','None',19,19,19,19),(21,'2021-05-17 14:34:47','Pass','FALSE','None',20,20,20,20),(22,'2021-05-17 14:34:47','Pass','FALSE','None',21,21,21,21),(23,'2021-05-17 14:49:37','Fail','FALSE','Info bar and top right nav bar had failures',9,9,9,9),(24,'2021-05-17 14:49:37','Fail','FALSE','None',10,10,10,10),(25,'2021-05-17 14:49:37','Pass','FALSE','None',12,12,12,12),(26,'2021-05-17 14:49:37','Fail','FALSE','Test failed on no tool tip',13,13,13,13),(27,'2021-05-17 14:49:37','Pass','FALSE','None',14,14,14,14),(28,'2021-05-17 14:49:37','Fail','FALSE','Has several child failures. Mainly for tool tips.',15,15,15,15),(29,'2021-05-17 14:49:37','Pass','FALSE','None',16,16,16,16),(30,'2021-05-17 14:49:37','Pass','FALSE','None',17,17,17,17),(31,'2021-05-17 14:49:37','Pass','FALSE','None',18,18,18,18),(32,'2021-05-17 14:49:37','Pass','FALSE','None',19,19,19,19),(33,'2021-05-17 14:49:37','Pass','FALSE','None',20,20,20,20),(34,'2021-05-17 14:49:37','Pass','FALSE','None',21,21,21,21),(35,'2021-05-17 14:49:37','Fail','FALSE','When the entity and test was created this OC link was there. Now missing.',22,22,22,22),(36,'2021-05-17 14:49:37','Pass','FALSE','None',23,23,23,23),(37,'2021-05-17 14:49:37','Pass','FALSE','None',24,24,24,24),(38,'2021-05-17 14:49:37','Pass','FALSE','None',25,25,25,25),(39,'2021-05-17 14:49:37','Pass','FALSE','None',26,26,26,26),(40,'2021-05-17 14:49:37','Fail','FALSE','Test failed on no tool tip',27,27,27,27),(41,'2021-05-17 14:49:37','Fail','FALSE','Test failed on no tool tip',28,28,28,28),(42,'2021-05-17 14:49:37','Pass','FALSE','None',29,29,29,29),(43,'2021-05-17 14:49:37','Pass','FALSE','None',30,30,30,30),(44,'2021-05-17 14:49:37','Pass','FALSE','None',31,31,31,31),(45,'2021-05-17 14:49:37','Pass','FALSE','None',32,32,32,32),(46,'2021-05-17 14:49:37','Pass','FALSE','None',33,33,33,33),(47,'2021-05-17 14:49:37','Pass','FALSE','None',34,34,34,34),(48,'2021-05-17 14:49:37','Pass','FALSE','None',35,35,35,35),(49,'2021-05-17 14:49:37','Pass','FALSE','None',36,36,36,36),(50,'2021-05-17 14:49:37','Pass','FALSE','None',37,37,37,37),(51,'2021-05-17 14:49:37','Pass','FALSE','None',38,38,38,38),(52,'2021-05-17 14:49:37','Pass','FALSE','None',39,39,39,39),(53,'2021-05-17 14:49:37','Pass','FALSE','None',40,40,40,40),(54,'2021-05-17 14:49:37','Pass','FALSE','None',41,41,41,41),(55,'2021-05-26 07:15:31','Pass','FALSE','Test Complete Notes',3,3,3,3),(56,'2021-05-26 07:15:31','Pass','FALSE','Test Complete Notes',5,5,5,5),(57,'2021-05-26 07:15:31','Pass','FALSE','Test Complete Notes',7,7,7,7),(58,'2021-05-26 07:15:31','Pass','FALSE','Test Complete Notes',8,8,8,8);
/*!40000 ALTER TABLE `entity_test_result` ENABLE KEYS */;
UNLOCK TABLES;

--
-- Table structure for table `entity_todo`
--

DROP TABLE IF EXISTS `entity_todo`;
/*!40101 SET @saved_cs_client     = @@character_set_client */;
 SET character_set_client = utf8mb4 ;
CREATE TABLE `entity_todo` (
  `id` int(10) unsigned NOT NULL AUTO_INCREMENT,
  `entity_id` int(10) unsigned NOT NULL,
  `entity_entity_id` int(10) unsigned NOT NULL,
  `when_was_todo_added` date NOT NULL,
  `todo_desc` varchar(1000) NOT NULL,
  `is_todo_done` tinyint(4) DEFAULT '0',
  `when_was_todo_done` date DEFAULT NULL,
  PRIMARY KEY (`id`,`entity_id`,`entity_entity_id`),
  UNIQUE KEY `id_UNIQUE` (`id`),
  KEY `fk_entity_todo_entity1_idx` (`entity_id`,`entity_entity_id`),
  CONSTRAINT `fk_entity_todo_entity1` FOREIGN KEY (`entity_id`, `entity_entity_id`) REFERENCES `entity` (`id`, `entity_id`) ON DELETE CASCADE ON UPDATE CASCADE
) ENGINE=InnoDB AUTO_INCREMENT=22 DEFAULT CHARSET=utf8;
/*!40101 SET character_set_client = @saved_cs_client */;

--
-- Dumping data for table `entity_todo`
--

LOCK TABLES `entity_todo` WRITE;
/*!40000 ALTER TABLE `entity_todo` DISABLE KEYS */;
INSERT INTO `entity_todo` VALUES (1,3,3,'2021-05-16','Google & Active dir.',0,'1900-01-01'),(2,106,106,'2021-05-19','Add step images and buttons found at the top of the form',0,'1900-01-01'),(3,49,49,'2021-05-19','Add data to children for this step',0,'1900-01-01'),(4,61,61,'2021-05-19','Add data to children for this step',0,'1900-01-01'),(5,73,73,'2021-05-19','Add data to children for this step',0,'1900-01-01'),(6,86,86,'2021-05-19','Add data to children for this step',0,'1900-01-01'),(7,96,96,'2021-05-19','Add data to children for this step',0,'1900-01-01'),(8,113,113,'2021-05-19','Check why only Monthly Paygroup is available',0,'1900-01-01'),(9,130,130,'2021-05-19','Add grid details',0,'1900-01-01'),(10,132,132,'2021-05-19','Add grid details',0,'1900-01-01'),(11,134,134,'2021-05-19','Add grid details',0,'1900-01-01'),(12,136,136,'2021-05-19','Add grid details',0,'1900-01-01'),(13,138,138,'2021-05-19','Add grid details',0,'1900-01-01'),(14,147,147,'2021-05-19','Add grid details',0,'1900-01-01'),(15,149,149,'2021-05-20','All of visual reports',0,'1900-01-01'),(16,274,274,'2021-05-24','Add the content when there is a day with new employements',0,'1900-01-01'),(17,277,277,'2021-05-24','Add the content when there is a day with terminations',0,'1900-01-01'),(18,28,28,'2021-05-24','Change the type of this to nav-link nav-pill',0,'1900-01-01'),(19,15,15,'2021-05-24','Change the type of this to ul.nav',0,'1900-01-01'),(20,16,16,'2021-05-24','Change the type of this to nav-link and the same for all in this group',0,'1900-01-01'),(21,29,29,'2021-05-25','Change type to nav.side-bar menu',0,'1900-01-01');
/*!40000 ALTER TABLE `entity_todo` ENABLE KEYS */;
UNLOCK TABLES;

--
-- Table structure for table `entity_type`
--

DROP TABLE IF EXISTS `entity_type`;
/*!40101 SET @saved_cs_client     = @@character_set_client */;
 SET character_set_client = utf8mb4 ;
CREATE TABLE `entity_type` (
  `id` int(10) unsigned NOT NULL,
  `entity_type_name` varchar(45) NOT NULL,
  `entity_type_parent_id` int(10) unsigned NOT NULL,
  PRIMARY KEY (`id`,`entity_type_name`),
  UNIQUE KEY `id_UNIQUE` (`id`),
  UNIQUE KEY `entity_name_UNIQUE` (`entity_type_name`),
  KEY `fk_entity_type_entity_type1_idx` (`entity_type_parent_id`),
  CONSTRAINT `fk_entity_type_entity_type1` FOREIGN KEY (`entity_type_parent_id`) REFERENCES `entity_type` (`id`) ON DELETE CASCADE ON UPDATE CASCADE
) ENGINE=InnoDB DEFAULT CHARSET=utf8;
/*!40101 SET character_set_client = @saved_cs_client */;

--
-- Dumping data for table `entity_type`
--

LOCK TABLES `entity_type` WRITE;
/*!40000 ALTER TABLE `entity_type` DISABLE KEYS */;
INSERT INTO `entity_type` VALUES (1,'Root',1),(2,'Application',1),(26,'Function',1),(33,'Text',1),(35,'Container',1),(38,'FaFa',1),(43,'JSPanel',1),(61,'DKGrid',1),(69,'Row',1),(73,'NavLink',1),(74,'NavPill',1),(75,'QLGrid',1),(78,'MediaObj',1),(80,'LeftSideBar',1),(84,'href',1),(3,'Module',2),(6,'Form',2),(4,'Module Category',3),(5,'Module Sub-Category',4),(7,'Modal Form',6),(8,'Parent Form',6),(9,'Child Form',6),(10,'Nav Bar',6),(11,'Info Bar',6),(12,'Grid',6),(13,'Image',6),(14,'Control',6),(27,'Titlebar',6),(28,'Header 1',6),(29,'Header 2',6),(30,'Header 3',6),(31,'Header 4',6),(32,'Header 5',6),(34,'Paragraph',6),(36,'Accordion',6),(39,'Modal Header',7),(41,'Modal Body',7),(42,'Modal Footer',7),(15,'List',14),(16,'Tab',14),(17,'Text Out',14),(18,'Text In',14),(19,'Text In/Out',14),(20,'Combo',14),(21,'Label',14),(22,'Button',14),(23,'Button - Redirect',21),(24,'Button - Display',21),(25,'Button - Function',21),(62,'Card',35),(37,'Accordion Key',36),(40,'Modal Title',39),(44,'JSStandard',43),(45,'JSHeader',43),(46,'JSContent',43),(47,'JSMinBox',43),(48,'JSFtr',43),(49,'JSResizeit',43),(54,'JSDropdown',43),(50,'JSHeaderLogo',45),(51,'JSTitlebar',45),(52,'JSControlbar',45),(53,'JSHeaderToolbarActive',45),(58,'JSPanelBtn',52),(59,'JSPanelBtnNormalise',52),(60,'JSPanelBtnExpand',52),(57,'JSPanelSwitchRotate',53),(55,'JSDropdownToggle',54),(56,'JSDropdownMenu',54),(71,'JSDropdownMenuHeader',56),(72,'JSDropdownMenuItem',56),(63,'Card Group',62),(65,'Card Header',62),(64,'Card Element',63),(66,'Card Body',64),(67,'Card Title',64),(68,'Element Header',64),(70,'Column',69),(76,'QLGridItem',75),(77,'QLGridItemTitle',76),(79,'MediaObjBody',78),(81,'NavAccordion',80),(82,'MobileLeftSideHider',81),(83,'SubMenu',81),(85,'DCJQIcon',83),(86,'DisplayBlock',83);
/*!40000 ALTER TABLE `entity_type` ENABLE KEYS */;
UNLOCK TABLES;

--
-- Table structure for table `import_test_result`
--

DROP TABLE IF EXISTS `import_test_result`;
/*!40101 SET @saved_cs_client     = @@character_set_client */;
 SET character_set_client = utf8mb4 ;
CREATE TABLE `import_test_result` (
  `id` int(10) unsigned NOT NULL AUTO_INCREMENT COMMENT '	has_tool_tip	tool_tip_text	initial_value	expected_value	received_value	insert_value	failure_halts_test	run_by	pass_fail_or_not_run	fail_severity	fail_reason	test_complete_notes\n',
  `test_run_id` int(10) unsigned NOT NULL,
  `test_suite_id` int(10) unsigned NOT NULL,
  `entity_test_id` int(10) unsigned NOT NULL,
  `entity_test_parent` int(10) unsigned NOT NULL,
  `entity_test_version_id` int(10) unsigned NOT NULL,
  `entity_test_version_num` varchar(11) DEFAULT NULL,
  `entity_test_name` varchar(100) NOT NULL,
  `entity_test_description` text,
  `entity_id` int(10) unsigned NOT NULL,
  `entity_name` varchar(100) NOT NULL,
  `entity_type_name` varchar(45) NOT NULL,
  `entity_description` text,
  `entity_last_tested_date` date DEFAULT NULL,
  `entity_last_tested_time` time DEFAULT NULL,
  `has_tool_tip` enum('TRUE','FALSE') NOT NULL,
  `tool_tip_text` varchar(500) DEFAULT NULL,
  `initial_value` varchar(1000) DEFAULT NULL,
  `expected_value` varchar(1000) DEFAULT NULL,
  `received_value` varchar(1000) DEFAULT NULL,
  `insert_value` varchar(1000) DEFAULT NULL,
  `failure_halts_test` tinyint(4) DEFAULT NULL,
  `run_by` varchar(45) NOT NULL,
  `pass_fail_or_not_run` enum('Pass','Fail','NR') NOT NULL DEFAULT 'NR',
  `fail_severity` enum('1','2','3','4','5') DEFAULT NULL,
  `fail_reason` varchar(45) DEFAULT NULL,
  `test_complete_notes` text,
  `endl` varchar(4) NOT NULL,
  PRIMARY KEY (`id`,`test_run_id`,`test_suite_id`,`entity_test_id`),
  UNIQUE KEY `id_UNIQUE` (`id`)
) ENGINE=InnoDB DEFAULT CHARSET=utf8;
/*!40101 SET character_set_client = @saved_cs_client */;

--
-- Dumping data for table `import_test_result`
--

LOCK TABLES `import_test_result` WRITE;
/*!40000 ALTER TABLE `import_test_result` DISABLE KEYS */;
/*!40000 ALTER TABLE `import_test_result` ENABLE KEYS */;
UNLOCK TABLES;
/*!50003 SET @saved_cs_client      = @@character_set_client */ ;
/*!50003 SET @saved_cs_results     = @@character_set_results */ ;
/*!50003 SET @saved_col_connection = @@collation_connection */ ;
/*!50003 SET character_set_client  = utf8mb4 */ ;
/*!50003 SET character_set_results = utf8mb4 */ ;
/*!50003 SET collation_connection  = utf8mb4_0900_ai_ci */ ;
/*!50003 SET @saved_sql_mode       = @@sql_mode */ ;
/*!50003 SET sql_mode              = 'ONLY_FULL_GROUP_BY,STRICT_TRANS_TABLES,NO_ZERO_IN_DATE,NO_ZERO_DATE,ERROR_FOR_DIVISION_BY_ZERO,NO_ENGINE_SUBSTITUTION' */ ;
DELIMITER ;;
/*!50003 CREATE*/ /*!50017 DEFINER=`root`@`localhost`*/ /*!50003 TRIGGER `import_test_result_AFTER_INSERT` AFTER INSERT ON `import_test_result` FOR EACH ROW BEGIN
	
END */;;
DELIMITER ;
/*!50003 SET sql_mode              = @saved_sql_mode */ ;
/*!50003 SET character_set_client  = @saved_cs_client */ ;
/*!50003 SET character_set_results = @saved_cs_results */ ;
/*!50003 SET collation_connection  = @saved_col_connection */ ;

--
-- Table structure for table `tbl_test_suite_has_child_suites`
--

DROP TABLE IF EXISTS `tbl_test_suite_has_child_suites`;
/*!40101 SET @saved_cs_client     = @@character_set_client */;
 SET character_set_client = utf8mb4 ;
CREATE TABLE `tbl_test_suite_has_child_suites` (
  `id` int(10) unsigned DEFAULT NULL,
  `test_suite_id` int(10) unsigned DEFAULT NULL,
  `test_suite_name` varchar(250) DEFAULT NULL,
  `test_suite_notes` mediumtext,
  `parent_id` int(10) unsigned DEFAULT NULL,
  `parent_test_suite_id` int(10) unsigned DEFAULT NULL,
  `version_number` varchar(11) DEFAULT NULL
) ENGINE=InnoDB DEFAULT CHARSET=utf8;
/*!40101 SET character_set_client = @saved_cs_client */;

--
-- Dumping data for table `tbl_test_suite_has_child_suites`
--

LOCK TABLES `tbl_test_suite_has_child_suites` WRITE;
/*!40000 ALTER TABLE `tbl_test_suite_has_child_suites` DISABLE KEYS */;
INSERT INTO `tbl_test_suite_has_child_suites` VALUES (2,2,'Dakar Web','ADD TEST SUITE NOTES',1,1,'1.0.0'),(9000,9000,'JSPanel','Test JS Panel',1,1,'1.0.0'),(9018,9018,'DKGrid','Test Dakar grid',1,1,'1.0.0'),(3,3,'Login Screen','ADD TEST SUITE NOTES',2,2,'1.0.0'),(9,9,'Home Page','ADD TEST SUITE NOTES',2,2,'1.0.0'),(9001,9001,'JSPanel Standard','Test JS Panel standard',9000,9000,'1.0.0'),(9002,9002,'JSPanel Header','Test JS Panel header',9000,9000,'1.0.0'),(9004,9004,'JS Content','Test JS Panel content',9000,9000,'1.0.0'),(9011,9011,'JSDropdown','Test JS Panel dropdown',9000,9000,'1.0.0'),(8,8,'Login Button','ADD TEST SUITE NOTES',3,3,'1.0.0'),(10,10,'Home Page Info Bar','ADD TEST SUITE NOTES',9,9,'1.0.0'),(15,15,'Home Page Top Right Nav Bar','ADD TEST SUITE NOTES',9,9,'1.0.0'),(29,29,'Main Menu','ADD TEST SUITE NOTES',9,9,'1.0.0'),(9008,9008,'JSTitlebar','Test JS Panel title bar',9002,9002,'1.0.0'),(9009,9009,'JSControlbar','Test JS Panel controlbar',9002,9002,'1.0.0'),(9010,9010,'JSHeaderToolbarActive','Test JS Panel header toolbar',9002,9002,'1.0.0'),(13,13,'Menu Toggle','ADD TEST SUITE NOTES',10,10,'1.0.0'),(16,16,'Authorisations','ADD TEST SUITE NOTES',15,15,'1.0.0'),(17,17,'Employee Creation Wizard','ADD TEST SUITE NOTES',15,15,'1.0.0'),(18,18,'Employee CV','ADD TEST SUITE NOTES',15,15,'1.0.0'),(19,19,'Employee Grid View','ADD TEST SUITE NOTES',15,15,'1.0.0'),(20,20,'Visual Reports','ADD TEST SUITE NOTES',15,15,'1.0.0'),(21,21,'Dakar Intelligence','ADD TEST SUITE NOTES',15,15,'1.0.0'),(22,22,'Organisation Chart','ADD TEST SUITE NOTES',15,15,'1.0.0'),(23,23,'My Company / Last Viewed','ADD TEST SUITE NOTES',15,15,'1.0.0'),(24,24,'All Notifications','ADD TEST SUITE NOTES',15,15,'1.0.0'),(25,25,'New Employments','ADD TEST SUITE NOTES',15,15,'1.0.0'),(26,26,'Terminations','ADD TEST SUITE NOTES',15,15,'1.0.0'),(27,27,'Quick Links','ADD TEST SUITE NOTES',15,15,'1.0.0'),(28,28,'User Avatar','ADD TEST SUITE NOTES',15,15,'1.0.0'),(280,280,'User Management','Does the link have the correct FaFa and tooltip?',15,15,'1.0.0'),(293,293,'Quick Links - Payroll','Does the link have the correct FaFa and tooltip?',15,15,'1.0.0'),(30,30,'Main Menu - Payroll','ADD TEST SUITE NOTES',29,29,'1.0.0'),(42,42,'Authorisations Form','ADD TEST SUITE NOTES',16,16,'1.0.0'),(106,106,'Employee Creation Wizard','Top level of ECW',17,17,'1.0.0'),(108,108,'Employee CV','Overall test for the employee CV form',18,18,'1.0.0'),(148,148,'Employee Grid View - Form','Test the form.',19,19,'1.0.0'),(149,149,'Visual Reports - Form','Test all elements of the form.',20,20,'1.0.0'),(150,150,'Dakar Intelligence - Form','Test all elements of the form.',21,21,'1.0.0'),(252,252,'My Company / Last Viewed - DropdownMenu','Are the correct panels available and is the user taken to them when clicking?',23,23,'1.0.0'),(262,262,'All Notifications - DropdownMenu','Are the correct panels available and is the user taken to them when clicking?',24,24,'1.0.0'),(274,274,'New Employments - DropdownMenu','Are the correct panels available and is the user taken to them when clicking?',25,25,'1.0.0'),(277,277,'Terminations - DropdownMenu','Are the correct panels available and is the user taken to them when clicking?',26,26,'1.0.0'),(312,312,'User Avatar - Dropdwon Menu','Are the correct panels available and is the user taken to them when clicking?',28,28,'1.0.0'),(284,284,'User Management - Dropdown Menu','Are the correct panels available and is the user taken to them when clicking?',280,280,'1.0.0'),(295,295,'Quick Links - Dropdown Menu - Header','Does the header have the correct data?',293,293,'1.0.0'),(297,297,'Quick Links - Grid','Does the grid have the correct items?',293,293,'1.0.0'),(31,31,'Employee List','ADD TEST SUITE NOTES',30,30,'1.0.0'),(32,32,'Documents','ADD TEST SUITE NOTES',30,30,'1.0.0'),(33,33,'Employee Others','ADD TEST SUITE NOTES',30,30,'1.0.0'),(34,34,'Payroll','ADD TEST SUITE NOTES',30,30,'1.0.0'),(35,35,'Payroll Statistics','ADD TEST SUITE NOTES',30,30,'1.0.0'),(36,36,'Absence Statistics','ADD TEST SUITE NOTES',30,30,'1.0.0'),(37,37,'Reports','ADD TEST SUITE NOTES',30,30,'1.0.0'),(38,38,'Monthly Reports','ADD TEST SUITE NOTES',30,30,'1.0.0'),(39,39,'Yearly Reports','ADD TEST SUITE NOTES',30,30,'1.0.0'),(40,40,'Bulk Updates','ADD TEST SUITE NOTES',30,30,'1.0.0'),(41,41,'Settings','ADD TEST SUITE NOTES',30,30,'1.0.0'),(321,31,'Employee List','Is the FaFa & Text correct? Is the link correct?',30,30,'1.0.0'),(330,32,'Documents','Is the FaFa & Text correct? Is the link correct?',30,30,'1.0.0'),(331,329,'Employees','Is the FaFa & Text correct? Does it have the correct elements?',30,30,'1.0.0'),(347,33,'Employee Others','Is the FaFa & Text correct? Does it have the correct elements?',30,30,'1.0.0'),(357,34,'Payroll','Is the FaFa & Text correct? Does it have the correct elements?',30,30,'1.0.0'),(362,35,'Payroll Statistics','Is the FaFa & Text correct? Is the link correct?',30,30,'1.0.0'),(366,364,'Employee Statistics','Is the FaFa & Text correct? Does it have the correct elements?',30,30,'1.0.0'),(371,36,'Absence Statistics','Is the FaFa & Text correct? Does it have the correct elements?',30,30,'1.0.0'),(376,37,'Reports','Is the FaFa & Text correct? Does it have the correct elements?',30,30,'1.0.0'),(381,38,'Monthly Reports','Is the FaFa & Text correct? Is the link correct?',30,30,'1.0.0'),(385,39,'Yearly Reports','Is the FaFa & Text correct? Is the link correct?',30,30,'1.0.0'),(389,40,'Bulk Updates','Is the FaFa & Text correct? Does it have the correct elements?',30,30,'1.0.0'),(395,41,'Settings','Is the FaFa & Text correct? Is the link correct?',30,30,'1.0.0'),(47,47,'Accept Criteria','ADD TEST SUITE NOTES',42,42,'1.0.0'),(48,48,'Authorisations Grid','ADD TEST SUITE NOTES',42,42,'1.0.0'),(49,49,'Employee Creation Wizard - Step 1','Step 1 of ECW',106,106,'1.0.0'),(61,61,'Employee Creation Wizard - Step 2','Step 2 of ECW',106,106,'1.0.0'),(73,73,'Employee Creation Wizard - Step 3','Step 3 of ECW',106,106,'1.0.0'),(86,86,'Employee Creation Wizard - Step 4','Step 4 of ECW',106,106,'1.0.0'),(96,96,'Employee Creation Wizard - Step 5','Step 5 of ECW',106,106,'1.0.0'),(116,116,'Accept Criteria','Test the function of the accept criteria button',108,108,'1.0.0'),(118,118,'Bio Info','Test all the bio info',108,108,'1.0.0'),(128,128,'Accordion - CV','Test accordion CV',108,108,'1.0.0'),(139,139,'Save','Test save button and modal form after',108,108,'1.0.0'),(147,147,'Employee Grid View - Grid','Test the grid.',148,148,'1.0.0'),(151,151,'Employee Reports','Test all elements of the card [header/group/element(s)/element header/body/body title].',150,150,'1.0.0'),(166,166,'Payroll Reports','Test all elements of the card [header/group/element(s)/element header/body/body title].',150,150,'1.0.0'),(192,192,'Payroll Changes','Test all elements of the card [header/group/element(s)/element header/body/body title].',150,150,'1.0.0'),(202,202,'Absences','Test all elements of the card [header/group/element(s)/element header/body/body title].',150,150,'1.0.0'),(253,253,'My Company / Last Viewed - DropdownMenu - Header','Does the header have the correct data?',252,252,'1.0.0'),(255,255,'My Company / Last Viewed - DropdownMenu - Row','Does the row contain all the correct cols & data etc?',252,252,'1.0.0'),(263,263,'All Notifications - DropdownMenu - Header','Does the header have the correct data?',262,262,'1.0.0'),(265,265,'All Notifications - DropdownMenu - Item 1','Does the item have the correct data?',262,262,'1.0.0'),(268,268,'All Notifications - DropdownMenu - Item 2','Does the item have the correct data?',262,262,'1.0.0'),(271,271,'All Notifications - DropdownMenu - Item 3','Does the item have the correct data?',262,262,'1.0.0'),(275,275,'New Employments - DropdownMenu - Header','Does the header have the correct data?',274,274,'1.0.0'),(278,278,'Terminations - DropdownMenu - Header','Does the header have the correct data?',277,277,'1.0.0'),(313,313,'User Avatar - Dropdown Menu - Header','Does the header have the correct data?',312,312,'1.0.0'),(285,285,'User Management - Dropdown Menu - Header','Does the header have the correct data?',284,284,'1.0.0'),(287,287,'User Management - DropdownMenu - Item 1','Does the item have the correct data?',284,284,'1.0.0'),(290,290,'Group Authorisations - DropdownMenu - Item 2','Does the item have the correct data?',284,284,'1.0.0'),(298,298,'Quick Links - Grid - JSDropdownMenuHeader','Does the header have the correct data?',297,297,'1.0.0'),(300,300,'Quick Links - Grid- Quick Link Grid Item 1','Does the grid item have the correct FaFa & Text?',297,297,'1.0.0'),(303,303,'Quick Links - Grid- Quick Link Grid Item 2','Does the grid item have the correct FaFa & Text?',297,297,'1.0.0'),(306,306,'Quick Links - Grid- Quick Link Grid Item 3','Does the grid item have the correct FaFa & Text?',297,297,'1.0.0'),(309,309,'Quick Links - Grid- Quick Link Grid Item 4','Does the grid item have the correct FaFa & Text?',297,297,'1.0.0'),(325,324,'Employee List - ClickRedirect','Is the correct page displayed after clicking?',321,31,'1.0.0'),(329,328,'Documents - ClickRedirect','Is the correct page displayed after clicking?',330,32,'1.0.0'),(341,339,'Employees - DisplayBlock','Is the icon correct?',331,329,'1.0.0'),(399,396,'Employees - Contact Numbers','Is the FaFa & Text correct? Is the link correct?',331,329,'1.0.0'),(403,400,'Employees - Banks','Is the FaFa & Text correct? Is the link correct?',331,329,'1.0.0'),(407,404,'Employees - Salary Details','Is the FaFa & Text correct? Is the link correct?',331,329,'1.0.0'),(411,408,'Employees - Career Progression','Is the FaFa & Text correct? Is the link correct?',331,329,'1.0.0'),(415,412,'Employees - Schedule','Is the FaFa & Text correct? Is the link correct?',331,329,'1.0.0'),(419,416,'Employees - Permanent Allowances','Is the FaFa & Text correct? Is the link correct?',331,329,'1.0.0'),(423,420,'Employees - Previous Employment','Is the FaFa & Text correct? Is the link correct?',331,329,'1.0.0'),(427,424,'Employees - Unions','Is the FaFa & Text correct? Is the link correct?',331,329,'1.0.0'),(351,349,'Employee Others - DisplayBlock','Is the icon correct?',347,33,'1.0.0'),(352,350,'Employee Others - Absence Entitlements','Is the FaFa & Text correct? Is the link correct?',347,33,'1.0.0'),(431,428,'Employee Others - Advances & Payments','Is the FaFa & Text correct? Is the link correct?',347,33,'1.0.0'),(435,432,'Employee Others - Tax Arrears','Is the FaFa & Text correct? Is the link correct?',347,33,'1.0.0'),(439,436,'Employee Others - Loans','Is the FaFa & Text correct? Is the link correct?',347,33,'1.0.0'),(443,440,'Employee Others - Pensions','Is the FaFa & Text correct? Is the link correct?',347,33,'1.0.0'),(447,444,'Employee Others - Covid-19 Supplement','Is the FaFa & Text correct? Is the link correct?',347,33,'1.0.0'),(361,359,'Payroll - DisplayBlock','Is the icon correct?',357,34,'1.0.0'),(451,448,'Payroll - Initialise Payroll','Is the FaFa & Text correct? Is the link correct?',357,34,'1.0.0'),(455,452,'Payroll - Payroll Details DrillDown','Is the FaFa & Text correct? Is the link correct?',357,34,'1.0.0'),(459,456,'Payroll - Detailed Adjustments','Is the FaFa & Text correct? Is the link correct?',357,34,'1.0.0'),(463,460,'Payroll - Global Adjustments','Is the FaFa & Text correct? Is the link correct?',357,34,'1.0.0'),(467,464,'Payroll - Global Absences','Is the FaFa & Text correct? Is the link correct?',357,34,'1.0.0'),(471,468,'Payroll - Global Extras','Is the FaFa & Text correct? Is the link correct?',357,34,'1.0.0'),(475,472,'Payroll - Calculate Payroll','Is the FaFa & Text correct? Is the link correct?',357,34,'1.0.0'),(479,476,'Payroll - Close & Lock Payroll','Is the FaFa & Text correct? Is the link correct?',357,34,'1.0.0'),(483,480,'Payroll - Payroll Details','Is the FaFa & Text correct? Is the link correct?',357,34,'1.0.0'),(487,484,'Payroll - Excel Payroll Uploads','Is the FaFa & Text correct? Is the link correct?',357,34,'1.0.0'),(491,488,'Payroll - Calculation Statistics','Is the FaFa & Text correct? Is the link correct?',357,34,'1.0.0'),(365,363,'Payroll Statistics - ClickRedirect','Is the correct page displayed after clicking?',362,35,'1.0.0'),(370,368,'Employee Statistics - DisplayBlock','Is the icon correct?',366,364,'1.0.0'),(375,373,'Absence Statistics - DisplayBlock','Is the icon correct?',371,36,'1.0.0'),(380,378,'Reports - DisplayBlock','Is the icon correct?',376,37,'1.0.0'),(384,382,'Monthly Reports - ClickRedirect','Is the correct page displayed after clicking?',381,38,'1.0.0'),(388,386,'Yearly Reports - ClickRedirect','Is the correct page displayed after clicking?',385,39,'1.0.0'),(394,391,'Bulk Updates - DisplayBlock','Is the icon correct?',389,40,'1.0.0'),(398,395,'Settings - ClickRedirect','Is the correct page displayed after clicking?',395,41,'1.0.0'),(59,59,'Back','Go back a step',49,49,'1.0.0'),(60,60,'Continue','Go forward a step',49,49,'1.0.0'),(71,71,'Back','Go back a step',61,61,'1.0.0'),(72,72,'Continue','Go forward a step',61,61,'1.0.0'),(84,84,'Back','Go back a step',73,73,'1.0.0'),(85,85,'Continue','Go forward a step',73,73,'1.0.0'),(94,94,'Back','Go back a step',86,86,'1.0.0'),(95,95,'Continue','Go forward a step',86,86,'1.0.0'),(99,99,'Back','Go back a step',96,96,'1.0.0'),(100,100,'Create Employee','Create the employee if all the data is valid',96,96,'1.0.0'),(127,127,'Bio Content','Test all the bio content',118,118,'1.0.0'),(129,129,'Accordion - CV - Career','Test accordion key: career',128,128,'1.0.0'),(131,131,'Acc Key - CV - Allowance','Test accordion key: allowance',128,128,'1.0.0'),(133,133,'Acc Key - CV - Salary','Test accordion key: salary',128,128,'1.0.0'),(135,135,'Acc Key - Emp Schedule','Test accordion key: schedule',128,128,'1.0.0'),(137,137,'Acc Key - Working Permit','Test accordion key: work permit',128,128,'1.0.0'),(140,140,'Form - Save','Save form',139,139,'1.0.0'),(157,157,'Employee Reports - Card Group','Test all elements in the group',151,151,'1.0.0'),(216,216,'Employee Reports - Card Header','Is the FaFa is correct?',151,151,'1.0.0'),(167,167,'Payroll Reports - Card Group','Test all elements in the group',166,166,'1.0.0'),(168,168,'Payroll Reports - Payroll Statistics - Gross/Tax/NI','Test the header and body.',166,166,'1.0.0'),(176,176,'Payroll Reports - Payroll - Extras Breakdown by Cost Center','Test the header and body.',166,166,'1.0.0'),(180,180,'Payroll Reports - Payroll - Allowances Breakdown','Test the header and body.',166,166,'1.0.0'),(184,184,'Payroll Reports - Payroll Statistics - Bank Cash Payments','Test the header and body.',166,166,'1.0.0'),(188,188,'Payroll Reports - Payroll Statistics - Unions','Test the header and body.',166,166,'1.0.0'),(226,226,'Payroll Reports - Card Header','Is the FaFa is correct?',166,166,'1.0.0'),(193,193,'Payroll Changes - Card Group','Test all elements in the group',192,192,'1.0.0'),(198,198,'2019 Payroll Changes - Card Element','Test the header and body.',192,192,'1.0.0'),(203,203,'Absences - Card Group','Test all elements in the group',202,202,'1.0.0'),(256,256,'My Company / Last Viewed - DropdownMenu - Row - Column 1','Does the column contain all the correct data?',255,255,'1.0.0'),(258,258,'My Company / Last Viewed - DropdownMenu - Row - Column 2','Does the column contain all the correct data?',255,255,'1.0.0'),(260,260,'My Company / Last Viewed - DropdownMenu - Row - Column 3','Does the column contain all the correct data?',255,255,'1.0.0'),(314,314,'User Avatar - Dropdown Menu - Header - Media Obj','Is the alignemnt correct? Are the correct elements displayed?',313,313,'1.0.0'),(342,340,'Employees - Employee Details','Is the FaFa & Text correct? Is the link correct?',341,339,'1.0.0'),(402,399,'Employees - Contact Numbers - ClickRedirect','Is the correct page displayed after clicking?',399,396,'1.0.0'),(406,403,'Employees - Banks - ClickRedirect','Is the correct page displayed after clicking?',403,400,'1.0.0'),(410,407,'Employees - Salary Details - ClickRedirect','Is the correct page displayed after clicking?',407,404,'1.0.0'),(414,411,'Employees - Career Progression - ClickRedirect','Is the correct page displayed after clicking?',411,408,'1.0.0'),(418,415,'Employees - Schedule - ClickRedirect','Is the correct page displayed after clicking?',415,412,'1.0.0'),(422,419,'Employees - Permanent Allowances - ClickRedirect','Is the correct page displayed after clicking?',419,416,'1.0.0'),(426,423,'Employees - Previous Employment - ClickRedirect','Is the correct page displayed after clicking?',423,420,'1.0.0'),(430,427,'Employees - Unions - ClickRedirect','Is the correct page displayed after clicking?',427,424,'1.0.0'),(356,354,'Employee Others - Absence Entitlements - ClickRedirect','Is the correct page displayed after clicking?',352,350,'1.0.0'),(434,431,'Employee Others - Advances & Payment - ClickRedirect','Is the correct page displayed after clicking?',431,428,'1.0.0'),(438,435,'Employee Others - Tax Arrears - ClickRedirect','Is the correct page displayed after clicking?',435,432,'1.0.0'),(442,439,'Employee Others - Loans - ClickRedirect','Is the correct page displayed after clicking?',439,436,'1.0.0'),(446,443,'Employee Others - Pensions - ClickRedirect','Is the correct page displayed after clicking?',443,440,'1.0.0'),(450,447,'Employee Others - Covid-19 Supplement - Display form','Is the correct page displayed after clicking?',447,444,'1.0.0'),(454,451,'Payroll - Initialise Payroll - ClickRedirect','Is the correct page displayed after clicking?',451,448,'1.0.0'),(458,455,'Payroll - Payroll Details DrillDown - ClickRedirect','Is the correct page displayed after clicking?',455,452,'1.0.0'),(462,459,'Payroll - Detailed Adjustments - ClickRedirect','Is the correct page displayed after clicking?',459,456,'1.0.0'),(466,463,'Payroll - Global Adjustments - ClickRedirect','Is the correct page displayed after clicking?',463,460,'1.0.0'),(470,467,'Payroll - Global Absences - Display form','Is the correct page displayed after clicking?',467,464,'1.0.0'),(474,471,'Payroll - Global Extras - ClickRedirect','Is the correct page displayed after clicking?',471,468,'1.0.0'),(478,475,'Payroll - Calculate Payroll - ClickRedirect','Is the correct page displayed after clicking?',475,472,'1.0.0'),(482,479,'Payroll - Close & Lock Payroll - ClickRedirect','Is the correct page displayed after clicking?',479,476,'1.0.0'),(486,483,'Payroll - Payroll Details - ClickRedirect','Is the correct page displayed after clicking?',483,480,'1.0.0'),(490,487,'Payroll - Excel Payroll Uploads - ClickRedirect','Is the correct page displayed after clicking?',487,484,'1.0.0'),(494,491,'Payroll - Calculation Statistics - ClickRedirect','Is the correct page displayed after clicking?',491,488,'1.0.0'),(495,492,'Employee Statistics - Payslip Quick View','Is the FaFa & Text correct? Is the link correct?',370,368,'1.0.0'),(499,496,'Employee Statistics - FS3 Quick View','Is the FaFa & Text correct? Is the link correct?',370,368,'1.0.0'),(503,500,'Employee Statistics - Employee Payroll Statistics','Is the FaFa & Text correct? Is the link correct?',370,368,'1.0.0'),(507,504,'Absence Statistics - Employee Accruals','Is the FaFa & Text correct? Is the link correct?',375,373,'1.0.0'),(511,508,'Absence Statistics - Other Absence Statistics','Is the FaFa & Text correct? Is the link correct?',375,373,'1.0.0'),(515,512,'Reports - Payroll Reports','Is the FaFa & Text correct? Is the link correct?',380,378,'1.0.0'),(519,516,'Reports - Payslips','Is the FaFa & Text correct? Is the link correct?',380,378,'1.0.0'),(523,520,'Reports - Direct Credits','Is the FaFa & Text correct? Is the link correct?',380,378,'1.0.0'),(527,524,'Reports - Global Payroll Analysis','Is the FaFa & Text correct? Is the link correct?',380,378,'1.0.0'),(531,528,'Reports - Cheque Printing','Is the FaFa & Text correct? Is the link correct?',380,378,'1.0.0'),(535,532,'Reports - Adjustments Reports','Is the FaFa & Text correct? Is the link correct?',380,378,'1.0.0'),(539,536,'Reports - HR Related Reports','Is the FaFa & Text correct? Is the link correct?',380,378,'1.0.0'),(543,540,'Reports - Absence Related Reports','Is the FaFa & Text correct? Is the link correct?',380,378,'1.0.0'),(547,544,'Bulk Updates - COLA Salary Updates','Is the FaFa & Text correct? Is the link correct?',394,391,'1.0.0'),(551,548,'Bulk Updates - Employee Creation','Is the FaFa & Text correct? Is the link correct?',394,391,'1.0.0'),(130,130,'Grid - Career','Top level of grid',129,129,'1.0.0'),(132,132,'Grid - Allowance','Top level of grid',131,131,'1.0.0'),(134,134,'Grid - Salary','Top level of grid',133,133,'1.0.0'),(136,136,'Grid - Emp Schedule','Top level of grid',135,135,'1.0.0'),(141,141,'Form - Save - Header','Test the modal form header',140,140,'1.0.0'),(143,143,'Form - Save - Body','Test the modal form body',140,140,'1.0.0'),(144,144,'Form - Save - Footer','Test the modal form footer',140,140,'1.0.0'),(158,158,'Employee Reports - Employee Basic Details','Test the header and body.',157,157,'1.0.0'),(162,162,'Employee Reports - Employee Basic Details (Grid View)','Test the header and body.',157,157,'1.0.0'),(170,170,'Payroll Reports - Payroll Statistics - Gross/Tax/NI Body','Does it have a title? Is it title correct?',168,168,'1.0.0'),(229,229,'Payroll Reports - Element Header','Is the header text is correct?',168,168,'1.0.0'),(177,177,'Payroll Reports - Payroll - Extras Breakdown by Cost Center - Card Header','Is the header text is correct?',176,176,'1.0.0'),(178,178,'Payroll Reports - Payroll - Extras Breakdown by Cost Center - Card Body','Does it have a title? Is it title correct?',176,176,'1.0.0'),(181,181,'Payroll Reports - Payroll - Allowances Breakdown - Element Header','Is the header text is correct?',180,180,'1.0.0'),(185,185,'Payroll Reports - Payroll Statistics - Bank Cash Payments - Element Header','Is the header text is correct?',184,184,'1.0.0'),(189,189,'Payroll Reports - Payroll Statistics - Unions - Element Header','Is the header text is correct?',188,188,'1.0.0'),(194,194,'2020 Payroll Changes - Card Element','Test the header and body.',193,193,'1.0.0'),(199,199,'2019 Payroll Changes - Element Header','Is the header text is correct?',198,198,'1.0.0'),(204,204,'Absences Consumed - Card Element','Test the header and body.',203,203,'1.0.0'),(208,208,'Absence Entitlements','Test the header and body.',203,203,'1.0.0'),(212,212,'Absence Entitlements (Grid View)','Test the header and body.',203,203,'1.0.0'),(316,316,'User Avatar - Dropdown Menu - Header - Media Object Body','Are the correct elements displayed?',314,314,'1.0.0'),(346,344,'Employees - MobileLeftSideHider - ClickRedirect','Is the correct page displayed after clicking?',342,340,'1.0.0'),(498,495,'Employee Statistics - Payslip Quick View - ClickRedirect','Is the correct page displayed after clicking?',495,492,'1.0.0'),(502,499,'Employee Statistics - FS3 Quick View - ClickRedirect','Is the correct page displayed after clicking?',499,496,'1.0.0'),(506,503,'Employee Statistics - Employee Payroll Statistics - ClickRedirect','Is the correct page displayed after clicking?',503,500,'1.0.0'),(510,507,'Absence Statistics - Employee Accruals - ClickRedirect','Is the correct page displayed after clicking?',507,504,'1.0.0'),(514,511,'Absence Statistics - Other Absence Statistics - ClickRedirect','Is the correct page displayed after clicking?',511,508,'1.0.0'),(518,515,'Reports - Payroll Reports - ClickRedirect','Is the correct page displayed after clicking?',515,512,'1.0.0'),(522,519,'Reports - Payslips - ClickRedirect','Is the correct page displayed after clicking?',519,516,'1.0.0'),(526,523,'Reports - Direct Credits - ClickRedirect','Is the correct page displayed after clicking?',523,520,'1.0.0'),(530,527,'Reports - Global Payroll Analysis - ClickRedirect','Is the correct page displayed after clicking?',527,524,'1.0.0'),(534,531,'Reports - Cheque Printing - ClickRedirect','Is the correct page displayed after clicking?',531,528,'1.0.0'),(538,535,'Reports - Adjustments Reports - ClickRedirect','Is the correct page displayed after clicking?',535,532,'1.0.0'),(542,539,'Reports - HR Related Reports - ClickRedirect','Is the correct page displayed after clicking?',539,536,'1.0.0'),(546,543,'Reports - Absence Related Reports - ClickRedirect','Is the correct page displayed after clicking?',543,540,'1.0.0'),(550,547,'Bulk Updates - COLA Salary Updates - ClickRedirect','Is the correct page displayed after clicking?',547,544,'1.0.0'),(554,551,'Bulk Updates - Employee Creation - ClickRedirect','Is the correct page displayed after clicking?',551,548,'1.0.0'),(145,145,'Button Ok','Test the function of the Ok button',144,144,'1.0.0'),(146,146,'Button Cancel','Test the function of the save button',144,144,'1.0.0'),(159,159,'Employee Reports - Employee Basic Details Header','Is the header text is correct?',158,158,'1.0.0'),(160,160,'Employee Reports - Employee Basic Details Body','Does it have a title? Is it title correct?',158,158,'1.0.0'),(163,163,'Employee Reports - Employee Basic Details (Grid View) - Card Header','Is the header text is correct?',162,162,'1.0.0'),(164,164,'Employee Reports - Employee Basic Details (Grid View) - Card Body','Does it have a title? Is it title correct?',162,162,'1.0.0'),(182,182,'Payroll Reports - Payroll - Allowances Breakdown - Card Body','Does it have a title? Is it title correct?',181,181,'1.0.0'),(186,186,'Payroll Reports - Payroll Statistics - Bank Cash Payments - Card Body','Does it have a title? Is it title correct?',185,185,'1.0.0'),(190,190,'Payroll Reports - Payroll Statistics - Unions - Card Body','Does it have a title? Is it title correct?',189,189,'1.0.0'),(195,195,'2020 Payroll Changes - Element Header','Is the header text is correct?',194,194,'1.0.0'),(200,200,'2019 Payroll Changes - Card Element - Card Body','Does it have a title? Is it title correct?',199,199,'1.0.0'),(205,205,'Absences Consumed - Element Header','Is the header text is correct?',204,204,'1.0.0'),(209,209,'Absence Entitlements - Element Header','Is the header text is correct?',208,208,'1.0.0'),(213,213,'Absence Entitlements (Grid View) - Element Header','Is the header text is correct?',212,212,'1.0.0'),(196,196,'2020 Payroll Changes - Card Body','Does it have a title? Is it title correct?',195,195,'1.0.0'),(206,206,'Absences Consumed - Card Body','Does it have a title? Is it title correct?',205,205,'1.0.0'),(210,210,'Absence Entitlements - Card Body','Does it have a title? Is it title correct?',209,209,'1.0.0'),(214,214,'Absence Entitlements (Grid View) - Card Body','Does it have a title? Is it title correct?',213,213,'1.0.0');
/*!40000 ALTER TABLE `tbl_test_suite_has_child_suites` ENABLE KEYS */;
UNLOCK TABLES;

--
-- Table structure for table `tbl_test_suite_has_child_suites_for_test_run`
--

DROP TABLE IF EXISTS `tbl_test_suite_has_child_suites_for_test_run`;
/*!40101 SET @saved_cs_client     = @@character_set_client */;
 SET character_set_client = utf8mb4 ;
CREATE TABLE `tbl_test_suite_has_child_suites_for_test_run` (
  `test_suite_name` varchar(250) DEFAULT NULL,
  `test_suite_row_id` int(10) unsigned NOT NULL,
  `test_suite_id` int(10) unsigned NOT NULL,
  `ts_entity_test_id` int(10) unsigned NOT NULL,
  `entity_test_entity_test_id` int(10) unsigned NOT NULL,
  `entity_test_row_id` int(10) unsigned NOT NULL DEFAULT '0',
  `entity_test_id` int(10) unsigned NOT NULL,
  `entity_id` int(10) unsigned NOT NULL,
  `entity_entity_id` int(10) unsigned NOT NULL,
  `entity_test_name` varchar(200) NOT NULL,
  `version_number` varchar(11) DEFAULT NULL,
  `description` text,
  `created_on` date NOT NULL,
  `test_function` varchar(250) NOT NULL COMMENT 'Value at the start of the test',
  `data_in` varchar(1000) DEFAULT NULL COMMENT 'Expected value at the end of the test',
  `data_out` varchar(1000) DEFAULT NULL COMMENT 'Value from another source',
  `data_expected` varchar(1000) DEFAULT NULL,
  `failure_halts_test` tinyint(4) NOT NULL DEFAULT '0',
  `created_by_employee_id` varchar(45) NOT NULL,
  `last_run_date` date DEFAULT NULL,
  `last_run_time` time DEFAULT NULL,
  `parent_test_row_id` int(10) unsigned DEFAULT NULL,
  `parent_test_id` int(10) unsigned DEFAULT NULL,
  `entity_type_entity_type_name` varchar(45) NOT NULL COMMENT 'The entiry''s parent.\nZero = no parent',
  `entity_name` varchar(100) NOT NULL,
  `last_tested_date` date DEFAULT NULL,
  `last_tested_time` time DEFAULT NULL,
  `has_tool_tip` varchar(5) DEFAULT 'FALSE',
  `tool_tip_text` varchar(500) DEFAULT NULL
) ENGINE=InnoDB DEFAULT CHARSET=utf8;
/*!40101 SET character_set_client = @saved_cs_client */;

--
-- Dumping data for table `tbl_test_suite_has_child_suites_for_test_run`
--

LOCK TABLES `tbl_test_suite_has_child_suites_for_test_run` WRITE;
/*!40000 ALTER TABLE `tbl_test_suite_has_child_suites_for_test_run` DISABLE KEYS */;
INSERT INTO `tbl_test_suite_has_child_suites_for_test_run` VALUES ('Home Page',9,9,10,10,10,10,10,10,'Top Level of: Home Page Info Bar','1.0.0','This is the top level test for Home Page Info Bar. For this to pass all its children must pass.','2021-05-16','','','','',0,'SB_1','2021-05-17','16:28:49',9,9,'Info Bar','Home Page Info Bar','2021-05-17','16:28:49','False','-'),('Home Page',9,9,15,15,15,15,15,15,'Top Level of: Home Page Top Right Nav Bar','1.0.0','This is the top level test for Home Page Top Right Nav Bar. For this to pass all its children must pass.','2021-05-16','','','','',0,'SB_1','2021-05-17','16:32:30',9,9,'Nav Bar','Home Page Top Right Nav Bar','1900-01-01','00:00:00',NULL,NULL),('Home Page',9,9,29,29,29,29,29,29,'Top Level of: Main Menu','1.0.0','This is the top level test for Main Menu. For this to pass all its children must pass.','2021-05-16','','','','',0,'SB_1','2021-05-17','16:34:06',9,9,'Nav Bar','Main Menu','1900-01-01','00:00:00','False','-'),('Home Page Info Bar',10,10,12,12,12,12,12,12,'Current Module Indicator','1.0.0','Shows the currently selected module','2021-05-16','-','-','-','Payroll',0,'SB_1','2021-05-17','16:27:38',10,10,'Label','Current Module Indicator','2021-05-17','16:27:38','False','-'),('Home Page Info Bar',10,10,14,14,14,14,14,14,'Current Company','1.0.0','Shows the currently selected company','2021-05-16','Peform function based on value','-','-','Mars~Mars Incorporated Ltd',0,'SB_1','2021-05-17','16:28:37',10,10,'Combo','Current Company','2021-05-17','16:28:37','False','-'),('Home Page Info Bar',10,10,13,13,13,13,13,13,'Top Level of: Menu Toggle','1.0.0','This is the top level test for Menu Toggle. For this to pass all its children must pass.','2021-05-16','','','','',0,'SB_1','2021-05-17','16:27:46',10,10,'Button - Function','Menu Toggle','2021-05-17','16:27:46','True','Hide / Show Main Menu'),('Home Page Top Right Nav Bar',15,15,16,16,16,16,16,16,'Top Level of: Authorisations','1.0.0','This is the top level test for Authorisations. For this to pass all its children must pass.','2021-05-16','','','','',0,'SB_1','2021-05-17','16:29:00',15,15,'Button - Display','Authorisations','1900-01-01','00:00:00','True','Authorisations'),('Home Page Top Right Nav Bar',15,15,17,17,17,17,17,17,'Top Level of: Employee Creation Wizard','1.0.0','This is the top level test for Employee Creation Wizard. For this to pass all its children must pass.','2021-05-16','','','','',0,'SB_1','2021-05-17','16:29:05',15,15,'Button - Display','Employee Creation Wizard','2021-05-17','16:29:05','True','Employee Creation'),('Home Page Top Right Nav Bar',15,15,18,18,18,18,18,18,'Top Level of: Employee CV','1.0.0','This is the top level test for Employee CV. For this to pass all its children must pass.','2021-05-16','','','','',0,'SB_1','2021-05-17','16:29:09',15,15,'Button - Display','Employee CV','2021-05-17','16:29:09','True','Employee CV'),('Home Page Top Right Nav Bar',15,15,19,19,19,19,19,19,'Top Level of: Employee Grid View','1.0.0','This is the top level test for Employee Grid View. For this to pass all its children must pass.','2021-05-16','','','','',0,'SB_1','2021-05-17','16:29:14',15,15,'Button - Display','Employee Grid View','2021-05-17','16:29:14','True','Employee Grid View'),('Home Page Top Right Nav Bar',15,15,20,20,20,20,20,20,'Top Level of: Visual Reports','1.0.0','This is the top level test for Visual Reports. For this to pass all its children must pass.','2021-05-16','','','','',0,'SB_1','2021-05-17','16:29:19',15,15,'Button - Display','Visual Reports','2021-05-17','16:29:19','True','Visual Reports'),('Home Page Top Right Nav Bar',15,15,21,21,21,21,21,21,'Top Level of: Dakar Intelligence','1.0.0','This is the top level test for Dakar Intelligence. For this to pass all its children must pass.','2021-05-16','','','','',0,'SB_1','2021-05-17','16:29:22',15,15,'Button - Display','Dakar Intelligence','2021-05-17','16:29:22','True','Dakar Intelligence'),('Home Page Top Right Nav Bar',15,15,22,22,22,22,22,22,'Top Level of: Organisation Chart','1.0.0','This is the top level test for Organisation Chart. For this to pass all its children must pass.','2021-05-16','','','','',0,'SB_1','2021-05-17','16:29:31',15,15,'Button - Display','Organisation Chart','2021-05-17','16:29:31','False','-'),('Home Page Top Right Nav Bar',15,15,23,23,23,23,23,23,'Top Level of: My Company / Last Viewed','1.0.0','This is the top level test for My Company / Last Viewed. For this to pass all its children must pass.','2021-05-16','','','','',0,'SB_1','2021-05-17','16:31:20',15,15,'Button - Display','My Company / Last Viewed','2021-05-17','16:31:20','True','My Company / Last Viewed'),('Home Page Top Right Nav Bar',15,15,24,24,24,24,24,24,'Top Level of: All Notifications','1.0.0','This is the top level test for All Notifications. For this to pass all its children must pass.','2021-05-16','','','','',0,'SB_1','2021-05-17','16:31:26',15,15,'Button - Display','All Notifications','2021-05-17','16:31:26','True','Notifications'),('Home Page Top Right Nav Bar',15,15,25,25,25,25,25,25,'Top Level of: New Employments','1.0.0','This is the top level test for New Employments. For this to pass all its children must pass.','2021-05-16','','','','',0,'SB_1','2021-05-17','16:31:32',15,15,'Button - Display','New Employments','2021-05-17','16:31:32','True','New Employments'),('Home Page Top Right Nav Bar',15,15,26,26,26,26,26,26,'Top Level of: Terminations','1.0.0','This is the top level test for Terminations. For this to pass all its children must pass.','2021-05-16','','','','',0,'SB_1','2021-05-17','16:31:34',15,15,'Button - Display','Terminations','2021-05-17','16:31:34','True','Terminations'),('Home Page Top Right Nav Bar',15,15,27,27,27,27,27,27,'Top Level of: Quick Links','1.0.0','This is the top level test for Quick Links. For this to pass all its children must pass.','2021-05-16','','','','',0,'SB_1','2021-05-17','16:31:43',15,15,'Button - Display','Quick Links','2021-05-17','16:31:43','True','Quick Links'),('Home Page Top Right Nav Bar',15,15,28,28,28,28,28,28,'Top Level of: User Avatar','1.0.0','This is the top level test for User Avatar. For this to pass all its children must pass.','2021-05-16','','','','',0,'SB_1','2021-05-17','16:32:09',15,15,'Button - Display','User Avatar','1900-01-01','00:00:00','True','User'),('Home Page Top Right Nav Bar',15,15,280,280,280,280,280,280,'Top Level of: User Management','1.0.0','This is the top level test for User Management. For this to pass all its children must pass.','2021-05-25','','','','',0,'SB_1',NULL,NULL,15,15,'NavLink','User Management','1900-01-01','00:00:00','True','User Management'),('Home Page Top Right Nav Bar',15,15,293,293,293,293,293,293,'Top Level of: Quick Links - Payroll','1.0.0','This is the top level test for Quick Links - Payroll. For this to pass all its children must pass.','2021-05-25','','','','',0,'SB_1',NULL,NULL,15,15,'NavPill','Quick Links - Payroll','1900-01-01','00:00:00','True','Quick Links'),('Main Menu',29,29,30,30,30,30,30,30,'Top Level of: Main Menu - Payroll','1.0.0','This is the top level test for Main Menu - Payroll. For this to pass all its children must pass.','2021-05-16','','','','',0,'SB_1','2021-05-17','16:33:26',29,29,'NavAccordion','Main Menu - Payroll','1900-01-01','00:00:00','False','-'),('Authorisations',16,16,42,42,42,42,42,42,'Top Level of: Authorisations Form','1.0.0','This is the top level test for Authorisations Form. For this to pass all its children must pass.','2021-05-17','','','','',0,'SB_1',NULL,NULL,16,16,'Form','Authorisations Form','1900-01-01','00:00:00','False','-'),('Employee Creation Wizard',17,17,106,106,106,106,106,106,'Top Level of: Employee Creation Wizard','1.0.0','This is the top level test for Employee Creation Wizard. For this to pass all its children must pass.','2021-05-18','','','','',0,'SB_1',NULL,NULL,17,17,'Form','Employee Creation Wizard','1900-01-01','00:00:00','False','-'),('Employee CV',18,18,108,108,108,108,108,108,'Top Level of: Employee CV','1.0.0','This is the top level test for Employee CV. For this to pass all its children must pass.','2021-05-19','','','','',0,'SB_1',NULL,NULL,18,18,'Form','Employee CV','1900-01-01','00:00:00','False','-'),('Employee Grid View',19,19,148,148,148,148,148,148,'Top Level of: Employee Grid View - Form','1.0.0','This is the top level test for Employee Grid View - Form. For this to pass all its children must pass.','2021-05-20','','','','',0,'SB_1',NULL,NULL,19,19,'Form','Employee Grid View - Form','1900-01-01','00:00:00','False','-'),('Visual Reports',20,20,149,149,149,149,149,149,'Top Level of: Visual Reports - Form','1.0.0','This is the top level test for Visual Reports - Form. For this to pass all its children must pass.','2021-05-24','','','','',0,'SB_1',NULL,NULL,20,20,'Form','Visual Reports - Form','1900-01-01','00:00:00','False','-'),('Dakar Intelligence',21,21,150,150,150,150,150,150,'Top Level of: Dakar Intelligence - Form','1.0.0','This is the top level test for Dakar Intelligence - Form. For this to pass all its children must pass.','2021-05-24','','','','',0,'SB_1',NULL,NULL,21,21,'Form','Dakar Intelligence - Form','1900-01-01','00:00:00','False','-'),('My Company / Last Viewed',23,23,252,252,252,252,252,252,'Top Level of: My Company / Last Viewed - DropdownMenu','1.0.0','This is the top level test for My Company / Last Viewed - DropdownMenu. For this to pass all its children must pass.','2021-05-25','','','','',0,'SB_1',NULL,NULL,23,23,'JSDropdownMenu','My Company / Last Viewed - DropdownMenu','1900-01-01','00:00:00','False','-'),('All Notifications',24,24,262,262,262,262,262,262,'Top Level of: All Notifications - DropdownMenu','1.0.0','This is the top level test for All Notifications - DropdownMenu. For this to pass all its children must pass.','2021-05-25','','','','',0,'SB_1',NULL,NULL,24,24,'JSDropdownMenu','All Notifications - DropdownMenu','1900-01-01','00:00:00','False','-'),('New Employments',25,25,274,274,274,274,274,274,'Top Level of: New Employments - DropdownMenu','1.0.0','This is the top level test for New Employments - DropdownMenu. For this to pass all its children must pass.','2021-05-25','','','','',0,'SB_1',NULL,NULL,25,25,'JSDropdownMenu','New Employments - DropdownMenu','1900-01-01','00:00:00','False','-'),('Terminations',26,26,277,277,277,277,277,277,'Top Level of: Terminations - DropdownMenu','1.0.0','This is the top level test for Terminations - DropdownMenu. For this to pass all its children must pass.','2021-05-25','','','','',0,'SB_1',NULL,NULL,26,26,'JSDropdownMenu','Terminations - DropdownMenu','1900-01-01','00:00:00','False','-'),('User Avatar',28,28,312,312,312,312,312,312,'Top Level of: User Avatar - Dropdwon Menu','1.0.0','This is the top level test for User Avatar - Dropdwon Menu. For this to pass all its children must pass.','2021-05-25','','','','',0,'SB_1',NULL,NULL,28,28,'JSDropdownMenu','User Avatar - Dropdwon Menu','1900-01-01','00:00:00','False','-'),('User Management',280,280,283,283,283,283,283,283,'User Management - FaFa','1.0.0','Is it the correct FaFa?','2021-05-25','-','-','-','fa-fa-user-circle-o',0,'SB_1',NULL,NULL,280,280,'FaFa','User Management - FaFa','1900-01-01','00:00:00','False','-'),('User Management',280,280,284,284,284,284,284,284,'Top Level of: User Management - Dropdown Menu','1.0.0','This is the top level test for User Management - Dropdown Menu. For this to pass all its children must pass.','2021-05-25','','','','',0,'SB_1',NULL,NULL,280,280,'JSDropdownMenu','User Management - Dropdown Menu','1900-01-01','00:00:00','False','-'),('Quick Links - Payroll',293,293,294,294,294,294,294,294,'Quick Links - FaFa','1.0.0','Is it the correct FaFa?','2021-05-25','-','-','-','fa-fa-folder-open-o',0,'SB_1',NULL,NULL,293,293,'FaFa','Quick Links - FaFa','1900-01-01','00:00:00','False','-'),('Quick Links - Payroll',293,293,295,295,295,295,295,295,'Top Level of: Quick Links - Dropdown Menu - Header','1.0.0','This is the top level test for Quick Links - Dropdown Menu - Header. For this to pass all its children must pass.','2021-05-25','','','','',0,'SB_1',NULL,NULL,293,293,'JSDropdownMenuHeader','Quick Links - Dropdown Menu - Header','1900-01-01','00:00:00','False','-'),('Quick Links - Payroll',293,293,297,297,297,297,297,297,'Top Level of: Quick Links - Grid','1.0.0','This is the top level test for Quick Links - Grid. For this to pass all its children must pass.','2021-05-25','','','','',0,'SB_1',NULL,NULL,293,293,'QLGrid','Quick Links - Grid','1900-01-01','00:00:00','False','-'),('Main Menu - Payroll',30,30,31,31,31,31,31,31,'Top Level of: Employee List','1.0.0','This is the top level test for Employee List. For this to pass all its children must pass.','2021-05-16','','','','',0,'SB_1','2021-05-17','16:33:29',30,30,'Button - Display','Employee List','2021-05-17','16:33:29',NULL,NULL),('Main Menu - Payroll',30,30,32,32,32,32,32,32,'Top Level of: Documents','1.0.0','This is the top level test for Documents. For this to pass all its children must pass.','2021-05-16','','','','',0,'SB_1','2021-05-17','16:33:31',30,30,'MobileLeftSideHider','Documents','1900-01-01','00:00:00',NULL,NULL),('Main Menu - Payroll',30,30,33,33,33,33,33,33,'Top Level of: Employee Others','1.0.0','This is the top level test for Employee Others. For this to pass all its children must pass.','2021-05-16','','','','',0,'SB_1','2021-05-17','16:33:33',30,30,'Button - Display','Employee Others','2021-05-17','16:33:33','False','-'),('Main Menu - Payroll',30,30,34,34,34,34,34,34,'Top Level of: Payroll','1.0.0','This is the top level test for Payroll. For this to pass all its children must pass.','2021-05-16','','','','',0,'SB_1','2021-05-17','16:33:35',30,30,'Button - Display','Payroll','2021-05-17','16:33:35','False','-'),('Main Menu - Payroll',30,30,35,35,35,35,35,35,'Top Level of: Payroll Statistics','1.0.0','This is the top level test for Payroll Statistics. For this to pass all its children must pass.','2021-05-16','','','','',0,'SB_1','2021-05-17','16:33:40',30,30,'Button - Display','Payroll Statistics','2021-05-17','16:33:40','False','-'),('Main Menu - Payroll',30,30,36,36,36,36,36,36,'Top Level of: Absence Statistics','1.0.0','This is the top level test for Absence Statistics. For this to pass all its children must pass.','2021-05-16','','','','',0,'SB_1','2021-05-17','16:33:43',30,30,'Button - Display','Absence Statistics','2021-05-17','16:33:43','False','-'),('Main Menu - Payroll',30,30,37,37,37,37,37,37,'Top Level of: Reports','1.0.0','This is the top level test for Reports. For this to pass all its children must pass.','2021-05-16','','','','',0,'SB_1','2021-05-17','16:33:46',30,30,'Button - Display','Reports','2021-05-17','16:33:46','False','-'),('Main Menu - Payroll',30,30,38,38,38,38,38,38,'Top Level of: Monthly Reports','1.0.0','This is the top level test for Monthly Reports. For this to pass all its children must pass.','2021-05-16','','','','',0,'SB_1','2021-05-17','16:33:48',30,30,'Button - Display','Monthly Reports','2021-05-17','16:33:48','False','-'),('Main Menu - Payroll',30,30,39,39,39,39,39,39,'Top Level of: Yearly Reports','1.0.0','This is the top level test for Yearly Reports. For this to pass all its children must pass.','2021-05-16','','','','',0,'SB_1','2021-05-17','16:33:53',30,30,'Button - Display','Yearly Reports','2021-05-17','16:33:53','False','-'),('Main Menu - Payroll',30,30,40,40,40,40,40,40,'Top Level of: Bulk Updates','1.0.0','This is the top level test for Bulk Updates. For this to pass all its children must pass.','2021-05-16','','','','',0,'SB_1','2021-05-17','16:33:55',30,30,'Button - Display','Bulk Updates','2021-05-17','16:33:55','False','-'),('Main Menu - Payroll',30,30,41,41,41,41,41,41,'Top Level of: Settings','1.0.0','This is the top level test for Settings. For this to pass all its children must pass.','2021-05-16','','','','',0,'SB_1','2021-05-17','16:34:02',30,30,'Button - Display','Settings','2021-05-17','16:34:02','False','-'),('Main Menu - Payroll',30,30,321,31,321,31,321,31,'Top Level of: Employee List','1.0.0','This is the top level test for Employee List. For this to pass all its children must pass.','2021-05-25','','','','',0,'SB_1',NULL,NULL,30,30,'MobileLeftSideHider','Employee List','1900-01-01','00:00:00','False','-'),('Main Menu - Payroll',30,30,330,32,330,32,330,32,'Top Level of: Documents','1.0.0','This is the top level test for Documents. For this to pass all its children must pass.','2021-05-25','','','','',0,'SB_1',NULL,NULL,30,30,'MobileLeftSideHider','Documents','1900-01-01','00:00:00','',''),('Main Menu - Payroll',30,30,331,329,331,329,331,329,'Top Level of: Employees','1.0.0','This is the top level test for Employees. For this to pass all its children must pass.','2021-05-25','','','','',0,'SB_1',NULL,NULL,30,30,'SubMenu','Employees','1900-01-01','00:00:00','False','-'),('Main Menu - Payroll',30,30,347,33,347,33,347,33,'Top Level of: Employee Others','1.0.0','This is the top level test for Employee Others. For this to pass all its children must pass.','2021-05-25','','','','',0,'SB_1',NULL,NULL,30,30,'SubMenu','Employee Others','1900-01-01','00:00:00','False','-'),('Main Menu - Payroll',30,30,357,34,357,34,357,34,'Top Level of: Payroll','1.0.0','This is the top level test for Payroll. For this to pass all its children must pass.','2021-05-25','','','','',0,'SB_1',NULL,NULL,30,30,'SubMenu','Payroll','1900-01-01','00:00:00','False','-'),('Main Menu - Payroll',30,30,362,35,362,35,362,35,'Top Level of: Payroll Statistics','1.0.0','This is the top level test for Payroll Statistics. For this to pass all its children must pass.','2021-05-25','','','','',0,'SB_1',NULL,NULL,30,30,'MobileLeftSideHider','Payroll Statistics','1900-01-01','00:00:00','False','-'),('Main Menu - Payroll',30,30,366,364,366,364,366,364,'Top Level of: Employee Statistics','1.0.0','This is the top level test for Employee Statistics. For this to pass all its children must pass.','2021-05-25','','','','',0,'SB_1',NULL,NULL,30,30,'SubMenu','Employee Statistics','1900-01-01','00:00:00','False','-'),('Main Menu - Payroll',30,30,371,36,371,36,371,36,'Top Level of: Absence Statistics','1.0.0','This is the top level test for Absence Statistics. For this to pass all its children must pass.','2021-05-25','','','','',0,'SB_1',NULL,NULL,30,30,'SubMenu','Absence Statistics','1900-01-01','00:00:00','False','-'),('Main Menu - Payroll',30,30,376,37,376,37,376,37,'Top Level of: Reports','1.0.0','This is the top level test for Reports. For this to pass all its children must pass.','2021-05-25','','','','',0,'SB_1',NULL,NULL,30,30,'SubMenu','Reports','1900-01-01','00:00:00','False','-'),('Main Menu - Payroll',30,30,381,38,381,38,381,38,'Top Level of: Monthly Reports','1.0.0','This is the top level test for Monthly Reports. For this to pass all its children must pass.','2021-05-25','','','','',0,'SB_1',NULL,NULL,30,30,'MobileLeftSideHider','Monthly Reports','1900-01-01','00:00:00','False','-'),('Main Menu - Payroll',30,30,385,39,385,39,385,39,'Top Level of: Yearly Reports','1.0.0','This is the top level test for Yearly Reports. For this to pass all its children must pass.','2021-05-25','','','','',0,'SB_1',NULL,NULL,30,30,'MobileLeftSideHider','Yearly Reports','1900-01-01','00:00:00','False','-'),('Main Menu - Payroll',30,30,389,40,389,40,389,40,'Top Level of: Bulk Updates','1.0.0','This is the top level test for Bulk Updates. For this to pass all its children must pass.','2021-05-25','','','','',0,'SB_1',NULL,NULL,30,30,'SubMenu','Bulk Updates','1900-01-01','00:00:00','False','-'),('Main Menu - Payroll',30,30,395,41,395,41,395,41,'Top Level of: Settings','1.0.0','This is the top level test for Settings. For this to pass all its children must pass.','2021-05-25','','','','',0,'SB_1',NULL,NULL,30,30,'MobileLeftSideHider','Settings','1900-01-01','00:00:00','False','-'),('Authorisations Form',42,42,43,43,43,43,43,43,'Company','1.0.0','TODO - Enter Description','2021-05-17','-','-','-','Company',0,'SB_1',NULL,NULL,42,42,'Label','Company','1900-01-01','00:00:00','False','-'),('Authorisations Form',42,42,44,44,44,44,44,44,'Company Combo','1.0.0','TODO - Enter Description','2021-05-17','Peform function based on value','-','-','Mars Northern Products Ltd~Mars Incorporated Ltd',0,'SB_1',NULL,NULL,42,42,'Combo','Company Combo','1900-01-01','00:00:00','False','-'),('Authorisations Form',42,42,45,45,45,45,45,45,'Grouping View ','1.0.0','TODO - Enter Description','2021-05-17','-','-','-','Grouping View ',0,'SB_1',NULL,NULL,42,42,'Label','Grouping View ','1900-01-01','00:00:00','False','-'),('Authorisations Form',42,42,46,46,46,46,46,46,'Grouping View Combo','1.0.0','TODO - Enter Description','2021-05-17','Peform function based on value','-','-','Authorisation Group A~GROUP B~General Group~View All Groups',0,'SB_1',NULL,NULL,42,42,'Combo','Grouping View Combo','1900-01-01','00:00:00','False','-'),('Authorisations Form',42,42,47,47,47,47,47,47,'Top Level of: Accept Criteria','1.0.0','This is the top level test for Accept Criteria. For this to pass all its children must pass.','2021-05-17','','','','',0,'SB_1',NULL,NULL,42,42,'Button - Function','Accept Criteria','1900-01-01','00:00:00','False','-'),('Authorisations Form',42,42,48,48,48,48,48,48,'Top Level of: Authorisations Grid','1.0.0','This is the top level test for Authorisations Grid. For this to pass all its children must pass.','2021-05-17','','','','',0,'SB_1',NULL,NULL,42,42,'Grid','Authorisations Grid','1900-01-01','00:00:00','False','-'),('Employee Creation Wizard',106,106,107,107,107,107,107,107,'Employee Creation Wizard - Title','1.0.0','Is the title correct','2021-05-18','-','-','-','Employee Creation Wizard',0,'SB_1',NULL,NULL,106,106,'Titlebar','Employee Creation Wizard - Title','1900-01-01','00:00:00','False','-'),('Employee Creation Wizard',106,106,49,49,49,49,49,49,'Top Level of: Employee Creation Wizard - Step 1','1.0.0','This is the top level test for Employee Creation Wizard - Step 1. For this to pass all its children must pass.','2021-05-18','','','','',0,'SB_1',NULL,NULL,106,106,'Function','Employee Creation Wizard - Step 1','1900-01-01','00:00:00','False','-'),('Employee Creation Wizard',106,106,61,61,61,61,61,61,'Top Level of: Employee Creation Wizard - Step 2','1.0.0','This is the top level test for Employee Creation Wizard - Step 2. For this to pass all its children must pass.','2021-05-18','','','','',0,'SB_1',NULL,NULL,106,106,'Function','Employee Creation Wizard - Step 2','1900-01-01','00:00:00','False','-'),('Employee Creation Wizard',106,106,73,73,73,73,73,73,'Top Level of: Employee Creation Wizard - Step 3','1.0.0','This is the top level test for Employee Creation Wizard - Step 3. For this to pass all its children must pass.','2021-05-18','','','','',0,'SB_1',NULL,NULL,106,106,'Function','Employee Creation Wizard - Step 3','1900-01-01','00:00:00','False','-'),('Employee Creation Wizard',106,106,86,86,86,86,86,86,'Top Level of: Employee Creation Wizard - Step 4','1.0.0','This is the top level test for Employee Creation Wizard - Step 4. For this to pass all its children must pass.','2021-05-18','','','','',0,'SB_1',NULL,NULL,106,106,'Function','Employee Creation Wizard - Step 4','1900-01-01','00:00:00','False','-'),('Employee Creation Wizard',106,106,96,96,96,96,96,96,'Top Level of: Employee Creation Wizard - Step 5','1.0.0','This is the top level test for Employee Creation Wizard - Step 5. For this to pass all its children must pass.','2021-05-18','','','','',0,'SB_1',NULL,NULL,106,106,'Function','Employee Creation Wizard - Step 5','1900-01-01','00:00:00','False','-'),('Employee CV',108,108,109,109,109,109,109,109,'Employee CV - Title','1.0.0','Should display title','2021-05-19','-','-','-','Employee Payroll CV',0,'SB_1',NULL,NULL,108,108,'Titlebar','Employee CV - Title','1900-01-01','00:00:00','False','-'),('Employee CV',108,108,110,110,110,110,110,110,'Company - Label','1.0.0','Should display label value','2021-05-19','-','-','-','Company',0,'SB_1',NULL,NULL,108,108,'Label','Company - Label','1900-01-01','00:00:00','False','-'),('Employee CV',108,108,111,111,111,111,111,111,'Company - List','1.0.0','Should be able to choose from a populated list','2021-05-19','Display data','-','-','Mars Northern Products Ltd~Mars Incorporated Ltd',0,'SB_1',NULL,NULL,108,108,'List','Company - List','1900-01-01','00:00:00','False','-'),('Employee CV',108,108,112,112,112,112,112,112,'Paygroup - Label','1.0.0','Should display label value','2021-05-19','-','-','-','Paygroup',0,'SB_1',NULL,NULL,108,108,'Label','Paygroup - Label','1900-01-01','00:00:00','False','-'),('Employee CV',108,108,113,113,113,113,113,113,'Paygroup - List','1.0.0','Should be able to choose from a populated list','2021-05-19','Display data','-','-','Monthly Paygroup',0,'SB_1',NULL,NULL,108,108,'List','Paygroup - List','1900-01-01','00:00:00','False','-'),('Employee CV',108,108,114,114,114,114,114,114,'Employee - Label','1.0.0','Should display label value','2021-05-19','-','-','-','Employees',0,'SB_1',NULL,NULL,108,108,'Label','Employee - Label','1900-01-01','00:00:00','False','-'),('Employee CV',108,108,115,115,115,115,115,115,'Employee - List','1.0.0','Should be able to choose from a populated list','2021-05-19','Display data','-','-','#INF#',0,'SB_1',NULL,NULL,108,108,'List','Employee - List','1900-01-01','00:00:00','False','-'),('Employee CV',108,108,116,116,116,116,116,116,'Top Level of: Accept Criteria','1.0.0','This is the top level test for Accept Criteria. For this to pass all its children must pass.','2021-05-19','','','','',0,'SB_1',NULL,NULL,108,108,'Button - Function','Accept Criteria','1900-01-01','00:00:00','False','-'),('Employee CV',108,108,118,118,118,118,118,118,'Top Level of: Bio Info','1.0.0','This is the top level test for Bio Info. For this to pass all its children must pass.','2021-05-19','','','','',0,'SB_1',NULL,NULL,108,108,'Container','Bio Info','1900-01-01','00:00:00','False','-'),('Employee CV',108,108,128,128,128,128,128,128,'Top Level of: Accordion - CV','1.0.0','This is the top level test for Accordion - CV. For this to pass all its children must pass.','2021-05-19','','','','',0,'SB_1',NULL,NULL,108,108,'Accordion','Accordion - CV','1900-01-01','00:00:00','False','-'),('Employee CV',108,108,139,139,139,139,139,139,'Top Level of: Save','1.0.0','This is the top level test for Save. For this to pass all its children must pass.','2021-05-19','','','','',0,'SB_1',NULL,NULL,108,108,'Button - Function','Save','1900-01-01','00:00:00','False','-'),('Employee Grid View - Form',148,148,147,147,147,147,147,147,'Top Level of: Employee Grid View - Grid','1.0.0','This is the top level test for Employee Grid View - Grid. For this to pass all its children must pass.','2021-05-20','','','','',0,'SB_1',NULL,NULL,148,148,'Grid','Employee Grid View - Grid','1900-01-01','00:00:00','False','-'),('Dakar Intelligence - Form',150,150,151,151,151,151,151,151,'Top Level of: Employee Reports','1.0.0','This is the top level test for Employee Reports. For this to pass all its children must pass.','2021-05-24','','','','',0,'SB_1',NULL,NULL,150,150,'Card','Employee Reports','1900-01-01','00:00:00','False','-'),('Dakar Intelligence - Form',150,150,166,166,166,166,166,166,'Top Level of: Payroll Reports','1.0.0','This is the top level test for Payroll Reports. For this to pass all its children must pass.','2021-05-24','','','','',0,'SB_1',NULL,NULL,150,150,'Card','Payroll Reports','1900-01-01','00:00:00','False','-'),('My Company / Last Viewed - DropdownMenu',252,252,253,253,253,253,253,253,'Top Level of: My Company / Last Viewed - DropdownMenu - Header','1.0.0','This is the top level test for My Company / Last Viewed - DropdownMenu - Header. For this to pass all its children must pass.','2021-05-25','','','','',0,'SB_1',NULL,NULL,252,252,'JSDropdownMenuHeader','My Company / Last Viewed - DropdownMenu - Header','1900-01-01','00:00:00','False','-'),('My Company / Last Viewed - DropdownMenu',252,252,255,255,255,255,255,255,'Top Level of: My Company / Last Viewed - DropdownMenu - Row','1.0.0','This is the top level test for My Company / Last Viewed - DropdownMenu - Row. For this to pass all its children must pass.','2021-05-25','','','','',0,'SB_1',NULL,NULL,252,252,'Row','My Company / Last Viewed - DropdownMenu - Row','1900-01-01','00:00:00','False','-'),('All Notifications - DropdownMenu',262,262,263,263,263,263,263,263,'Top Level of: All Notifications - DropdownMenu - Header','1.0.0','This is the top level test for All Notifications - DropdownMenu - Header. For this to pass all its children must pass.','2021-05-25','','','','',0,'SB_1',NULL,NULL,262,262,'JSDropdownMenuHeader','All Notifications - DropdownMenu - Header','1900-01-01','00:00:00','False','-'),('All Notifications - DropdownMenu',262,262,265,265,265,265,265,265,'Top Level of: All Notifications - DropdownMenu - Item 1','1.0.0','This is the top level test for All Notifications - DropdownMenu - Item 1. For this to pass all its children must pass.','2021-05-25','','','','',0,'SB_1',NULL,NULL,262,262,'JSDropdownMenuItem','All Notifications - DropdownMenu - Item 1','1900-01-01','00:00:00','False','-'),('All Notifications - DropdownMenu',262,262,268,268,268,268,268,268,'Top Level of: All Notifications - DropdownMenu - Item 2','1.0.0','This is the top level test for All Notifications - DropdownMenu - Item 2. For this to pass all its children must pass.','2021-05-25','','','','',0,'SB_1',NULL,NULL,262,262,'JSDropdownMenuItem','All Notifications - DropdownMenu - Item 2','1900-01-01','00:00:00','False','-'),('All Notifications - DropdownMenu',262,262,271,271,271,271,271,271,'Top Level of: All Notifications - DropdownMenu - Item 3','1.0.0','This is the top level test for All Notifications - DropdownMenu - Item 3. For this to pass all its children must pass.','2021-05-25','','','','',0,'SB_1',NULL,NULL,262,262,'JSDropdownMenuItem','All Notifications - DropdownMenu - Item 3','1900-01-01','00:00:00','False','-'),('New Employments - DropdownMenu',274,274,275,275,275,275,275,275,'Top Level of: New Employments - DropdownMenu - Header','1.0.0','This is the top level test for New Employments - DropdownMenu - Header. For this to pass all its children must pass.','2021-05-25','','','','',0,'SB_1',NULL,NULL,274,274,'JSDropdownMenuHeader','New Employments - DropdownMenu - Header','1900-01-01','00:00:00','False','-'),('Terminations - DropdownMenu',277,277,278,278,278,278,278,278,'Top Level of: Terminations - DropdownMenu - Header','1.0.0','This is the top level test for Terminations - DropdownMenu - Header. For this to pass all its children must pass.','2021-05-25','','','','',0,'SB_1',NULL,NULL,277,277,'JSDropdownMenuHeader','Terminations - DropdownMenu - Header','1900-01-01','00:00:00','False','-'),('User Avatar - Dropdwon Menu',312,312,313,313,313,313,313,313,'Top Level of: User Avatar - Dropdown Menu - Header','1.0.0','This is the top level test for User Avatar - Dropdown Menu - Header. For this to pass all its children must pass.','2021-05-25','','','','',0,'SB_1',NULL,NULL,312,312,'JSDropdownMenuHeader','User Avatar - Dropdown Menu - Header','1900-01-01','00:00:00','False','-'),('User Management - Dropdown Menu',284,284,285,285,285,285,285,285,'Top Level of: User Management - Dropdown Menu - Header','1.0.0','This is the top level test for User Management - Dropdown Menu - Header. For this to pass all its children must pass.','2021-05-25','','','','',0,'SB_1',NULL,NULL,284,284,'JSDropdownMenuHeader','User Management - Dropdown Menu - Header','1900-01-01','00:00:00','False','-'),('User Management - Dropdown Menu',284,284,287,287,287,287,287,287,'Top Level of: User Management - DropdownMenu - Item 1','1.0.0','This is the top level test for User Management - DropdownMenu - Item 1. For this to pass all its children must pass.','2021-05-25','','','','',0,'SB_1',NULL,NULL,284,284,'JSDropdownMenuItem','User Management - DropdownMenu - Item 1','1900-01-01','00:00:00','False','-'),('User Management - Dropdown Menu',284,284,290,290,290,290,290,290,'Top Level of: Group Authorisations - DropdownMenu - Item 2','1.0.0','This is the top level test for Group Authorisations - DropdownMenu - Item 2. For this to pass all its children must pass.','2021-05-25','','','','',0,'SB_1',NULL,NULL,284,284,'JSDropdownMenuItem','Group Authorisations - DropdownMenu - Item 2','1900-01-01','00:00:00','False','-'),('Quick Links - Dropdown Menu - Header',295,295,296,296,296,296,296,296,'Quick Links - Dropdown Menu - Header - Text Element','1.0.0','Is the text correct?','2021-05-25','-','-','-','Quick Links',0,'SB_1',NULL,NULL,295,295,'Text','Quick Links - Dropdown Menu - Header - Text Element','1900-01-01','00:00:00','False','-'),('Quick Links - Grid',297,297,300,300,300,300,300,300,'Top Level of: Quick Links - Grid- Quick Link Grid Item 1','1.0.0','This is the top level test for Quick Links - Grid- Quick Link Grid Item 1. For this to pass all its children must pass.','2021-05-25','','','','',0,'SB_1',NULL,NULL,297,297,'QLGridItem','Quick Links - Grid- Quick Link Grid Item 1','1900-01-01','00:00:00','False','-'),('Quick Links - Grid',297,297,303,303,303,303,303,303,'Top Level of: Quick Links - Grid- Quick Link Grid Item 2','1.0.0','This is the top level test for Quick Links - Grid- Quick Link Grid Item 2. For this to pass all its children must pass.','2021-05-25','','','','',0,'SB_1',NULL,NULL,297,297,'QLGridItem','Quick Links - Grid- Quick Link Grid Item 2','1900-01-01','00:00:00','False','-'),('Quick Links - Grid',297,297,306,306,306,306,306,306,'Top Level of: Quick Links - Grid- Quick Link Grid Item 3','1.0.0','This is the top level test for Quick Links - Grid- Quick Link Grid Item 3. For this to pass all its children must pass.','2021-05-25','','','','',0,'SB_1',NULL,NULL,297,297,'QLGridItem','Quick Links - Grid- Quick Link Grid Item 3','1900-01-01','00:00:00','False','-'),('Quick Links - Grid',297,297,309,309,309,309,309,309,'Top Level of: Quick Links - Grid- Quick Link Grid Item 4','1.0.0','This is the top level test for Quick Links - Grid- Quick Link Grid Item 4. For this to pass all its children must pass.','2021-05-25','','','','',0,'SB_1',NULL,NULL,297,297,'QLGridItem','Quick Links - Grid- Quick Link Grid Item 4','1900-01-01','00:00:00','False','-'),('Employee List',321,31,323,322,323,322,323,322,'Employee List - Text Element','1.0.0','Is the text correct?','2021-05-25','-','-','-','Employee List',0,'SB_1',NULL,NULL,321,31,'Text','Employee List - Text Element','1900-01-01','00:00:00','False','-'),('Employee List',321,31,324,323,324,323,324,323,'Employee List - FaFa','1.0.0','Is it the correct FaFa?','2021-05-25','-','-','-','fa-fa-align-left',0,'SB_1',NULL,NULL,321,31,'FaFa','Employee List - FaFa','1900-01-01','00:00:00','False','-'),('Employee List',321,31,325,324,325,324,325,324,'Top Level of: Employee List - ClickRedirect','1.0.0','This is the top level test for Employee List - ClickRedirect. For this to pass all its children must pass.','2021-05-25','','','','',0,'SB_1',NULL,NULL,321,31,'Button - Redirect','Employee List - ClickRedirect','1900-01-01','00:00:00','False','-'),('Documents',330,32,329,328,329,328,329,328,'Top Level of: Documents - ClickRedirect','1.0.0','This is the top level test for Documents - ClickRedirect. For this to pass all its children must pass.','2021-05-25','','','','',0,'SB_1',NULL,NULL,330,32,'Button - Redirect','Documents - ClickRedirect','1900-01-01','00:00:00','False','-'),('Employees',331,329,338,336,338,336,338,336,'Employees - Text Element','1.0.0','Is the text correct?','2021-05-25','-','-','-','Employees',0,'SB_1',NULL,NULL,331,329,'Text','Employees - Text Element','1900-01-01','00:00:00','False','-'),('Employees',331,329,340,338,340,338,340,338,'Employees - DCJQIcon','1.0.0','Is the icon correct?','2021-05-25','-','-','-','-',0,'SB_1',NULL,NULL,331,329,'DCJQIcon','Employees - DCJQIcon','1900-01-01','00:00:00','False','-'),('Employees',331,329,341,339,341,339,341,339,'Top Level of: Employees - DisplayBlock','1.0.0','This is the top level test for Employees - DisplayBlock. For this to pass all its children must pass.','2021-05-25','','','','',0,'SB_1',NULL,NULL,331,329,'DisplayBlock','Employees - DisplayBlock','1900-01-01','00:00:00','False','-'),('Employees',331,329,399,396,399,396,399,396,'Top Level of: Employees - Contact Numbers','1.0.0','This is the top level test for Employees - Contact Numbers. For this to pass all its children must pass.','2021-05-26','','','','',0,'SB_1',NULL,NULL,331,329,'MobileLeftSideHider','Employees - Contact Numbers','1900-01-01','00:00:00','False','-'),('Employees',331,329,403,400,403,400,403,400,'Top Level of: Employees - Banks','1.0.0','This is the top level test for Employees - Banks. For this to pass all its children must pass.','2021-05-26','','','','',0,'SB_1',NULL,NULL,331,329,'MobileLeftSideHider','Employees - Banks','1900-01-01','00:00:00','False','-'),('Employees',331,329,407,404,407,404,407,404,'Top Level of: Employees - Salary Details','1.0.0','This is the top level test for Employees - Salary Details. For this to pass all its children must pass.','2021-05-26','','','','',0,'SB_1',NULL,NULL,331,329,'MobileLeftSideHider','Employees - Salary Details','1900-01-01','00:00:00','False','-'),('Employees',331,329,411,408,411,408,411,408,'Top Level of: Employees - Career Progression','1.0.0','This is the top level test for Employees - Career Progression. For this to pass all its children must pass.','2021-05-26','','','','',0,'SB_1',NULL,NULL,331,329,'MobileLeftSideHider','Employees - Career Progression','1900-01-01','00:00:00','False','-'),('Employees',331,329,415,412,415,412,415,412,'Top Level of: Employees - Schedule','1.0.0','This is the top level test for Employees - Schedule. For this to pass all its children must pass.','2021-05-26','','','','',0,'SB_1',NULL,NULL,331,329,'MobileLeftSideHider','Employees - Schedule','1900-01-01','00:00:00','False','-'),('Employees',331,329,419,416,419,416,419,416,'Top Level of: Employees - Permanent Allowances','1.0.0','This is the top level test for Employees - Permanent Allowances. For this to pass all its children must pass.','2021-05-26','','','','',0,'SB_1',NULL,NULL,331,329,'MobileLeftSideHider','Employees - Permanent Allowances','1900-01-01','00:00:00','False','-'),('Employees',331,329,423,420,423,420,423,420,'Top Level of: Employees - Previous Employment','1.0.0','This is the top level test for Employees - Previous Employment. For this to pass all its children must pass.','2021-05-26','','','','',0,'SB_1',NULL,NULL,331,329,'MobileLeftSideHider','Employees - Previous Employment','1900-01-01','00:00:00','False','-'),('Employees',331,329,427,424,427,424,427,424,'Top Level of: Employees - Unions','1.0.0','This is the top level test for Employees - Unions. For this to pass all its children must pass.','2021-05-26','','','','',0,'SB_1',NULL,NULL,331,329,'MobileLeftSideHider','Employees - Unions','1900-01-01','00:00:00','False','-'),('Employee Others',347,33,348,346,348,346,348,346,'Employee Others - Text Element','1.0.0','Is the text correct?','2021-05-25','-','-','-','Employee Others',0,'SB_1',NULL,NULL,347,33,'Text','Employee Others - Text Element','1900-01-01','00:00:00','False','-'),('Employee Others',347,33,349,347,349,347,349,347,'Employee Others - FaFa','1.0.0','Is it the correct FaFa?','2021-05-25','-','-','-','fa-fa-male',0,'SB_1',NULL,NULL,347,33,'FaFa','Employee Others - FaFa','1900-01-01','00:00:00','False','-'),('Employee Others',347,33,350,348,350,348,350,348,'Employee Others - DCJQIcon','1.0.0','Is the icon correct?','2021-05-25','-','-','-','-',0,'SB_1',NULL,NULL,347,33,'DCJQIcon','Employee Others - DCJQIcon','1900-01-01','00:00:00','False','-'),('Employee Others',347,33,351,349,351,349,351,349,'Top Level of: Employee Others - DisplayBlock','1.0.0','This is the top level test for Employee Others - DisplayBlock. For this to pass all its children must pass.','2021-05-25','','','','',0,'SB_1',NULL,NULL,347,33,'DisplayBlock','Employee Others - DisplayBlock','1900-01-01','00:00:00','False','-'),('Employee Others',347,33,352,350,352,350,352,350,'Top Level of: Employee Others - Absence Entitlements','1.0.0','This is the top level test for Employee Others - Absence Entitlements. For this to pass all its children must pass.','2021-05-25','','','','',0,'SB_1',NULL,NULL,347,33,'MobileLeftSideHider','Employee Others - Absence Entitlements','1900-01-01','00:00:00','False','-'),('Employee Others',347,33,431,428,431,428,431,428,'Top Level of: Employee Others - Advances & Payments','1.0.0','This is the top level test for Employee Others - Advances & Payments. For this to pass all its children must pass.','2021-05-26','','','','',0,'SB_1',NULL,NULL,347,33,'MobileLeftSideHider','Employee Others - Advances & Payments','1900-01-01','00:00:00','False','-'),('Employee Others',347,33,435,432,435,432,435,432,'Top Level of: Employee Others - Tax Arrears','1.0.0','This is the top level test for Employee Others - Tax Arrears. For this to pass all its children must pass.','2021-05-26','','','','',0,'SB_1',NULL,NULL,347,33,'MobileLeftSideHider','Employee Others - Tax Arrears','1900-01-01','00:00:00','False','-'),('Employee Others',347,33,439,436,439,436,439,436,'Top Level of: Employee Others - Loans','1.0.0','This is the top level test for Employee Others - Loans. For this to pass all its children must pass.','2021-05-26','','','','',0,'SB_1',NULL,NULL,347,33,'MobileLeftSideHider','Employee Others - Loans','1900-01-01','00:00:00','False','-'),('Employee Others',347,33,443,440,443,440,443,440,'Top Level of: Employee Others - Pensions','1.0.0','This is the top level test for Employee Others - Pensions. For this to pass all its children must pass.','2021-05-26','','','','',0,'SB_1',NULL,NULL,347,33,'MobileLeftSideHider','Employee Others - Pensions','1900-01-01','00:00:00','False','-'),('Employee Others',347,33,447,444,447,444,447,444,'Top Level of: Employee Others - Covid-19 Supplement','1.0.0','This is the top level test for Employee Others - Covid-19 Supplement. For this to pass all its children must pass.','2021-05-26','','','','',0,'SB_1',NULL,NULL,347,33,'MobileLeftSideHider','Employee Others - Covid-19 Supplement','1900-01-01','00:00:00','False','-'),('Payroll',357,34,358,356,358,356,358,356,'Payroll - Text Element','1.0.0','Is the text correct?','2021-05-25','-','-','-','Payroll',0,'SB_1',NULL,NULL,357,34,'Text','Payroll - Text Element','1900-01-01','00:00:00','False','-'),('Payroll',357,34,359,357,359,357,359,357,'Payroll - FaFa','1.0.0','Is it the correct FaFa?','2021-05-25','-','-','-','fa-fa-money',0,'SB_1',NULL,NULL,357,34,'FaFa','Payroll - FaFa','1900-01-01','00:00:00','False','-'),('Payroll',357,34,360,358,360,358,360,358,'Payroll - DCJQIcon','1.0.0','Is the icon correct?','2021-05-25','-','-','-','-',0,'SB_1',NULL,NULL,357,34,'DCJQIcon','Payroll - DCJQIcon','1900-01-01','00:00:00','False','-'),('Payroll',357,34,361,359,361,359,361,359,'Top Level of: Payroll - DisplayBlock','1.0.0','This is the top level test for Payroll - DisplayBlock. For this to pass all its children must pass.','2021-05-25','','','','',0,'SB_1',NULL,NULL,357,34,'DisplayBlock','Payroll - DisplayBlock','1900-01-01','00:00:00','False','-'),('Payroll',357,34,451,448,451,448,451,448,'Top Level of: Payroll - Initialise Payroll','1.0.0','This is the top level test for Payroll - Initialise Payroll. For this to pass all its children must pass.','2021-05-26','','','','',0,'SB_1',NULL,NULL,357,34,'MobileLeftSideHider','Payroll - Initialise Payroll','1900-01-01','00:00:00','False','-'),('Payroll',357,34,455,452,455,452,455,452,'Top Level of: Payroll - Payroll Details DrillDown','1.0.0','This is the top level test for Payroll - Payroll Details DrillDown. For this to pass all its children must pass.','2021-05-26','','','','',0,'SB_1',NULL,NULL,357,34,'MobileLeftSideHider','Payroll - Payroll Details DrillDown','1900-01-01','00:00:00','False','-'),('Payroll',357,34,459,456,459,456,459,456,'Top Level of: Payroll - Detailed Adjustments','1.0.0','This is the top level test for Payroll - Detailed Adjustments. For this to pass all its children must pass.','2021-05-26','','','','',0,'SB_1',NULL,NULL,357,34,'MobileLeftSideHider','Payroll - Detailed Adjustments','1900-01-01','00:00:00','False','-'),('Payroll',357,34,463,460,463,460,463,460,'Top Level of: Payroll - Global Adjustments','1.0.0','This is the top level test for Payroll - Global Adjustments. For this to pass all its children must pass.','2021-05-26','','','','',0,'SB_1',NULL,NULL,357,34,'MobileLeftSideHider','Payroll - Global Adjustments','1900-01-01','00:00:00','False','-'),('Payroll',357,34,467,464,467,464,467,464,'Top Level of: Payroll - Global Absences','1.0.0','This is the top level test for Payroll - Global Absences. For this to pass all its children must pass.','2021-05-26','','','','',0,'SB_1',NULL,NULL,357,34,'MobileLeftSideHider','Payroll - Global Absences','1900-01-01','00:00:00','False','-'),('Payroll',357,34,471,468,471,468,471,468,'Top Level of: Payroll - Global Extras','1.0.0','This is the top level test for Payroll - Global Extras. For this to pass all its children must pass.','2021-05-26','','','','',0,'SB_1',NULL,NULL,357,34,'MobileLeftSideHider','Payroll - Global Extras','1900-01-01','00:00:00','False','-'),('Payroll',357,34,475,472,475,472,475,472,'Top Level of: Payroll - Calculate Payroll','1.0.0','This is the top level test for Payroll - Calculate Payroll. For this to pass all its children must pass.','2021-05-26','','','','',0,'SB_1',NULL,NULL,357,34,'MobileLeftSideHider','Payroll - Calculate Payroll','1900-01-01','00:00:00','False','-'),('Payroll',357,34,479,476,479,476,479,476,'Top Level of: Payroll - Close & Lock Payroll','1.0.0','This is the top level test for Payroll - Close & Lock Payroll. For this to pass all its children must pass.','2021-05-26','','','','',0,'SB_1',NULL,NULL,357,34,'MobileLeftSideHider','Payroll - Close & Lock Payroll','1900-01-01','00:00:00','False','-'),('Payroll',357,34,483,480,483,480,483,480,'Top Level of: Payroll - Payroll Details','1.0.0','This is the top level test for Payroll - Payroll Details. For this to pass all its children must pass.','2021-05-26','','','','',0,'SB_1',NULL,NULL,357,34,'MobileLeftSideHider','Payroll - Payroll Details','1900-01-01','00:00:00','False','-'),('Payroll',357,34,487,484,487,484,487,484,'Top Level of: Payroll - Excel Payroll Uploads','1.0.0','This is the top level test for Payroll - Excel Payroll Uploads. For this to pass all its children must pass.','2021-05-26','','','','',0,'SB_1',NULL,NULL,357,34,'MobileLeftSideHider','Payroll - Excel Payroll Uploads','1900-01-01','00:00:00','False','-'),('Payroll',357,34,491,488,491,488,491,488,'Top Level of: Payroll - Calculation Statistics','1.0.0','This is the top level test for Payroll - Calculation Statistics. For this to pass all its children must pass.','2021-05-26','','','','',0,'SB_1',NULL,NULL,357,34,'MobileLeftSideHider','Payroll - Calculation Statistics','1900-01-01','00:00:00','False','-'),('Payroll Statistics',362,35,363,361,363,361,363,361,'Payroll Statistics - Text Element','1.0.0','Is the text correct?','2021-05-25','-','-','-','Payroll Statistics',0,'SB_1',NULL,NULL,362,35,'Text','Payroll Statistics - Text Element','1900-01-01','00:00:00','False','-'),('Payroll Statistics',362,35,364,362,364,362,364,362,'Payroll Statistics - FaFa','1.0.0','Is it the correct FaFa?','2021-05-25','-','-','-','fa-fa-list',0,'SB_1',NULL,NULL,362,35,'FaFa','Payroll Statistics - FaFa','1900-01-01','00:00:00','False','-'),('Payroll Statistics',362,35,365,363,365,363,365,363,'Top Level of: Payroll Statistics - ClickRedirect','1.0.0','This is the top level test for Payroll Statistics - ClickRedirect. For this to pass all its children must pass.','2021-05-25','','','','',0,'SB_1',NULL,NULL,362,35,'Button - Redirect','Payroll Statistics - ClickRedirect','1900-01-01','00:00:00','False','-'),('Employee Statistics',366,364,367,365,367,365,367,365,'Employee Statistics - Text Element','1.0.0','Is the text correct?','2021-05-25','-','-','-','Employee Statistics',0,'SB_1',NULL,NULL,366,364,'Text','Employee Statistics - Text Element','1900-01-01','00:00:00','False','-'),('Employee Statistics',366,364,368,366,368,366,368,366,'Employee Statistics - FaFa','1.0.0','Is it the correct FaFa?','2021-05-25','-','-','-','fa-fa-list',0,'SB_1',NULL,NULL,366,364,'FaFa','Employee Statistics - FaFa','1900-01-01','00:00:00','False','-'),('Employee Statistics',366,364,369,367,369,367,369,367,'Employee Statistics - DCJQIcon','1.0.0','Is the icon correct?','2021-05-25','-','-','-','-',0,'SB_1',NULL,NULL,366,364,'DCJQIcon','Employee Statistics - DCJQIcon','1900-01-01','00:00:00','False','-'),('Employee Statistics',366,364,370,368,370,368,370,368,'Top Level of: Employee Statistics - DisplayBlock','1.0.0','This is the top level test for Employee Statistics - DisplayBlock. For this to pass all its children must pass.','2021-05-25','','','','',0,'SB_1',NULL,NULL,366,364,'DisplayBlock','Employee Statistics - DisplayBlock','1900-01-01','00:00:00','False','-'),('Absence Statistics',371,36,372,370,372,370,372,370,'Absence Statistics - Text Element','1.0.0','Is the text correct?','2021-05-25','-','-','-','Absence Statistics',0,'SB_1',NULL,NULL,371,36,'Text','Absence Statistics - Text Element','1900-01-01','00:00:00','False','-'),('Absence Statistics',371,36,373,371,373,371,373,371,'Absence Statistics - FaFa','1.0.0','Is it the correct FaFa?','2021-05-25','-','-','-','fa-fa-list',0,'SB_1',NULL,NULL,371,36,'FaFa','Absence Statistics - FaFa','1900-01-01','00:00:00','False','-'),('Absence Statistics',371,36,374,372,374,372,374,372,'Absence Statistics - DCJQIcon','1.0.0','Is the icon correct?','2021-05-25','-','-','-','-',0,'SB_1',NULL,NULL,371,36,'DCJQIcon','Absence Statistics - DCJQIcon','1900-01-01','00:00:00','False','-'),('Absence Statistics',371,36,375,373,375,373,375,373,'Top Level of: Absence Statistics - DisplayBlock','1.0.0','This is the top level test for Absence Statistics - DisplayBlock. For this to pass all its children must pass.','2021-05-25','','','','',0,'SB_1',NULL,NULL,371,36,'DisplayBlock','Absence Statistics - DisplayBlock','1900-01-01','00:00:00','False','-'),('Reports',376,37,377,375,377,375,377,375,'Reports - Text Element','1.0.0','Is the text correct?','2021-05-25','-','-','-','Reports',0,'SB_1',NULL,NULL,376,37,'Text','Reports - Text Element','1900-01-01','00:00:00','False','-'),('Reports',376,37,378,376,378,376,378,376,'Reports - FaFa','1.0.0','Is it the correct FaFa?','2021-05-25','-','-','-','fa-fa-print',0,'SB_1',NULL,NULL,376,37,'FaFa','Reports - FaFa','1900-01-01','00:00:00','False','-'),('Reports',376,37,379,377,379,377,379,377,'Reports - DCJQIcon','1.0.0','Is the icon correct?','2021-05-25','-','-','-','-',0,'SB_1',NULL,NULL,376,37,'DCJQIcon','Reports - DCJQIcon','1900-01-01','00:00:00','False','-'),('Reports',376,37,380,378,380,378,380,378,'Top Level of: Reports - DisplayBlock','1.0.0','This is the top level test for Reports - DisplayBlock. For this to pass all its children must pass.','2021-05-25','','','','',0,'SB_1',NULL,NULL,376,37,'DisplayBlock','Reports - DisplayBlock','1900-01-01','00:00:00','False','-'),('Monthly Reports',381,38,382,380,382,380,382,380,'Monthly Reports - Text Element','1.0.0','Is the text correct?','2021-05-25','-','-','-','Monthly Reports',0,'SB_1',NULL,NULL,381,38,'Text','Monthly Reports - Text Element','1900-01-01','00:00:00','False','-'),('Monthly Reports',381,38,383,381,383,381,383,381,'Monthly Reports - FaFa','1.0.0','Is it the correct FaFa?','2021-05-25','-','-','-','fa-fa-clock-o',0,'SB_1',NULL,NULL,381,38,'FaFa','Monthly Reports - FaFa','1900-01-01','00:00:00','False','-'),('Monthly Reports',381,38,384,382,384,382,384,382,'Top Level of: Monthly Reports - ClickRedirect','1.0.0','This is the top level test for Monthly Reports - ClickRedirect. For this to pass all its children must pass.','2021-05-25','','','','',0,'SB_1',NULL,NULL,381,38,'Button - Redirect','Monthly Reports - ClickRedirect','1900-01-01','00:00:00','False','-'),('Yearly Reports',385,39,386,384,386,384,386,384,'Yearly Reports - Text Element','1.0.0','Is the text correct?','2021-05-25','-','-','-','Yearly Reports',0,'SB_1',NULL,NULL,385,39,'Text','Yearly Reports - Text Element','1900-01-01','00:00:00','False','-'),('Yearly Reports',385,39,387,385,387,385,387,385,'Yearly Reports - FaFa','1.0.0','Is it the correct FaFa?','2021-05-25','-','-','-','fa-fa-calendar',0,'SB_1',NULL,NULL,385,39,'FaFa','Yearly Reports - FaFa','1900-01-01','00:00:00','False','-'),('Yearly Reports',385,39,388,386,388,386,388,386,'Top Level of: Yearly Reports - ClickRedirect','1.0.0','This is the top level test for Yearly Reports - ClickRedirect. For this to pass all its children must pass.','2021-05-25','','','','',0,'SB_1',NULL,NULL,385,39,'Button - Redirect','Yearly Reports - ClickRedirect','1900-01-01','00:00:00','False','-'),('Bulk Updates',389,40,391,388,391,388,391,388,'Bulk Updates - Text Element','1.0.0','Is the text correct?','2021-05-25','-','-','-','Bulk Updates',0,'SB_1',NULL,NULL,389,40,'Text','Bulk Updates - Text Element','1900-01-01','00:00:00','False','-'),('Bulk Updates',389,40,392,389,392,389,392,389,'Bulk Updates - FaFa','1.0.0','Is it the correct FaFa?','2021-05-25','-','-','-','fa-fa-cube',0,'SB_1',NULL,NULL,389,40,'FaFa','Bulk Updates - FaFa','1900-01-01','00:00:00','False','-'),('Bulk Updates',389,40,393,390,393,390,393,390,'Bulk Updates - DCJQIcon','1.0.0','Is the icon correct?','2021-05-25','-','-','-','-',0,'SB_1',NULL,NULL,389,40,'DCJQIcon','Bulk Updates - DCJQIcon','1900-01-01','00:00:00','False','-'),('Bulk Updates',389,40,394,391,394,391,394,391,'Top Level of: Bulk Updates - DisplayBlock','1.0.0','This is the top level test for Bulk Updates - DisplayBlock. For this to pass all its children must pass.','2021-05-25','','','','',0,'SB_1',NULL,NULL,389,40,'DisplayBlock','Bulk Updates - DisplayBlock','1900-01-01','00:00:00','False','-'),('Settings',395,41,396,393,396,393,396,393,'Settings - Text Element','1.0.0','Is the text correct?','2021-05-25','-','-','-','Settings',0,'SB_1',NULL,NULL,395,41,'Text','Settings - Text Element','1900-01-01','00:00:00','False','-'),('Settings',395,41,397,394,397,394,397,394,'Settings - FaFa','1.0.0','Is it the correct FaFa?','2021-05-25','-','-','-','fa-fa-cogs',0,'SB_1',NULL,NULL,395,41,'FaFa','Settings - FaFa','1900-01-01','00:00:00','False','-'),('Settings',395,41,398,395,398,395,398,395,'Top Level of: Settings - ClickRedirect','1.0.0','This is the top level test for Settings - ClickRedirect. For this to pass all its children must pass.','2021-05-25','','','','',0,'SB_1',NULL,NULL,395,41,'Button - Redirect','Settings - ClickRedirect','1900-01-01','00:00:00','False','-'),('Employee Creation Wizard - Step 1',49,49,101,101,101,101,101,101,'Heading ECW Step 1','1.0.0','Is the heading correct','2021-05-18','-','-','-','Basic Details',0,'SB_1',NULL,NULL,49,49,'Header 3','Heading ECW Step 1','1900-01-01','00:00:00','False','-'),('Employee Creation Wizard - Step 1',49,49,50,50,50,50,50,50,'Name','1.0.0','Should be able to enter the employee name','2021-05-18','Enter data','TODO - Enter text that should be entered.','-','-',0,'SB_1',NULL,NULL,49,49,'Text In','Name','1900-01-01','00:00:00','False','-'),('Employee Creation Wizard - Step 1',49,49,51,51,51,51,51,51,'Surname','1.0.0','Should be able to enter the employee surname','2021-05-18','Enter data','TODO - Enter text that should be entered.','-','-',0,'SB_1',NULL,NULL,49,49,'Text In','Surname','1900-01-01','00:00:00','False','-'),('Employee Creation Wizard - Step 1',49,49,52,52,52,52,52,52,'Identity Card Number','1.0.0','Should be able to enter the employee id card num. Should error if not valid.','2021-05-18','Enter data','TODO - Enter text that should be entered.','-','-',0,'SB_1',NULL,NULL,49,49,'Text In','Identity Card Number','1900-01-01','00:00:00','False','-'),('Employee Creation Wizard - Step 1',49,49,53,53,53,53,53,53,'Employee Code','1.0.0','Should be able to enter the employee code. Should error if not valid code.','2021-05-18','Enter data','TODO - Enter text that should be entered.','-','-',0,'SB_1',NULL,NULL,49,49,'Text In','Employee Code','1900-01-01','00:00:00','False','-'),('Employee Creation Wizard - Step 1',49,49,54,54,54,54,54,54,'Address','1.0.0','Should be able to enter the employee address - number','2021-05-18','Enter data','TODO - Enter text that should be entered.','-','-',0,'SB_1',NULL,NULL,49,49,'Text In','Address','1900-01-01','00:00:00','False','-'),('Employee Creation Wizard - Step 1',49,49,55,55,55,55,55,55,'Street','1.0.0','Should be able to enter the employee address - street','2021-05-18','Enter data','TODO - Enter text that should be entered.','-','-',0,'SB_1',NULL,NULL,49,49,'Text In','Street','1900-01-01','00:00:00','False','-'),('Employee Creation Wizard - Step 1',49,49,56,56,56,56,56,56,'Post Code','1.0.0','Should be able to enter the employee post code','2021-05-18','Enter data','TODO - Enter text that should be entered.','-','-',0,'SB_1',NULL,NULL,49,49,'Text In','Post Code','1900-01-01','00:00:00','False','-'),('Employee Creation Wizard - Step 1',49,49,57,57,57,57,57,57,'Select A Town','1.0.0','Should be able to select a town from a populated list','2021-05-18','Display data','-','-','TODO - Enter list of data separated by a ~',0,'SB_1',NULL,NULL,49,49,'List','Select A Town','1900-01-01','00:00:00','False','-'),('Employee Creation Wizard - Step 1',49,49,58,58,58,58,58,58,'Select A Country','1.0.0','Should be able to select a country','2021-05-18','Display data','-','-','TODO - Enter list of data separated by a ~',0,'SB_1',NULL,NULL,49,49,'List','Select A Country','1900-01-01','00:00:00','False','-'),('Employee Creation Wizard - Step 1',49,49,59,59,59,59,59,59,'Top Level of: Back','1.0.0','This is the top level test for Back. For this to pass all its children must pass.','2021-05-18','','','','',0,'SB_1',NULL,NULL,49,49,'Button - Function','Back','1900-01-01','00:00:00','False','-'),('Employee Creation Wizard - Step 1',49,49,60,60,60,60,60,60,'Top Level of: Continue','1.0.0','This is the top level test for Continue. For this to pass all its children must pass.','2021-05-18','','','','',0,'SB_1',NULL,NULL,49,49,'Button - Function','Continue','1900-01-01','00:00:00','False','-'),('Employee Creation Wizard - Step 2',61,61,102,102,102,102,102,102,'Heading ECW Step 2','1.0.0','Is the heading correct','2021-05-18','-','-','-','Basic Details',0,'SB_1',NULL,NULL,61,61,'Header 3','Heading ECW Step 2','1900-01-01','00:00:00','False','-'),('Employee Creation Wizard - Step 2',61,61,62,62,62,62,62,62,'Select A Gender','1.0.0','Should be able to select a gender','2021-05-18','Enter data','TODO - Enter text that should be entered.','-','-',0,'SB_1',NULL,NULL,61,61,'Text In','Select A Gender','1900-01-01','00:00:00','False','-'),('Employee Creation Wizard - Step 2',61,61,63,63,63,63,63,63,'Date Of Birth','1.0.0','Should be able to enter a DOB. Should error if does not make sense','2021-05-18','Enter data','TODO - Enter text that should be entered.','-','-',0,'SB_1',NULL,NULL,61,61,'Text In','Date Of Birth','1900-01-01','00:00:00','False','-'),('Employee Creation Wizard - Step 2',61,61,64,64,64,64,64,64,'Date Of Employment','1.0.0','Should be able to enter a DOE. Should error if does not make sense','2021-05-18','Enter data','TODO - Enter text that should be entered.','-','-',0,'SB_1',NULL,NULL,61,61,'Text In','Date Of Employment','1900-01-01','00:00:00','False','-'),('Employee Creation Wizard - Step 2',61,61,65,65,65,65,65,65,'Tax Number','1.0.0','Should be able to enter a tax number. Should error if does not make sense','2021-05-18','Enter data','TODO - Enter text that should be entered.','-','-',0,'SB_1',NULL,NULL,61,61,'Text In','Tax Number','1900-01-01','00:00:00','False','-'),('Employee Creation Wizard - Step 2',61,61,66,66,66,66,66,66,'NI Number','1.0.0','Should be able to enter a NI number. Should error if does not make sense','2021-05-18','Enter data','TODO - Enter text that should be entered.','-','-',0,'SB_1',NULL,NULL,61,61,'Text In','NI Number','1900-01-01','00:00:00','False','-'),('Employee Creation Wizard - Step 2',61,61,67,67,67,67,67,67,'Select A Bank','1.0.0','Should be able to select a bank from the list','2021-05-18','Display data','-','-','TODO - Enter list of data separated by a ~',0,'SB_1',NULL,NULL,61,61,'List','Select A Bank','1900-01-01','00:00:00','False','-'),('Employee Creation Wizard - Step 2',61,61,68,68,68,68,68,68,'IBAN Number','1.0.0','Should be able to enter an IBAN','2021-05-18','Enter data','TODO - Enter text that should be entered.','-','-',0,'SB_1',NULL,NULL,61,61,'Text In','IBAN Number','1900-01-01','00:00:00','False','-'),('Employee Creation Wizard - Step 2',61,61,69,69,69,69,69,69,'Email Address','1.0.0','Should be able to enter an email address. Should error if not valid.','2021-05-18','Enter data','TODO - Enter text that should be entered.','-','-',0,'SB_1',NULL,NULL,61,61,'Text In','Email Address','1900-01-01','00:00:00','False','-'),('Employee Creation Wizard - Step 2',61,61,70,70,70,70,70,70,'Mobile Number','1.0.0','Should be able to enter a mobile number. Should error if not valid.','2021-05-18','Enter data','TODO - Enter text that should be entered.','-','-',0,'SB_1',NULL,NULL,61,61,'Text In','Mobile Number','1900-01-01','00:00:00','False','-'),('Employee Creation Wizard - Step 2',61,61,71,71,71,71,71,71,'Top Level of: Back','1.0.0','This is the top level test for Back. For this to pass all its children must pass.','2021-05-18','','','','',0,'SB_1',NULL,NULL,61,61,'Button - Function','Back','1900-01-01','00:00:00','False','-'),('Employee Creation Wizard - Step 2',61,61,72,72,72,72,72,72,'Top Level of: Continue','1.0.0','This is the top level test for Continue. For this to pass all its children must pass.','2021-05-18','','','','',0,'SB_1',NULL,NULL,61,61,'Button - Function','Continue','1900-01-01','00:00:00','False','-'),('Employee Creation Wizard - Step 3',73,73,103,103,103,103,103,103,'Heading ECW Step 3','1.0.0','Is the heading correct','2021-05-18','-','-','-','Payroll Related Details',0,'SB_1',NULL,NULL,73,73,'Header 3','Heading ECW Step 3','1900-01-01','00:00:00','False','-'),('Employee Creation Wizard - Step 3',73,73,74,74,74,74,74,74,'Select A Tax Status','1.0.0','Should be able to select a tax status from a populated list.','2021-05-18','Display data','-','-','TODO - Enter list of data separated by a ~',0,'SB_1',NULL,NULL,73,73,'List','Select A Tax Status','1900-01-01','00:00:00','False','-'),('Employee Creation Wizard - Step 3',73,73,75,75,75,75,75,75,'Select An Employment Type','1.0.0','Should be able to select an employement type from a populated list.','2021-05-18','Display data','-','-','TODO - Enter list of data separated by a ~',0,'SB_1',NULL,NULL,73,73,'List','Select An Employment Type','1900-01-01','00:00:00','False','-'),('Employee Creation Wizard - Step 3',73,73,76,76,76,76,76,76,'Select Company','1.0.0','Should be able to select a company from a populated list.','2021-05-18','Display data','-','-','TODO - Enter list of data separated by a ~',0,'SB_1',NULL,NULL,73,73,'List','Select Company','1900-01-01','00:00:00','False','-'),('Employee Creation Wizard - Step 3',73,73,77,77,77,77,77,77,'Select A Paygroup','1.0.0','Should be able to select a paygroup from a populated list.','2021-05-18','Display data','-','-','TODO - Enter list of data separated by a ~',0,'SB_1',NULL,NULL,73,73,'List','Select A Paygroup','1900-01-01','00:00:00','False','-'),('Employee Creation Wizard - Step 3',73,73,78,78,78,78,78,78,'Select A Department','1.0.0','Should be able to select a department from a populated list.','2021-05-18','Display data','-','-','TODO - Enter list of data separated by a ~',0,'SB_1',NULL,NULL,73,73,'List','Select A Department','1900-01-01','00:00:00','False','-'),('Employee Creation Wizard - Step 3',73,73,79,79,79,79,79,79,'Select a Schedule','1.0.0','Should be able to select a schedule from a populated list.','2021-05-18','Display data','-','-','TODO - Enter list of data separated by a ~',0,'SB_1',NULL,NULL,73,73,'List','Select a Schedule','1900-01-01','00:00:00','False','-'),('Employee Creation Wizard - Step 3',73,73,80,80,80,80,80,80,'Full or Part Timer ?','1.0.0','Should be able to select if the emp is full or part time from a populated list.','2021-05-18','Display data','-','-','TODO - Enter list of data separated by a ~',0,'SB_1',NULL,NULL,73,73,'List','Full or Part Timer ?','1900-01-01','00:00:00','False','-'),('Employee Creation Wizard - Step 3',73,73,81,81,81,81,81,81,'Special Part Timer','1.0.0','Should be able to select if the emp is a special part timer from a populated list.','2021-05-18','Display data','-','-','TODO - Enter list of data separated by a ~',0,'SB_1',NULL,NULL,73,73,'List','Special Part Timer','1900-01-01','00:00:00','False','-'),('Employee Creation Wizard - Step 3',73,73,82,82,82,82,82,82,'Select a Grade','1.0.0','Should be able to select a grade from a populated list (IF SETUP).','2021-05-18','Display data','-','-','TODO - Enter list of data separated by a ~',0,'SB_1',NULL,NULL,73,73,'List','Select a Grade','1900-01-01','00:00:00','False','-'),('Employee Creation Wizard - Step 3',73,73,83,83,83,83,83,83,'Select a Cost Center','1.0.0','Should be able to select a cost center from a populated list (IF SETUP).','2021-05-18','Display data','-','-','TODO - Enter list of data separated by a ~',0,'SB_1',NULL,NULL,73,73,'List','Select a Cost Center','1900-01-01','00:00:00','False','-'),('Employee Creation Wizard - Step 3',73,73,84,84,84,84,84,84,'Top Level of: Back','1.0.0','This is the top level test for Back. For this to pass all its children must pass.','2021-05-18','','','','',0,'SB_1',NULL,NULL,73,73,'Button - Function','Back','1900-01-01','00:00:00','False','-'),('Employee Creation Wizard - Step 3',73,73,85,85,85,85,85,85,'Top Level of: Continue','1.0.0','This is the top level test for Continue. For this to pass all its children must pass.','2021-05-18','','','','',0,'SB_1',NULL,NULL,73,73,'Button - Function','Continue','1900-01-01','00:00:00','False','-'),('Employee Creation Wizard - Step 4',86,86,104,104,104,104,104,104,'Heading ECW Step 4','1.0.0','Is the heading correct','2021-05-18','-','-','-','Permanent Allowances',0,'SB_1',NULL,NULL,86,86,'Header 3','Heading ECW Step 4','1900-01-01','00:00:00','False','-'),('Employee Creation Wizard - Step 4',86,86,87,87,87,87,87,87,'Taxable Allowance 1 (Permenant)','1.0.0','Should be able to choose a taxable allowance from a populated list.','2021-05-18','Display data','-','-','TODO - Enter list of data separated by a ~',0,'SB_1',NULL,NULL,86,86,'List','Taxable Allowance 1 (Permenant)','1900-01-01','00:00:00','False','-'),('Employee Creation Wizard - Step 4',86,86,88,88,88,88,88,88,'Allowance Amount - Permanent','1.0.0','Should be able to enter the amount. Should error if not reasonable value.','2021-05-18','Enter data','TODO - Enter text that should be entered.','-','-',0,'SB_1',NULL,NULL,86,86,'Text In','Allowance Amount - Permanent','1900-01-01','00:00:00','False','-'),('Employee Creation Wizard - Step 4',86,86,89,89,89,89,89,89,'Taxable Allowance 2 (Permenant)','1.0.0','Should be able to choose a taxable allowance from a populated list.','2021-05-18','Display data','-','-','TODO - Enter list of data separated by a ~',0,'SB_1',NULL,NULL,86,86,'List','Taxable Allowance 2 (Permenant)','1900-01-01','00:00:00','False','-'),('Employee Creation Wizard - Step 4',86,86,90,90,90,90,90,90,'Allowance Amount - Permanent','1.0.0','Should be able to enter the amount. Should error if not reasonable value.','2021-05-18','Enter data','TODO - Enter text that should be entered.','-','-',0,'SB_1',NULL,NULL,86,86,'Text In','Allowance Amount - Permanent','1900-01-01','00:00:00','False','-'),('Employee Creation Wizard - Step 4',86,86,91,91,91,91,91,91,'Non Taxable Allowance 1 (Permenant)','1.0.0','Should be able to choose a non taxable allowance from a populated list.','2021-05-18','Display data','-','-','TODO - Enter list of data separated by a ~',0,'SB_1',NULL,NULL,86,86,'List','Non Taxable Allowance 1 (Permenant)','1900-01-01','00:00:00','False','-'),('Employee Creation Wizard - Step 4',86,86,92,92,92,92,92,92,'Allowance Amount - Permanent','1.0.0','Should be able to enter the amount. Should error if not reasonable value.','2021-05-18','Enter data','TODO - Enter text that should be entered.','-','-',0,'SB_1',NULL,NULL,86,86,'Text In','Allowance Amount - Permanent','1900-01-01','00:00:00','False','-'),('Employee Creation Wizard - Step 4',86,86,93,93,93,93,93,93,'Non Taxable Allowance 2 (Permenant)','1.0.0','Should be able to choose a non taxable allowance from a populated list.','2021-05-18','Display data','-','-','TODO - Enter list of data separated by a ~',0,'SB_1',NULL,NULL,86,86,'List','Non Taxable Allowance 2 (Permenant)','1900-01-01','00:00:00','False','-'),('Employee Creation Wizard - Step 4',86,86,94,94,94,94,94,94,'Top Level of: Back','1.0.0','This is the top level test for Back. For this to pass all its children must pass.','2021-05-18','','','','',0,'SB_1',NULL,NULL,86,86,'Button - Function','Back','1900-01-01','00:00:00','False','-'),('Employee Creation Wizard - Step 4',86,86,95,95,95,95,95,95,'Top Level of: Continue','1.0.0','This is the top level test for Continue. For this to pass all its children must pass.','2021-05-18','','','','',0,'SB_1',NULL,NULL,86,86,'Button - Function','Continue','1900-01-01','00:00:00','False','-'),('Employee Creation Wizard - Step 5',96,96,105,105,105,105,105,105,'Heading ECW Step 5','1.0.0','Is the heading correct','2021-05-18','-','-','-','Salary Details',0,'SB_1',NULL,NULL,96,96,'Header 3','Heading ECW Step 5','1900-01-01','00:00:00','False','-'),('Employee Creation Wizard - Step 5',96,96,97,97,97,97,97,97,'Annual Salary','1.0.0','Should be able to enter the amount. Should error if not reasonable value.','2021-05-18','Enter data','TODO - Enter text that should be entered.','-','-',0,'SB_1',NULL,NULL,96,96,'Text In','Annual Salary','1900-01-01','00:00:00','False','-'),('Employee Creation Wizard - Step 5',96,96,98,98,98,98,98,98,'Hourly Rate','1.0.0','Should be able to enter the amount. Should error if not reasonable value.','2021-05-18','Enter data','TODO - Enter text that should be entered.','-','-',0,'SB_1',NULL,NULL,96,96,'Text In','Hourly Rate','1900-01-01','00:00:00','False','-'),('Employee Creation Wizard - Step 5',96,96,99,99,99,99,99,99,'Top Level of: Back','1.0.0','This is the top level test for Back. For this to pass all its children must pass.','2021-05-18','','','','',0,'SB_1',NULL,NULL,96,96,'Button - Function','Back','1900-01-01','00:00:00','False','-'),('Employee Creation Wizard - Step 5',96,96,100,100,100,100,100,100,'Top Level of: Create Employee','1.0.0','This is the top level test for Create Employee. For this to pass all its children must pass.','2021-05-18','','','','',0,'SB_1',NULL,NULL,96,96,'Button - Function','Create Employee','1900-01-01','00:00:00','False','-'),('Accept Criteria',116,116,117,117,117,117,117,117,'Accept Criteria - Text','1.0.0','TODO - Enter Description','2021-05-19','-','-','-','Accept Criteria',0,'SB_1',NULL,NULL,116,116,'Text','Accept Criteria - Text','1900-01-01','00:00:00','False','-'),('Bio Info',118,118,120,120,120,120,120,120,'Employee Name','1.0.0','Should display employee name','2021-05-19','-','-','-','TODO - Enter header text',0,'SB_1',NULL,NULL,118,118,'Header 4','Employee Name','1900-01-01','00:00:00','False','-'),('Bio Info',118,118,121,121,121,121,121,121,'Employee Name With Salutation','1.0.0','Should display employee name with salutation','2021-05-19','Paragraph','-','-','TODO - Enter paragraph data',0,'SB_1',NULL,NULL,118,118,'Paragraph','Employee Name With Salutation','1900-01-01','00:00:00','False','-'),('Bio Info',118,118,122,122,122,122,122,122,'Employee Company','1.0.0','Should display employee company','2021-05-19','Paragraph','-','-','TODO - Enter paragraph data',0,'SB_1',NULL,NULL,118,118,'Paragraph','Employee Company','1900-01-01','00:00:00','False','-'),('Bio Info',118,118,123,123,123,123,123,123,'Employee Birthday','1.0.0','Should display the employees birthday','2021-05-19','Paragraph','-','-','TODO - Enter paragraph data',0,'SB_1',NULL,NULL,118,118,'Paragraph','Employee Birthday','1900-01-01','00:00:00','False','-'),('Bio Info',118,118,124,124,124,124,124,124,'User FaFa','1.0.0','Should display user fa fa','2021-05-19','-','-','-','fa fa-fw fa fa-user',0,'SB_1',NULL,NULL,118,118,'FaFa','User FaFa','1900-01-01','00:00:00','False','-'),('Bio Info',118,118,125,125,125,125,125,125,'Company FaFa','1.0.0','Should display bank (company) fa fa','2021-05-19','-','-','-','fa fa-fw fa fa-bank',0,'SB_1',NULL,NULL,118,118,'FaFa','Company FaFa','1900-01-01','00:00:00','False','-'),('Bio Info',118,118,126,126,126,126,126,126,'Birthday FaFa','1.0.0','Should display birthday-cake fa fa','2021-05-19','-','-','-','fa fa-fw fa fa-birthday-cake',0,'SB_1',NULL,NULL,118,118,'FaFa','Birthday FaFa','1900-01-01','00:00:00','False','-'),('Bio Info',118,118,127,127,127,127,127,127,'Top Level of: Bio Content','1.0.0','This is the top level test for Bio Content. For this to pass all its children must pass.','2021-05-19','','','','',0,'SB_1',NULL,NULL,118,118,'Container','Bio Content','1900-01-01','00:00:00','False','-'),('Accordion - CV',128,128,129,129,129,129,129,129,'Top Level of: Accordion - CV - Career','1.0.0','This is the top level test for Accordion - CV - Career. For this to pass all its children must pass.','2021-05-19','','','','',0,'SB_1',NULL,NULL,128,128,'Accordion Key','Accordion - CV - Career','1900-01-01','00:00:00','False','-'),('Accordion - CV',128,128,131,131,131,131,131,131,'Top Level of: Acc Key - CV - Allowance','1.0.0','This is the top level test for Acc Key - CV - Allowance. For this to pass all its children must pass.','2021-05-19','','','','',0,'SB_1',NULL,NULL,128,128,'Accordion Key','Acc Key - CV - Allowance','1900-01-01','00:00:00','False','-'),('Accordion - CV',128,128,133,133,133,133,133,133,'Top Level of: Acc Key - CV - Salary','1.0.0','This is the top level test for Acc Key - CV - Salary. For this to pass all its children must pass.','2021-05-19','','','','',0,'SB_1',NULL,NULL,128,128,'Accordion Key','Acc Key - CV - Salary','1900-01-01','00:00:00','False','-'),('Accordion - CV',128,128,135,135,135,135,135,135,'Top Level of: Acc Key - Emp Schedule','1.0.0','This is the top level test for Acc Key - Emp Schedule. For this to pass all its children must pass.','2021-05-19','','','','',0,'SB_1',NULL,NULL,128,128,'Accordion Key','Acc Key - Emp Schedule','1900-01-01','00:00:00','False','-'),('Accordion - CV',128,128,137,137,137,137,137,137,'Top Level of: Acc Key - Working Permit','1.0.0','This is the top level test for Acc Key - Working Permit. For this to pass all its children must pass.','2021-05-19','','','','',0,'SB_1',NULL,NULL,128,128,'Accordion Key','Acc Key - Working Permit','1900-01-01','00:00:00','False','-'),('Save',139,139,140,140,140,140,140,140,'Top Level of: Form - Save','1.0.0','This is the top level test for Form - Save. For this to pass all its children must pass.','2021-05-19','','','','',0,'SB_1',NULL,NULL,139,139,'Modal Form','Form - Save','1900-01-01','00:00:00','False','-'),('Employee Reports',151,151,216,216,216,216,216,216,'Top Level of: Employee Reports - Card Header','1.0.0','This is the top level test for Employee Reports - Card Header. For this to pass all its children must pass.','2021-05-24','','','','',0,'SB_1',NULL,NULL,151,151,'Card Header','Employee Reports - Card Header','1900-01-01','00:00:00','False','-'),('Employee Reports',151,151,157,157,157,157,157,157,'Top Level of: Employee Reports - Card Group','1.0.0','This is the top level test for Employee Reports - Card Group. For this to pass all its children must pass.','2021-05-24','','','','',0,'SB_1',NULL,NULL,151,151,'Card Group','Employee Reports - Card Group','1900-01-01','00:00:00','False','-'),('Payroll Reports',166,166,226,226,226,226,226,226,'Top Level of: Payroll Reports - Card Header','1.0.0','This is the top level test for Payroll Reports - Card Header. For this to pass all its children must pass.','2021-05-24','','','','',0,'SB_1',NULL,NULL,166,166,'Card Header','Payroll Reports - Card Header','1900-01-01','00:00:00','False','-'),('Payroll Reports',166,166,167,167,167,167,167,167,'Top Level of: Payroll Reports - Card Group','1.0.0','This is the top level test for Payroll Reports - Card Group. For this to pass all its children must pass.','2021-05-24','','','','',0,'SB_1',NULL,NULL,166,166,'Card Group','Payroll Reports - Card Group','1900-01-01','00:00:00','False','-'),('Payroll Reports',166,166,168,168,168,168,168,168,'Top Level of: Payroll Reports - Payroll Statistics - Gross/Tax/NI','1.0.0','This is the top level test for Payroll Reports - Payroll Statistics - Gross/Tax/NI. For this to pass all its children must pass.','2021-05-24','','','','',0,'SB_1',NULL,NULL,166,166,'Card Element','Payroll Reports - Payroll Statistics - Gross/Tax/NI','1900-01-01','00:00:00','False','-'),('Payroll Reports',166,166,176,176,176,176,176,176,'Top Level of: Payroll Reports - Payroll - Extras Breakdown by Cost Center','1.0.0','This is the top level test for Payroll Reports - Payroll - Extras Breakdown by Cost Center. For this to pass all its children must pass.','2021-05-24','','','','',0,'SB_1',NULL,NULL,166,166,'Card Element','Payroll Reports - Payroll - Extras Breakdown by Cost Center','1900-01-01','00:00:00','False','-'),('Payroll Reports',166,166,180,180,180,180,180,180,'Top Level of: Payroll Reports - Payroll - Allowances Breakdown','1.0.0','This is the top level test for Payroll Reports - Payroll - Allowances Breakdown. For this to pass all its children must pass.','2021-05-24','','','','',0,'SB_1',NULL,NULL,166,166,'Card Element','Payroll Reports - Payroll - Allowances Breakdown','1900-01-01','00:00:00','False','-'),('Payroll Reports',166,166,184,184,184,184,184,184,'Top Level of: Payroll Reports - Payroll Statistics - Bank Cash Payments','1.0.0','This is the top level test for Payroll Reports - Payroll Statistics - Bank Cash Payments. For this to pass all its children must pass.','2021-05-24','','','','',0,'SB_1',NULL,NULL,166,166,'Card Element','Payroll Reports - Payroll Statistics - Bank Cash Payments','1900-01-01','00:00:00','False','-'),('Payroll Reports',166,166,188,188,188,188,188,188,'Top Level of: Payroll Reports - Payroll Statistics - Unions','1.0.0','This is the top level test for Payroll Reports - Payroll Statistics - Unions. For this to pass all its children must pass.','2021-05-24','','','','',0,'SB_1',NULL,NULL,166,166,'Card Element','Payroll Reports - Payroll Statistics - Unions','1900-01-01','00:00:00','False','-'),('My Company / Last Viewed - DropdownMenu - Header',253,253,254,254,254,254,254,254,'My Company / Last Viewed - DropdownMenu - Header - Text Element','1.0.0','Is the text correct?','2021-05-25','-','-','-','My Company / Last Viewed - VARIABLE',0,'SB_1',NULL,NULL,253,253,'Text','My Company / Last Viewed - DropdownMenu - Header - Text Element','1900-01-01','00:00:00','False','-'),('My Company / Last Viewed - DropdownMenu - Row',255,255,256,256,256,256,256,256,'Top Level of: My Company / Last Viewed - DropdownMenu - Row - Column 1','1.0.0','This is the top level test for My Company / Last Viewed - DropdownMenu - Row - Column 1. For this to pass all its children must pass.','2021-05-25','','','','',0,'SB_1',NULL,NULL,255,255,'Column','My Company / Last Viewed - DropdownMenu - Row - Column 1','1900-01-01','00:00:00','False','-'),('My Company / Last Viewed - DropdownMenu - Row',255,255,258,258,258,258,258,258,'Top Level of: My Company / Last Viewed - DropdownMenu - Row - Column 2','1.0.0','This is the top level test for My Company / Last Viewed - DropdownMenu - Row - Column 2. For this to pass all its children must pass.','2021-05-25','','','','',0,'SB_1',NULL,NULL,255,255,'Column','My Company / Last Viewed - DropdownMenu - Row - Column 2','1900-01-01','00:00:00','False','-'),('My Company / Last Viewed - DropdownMenu - Row',255,255,260,260,260,260,260,260,'Top Level of: My Company / Last Viewed - DropdownMenu - Row - Column 3','1.0.0','This is the top level test for My Company / Last Viewed - DropdownMenu - Row - Column 3. For this to pass all its children must pass.','2021-05-25','','','','',0,'SB_1',NULL,NULL,255,255,'Column','My Company / Last Viewed - DropdownMenu - Row - Column 3','1900-01-01','00:00:00','False','-'),('All Notifications - DropdownMenu - Header',263,263,264,264,264,264,264,264,'All Notifications - DropdownMenu - Header - Text Element','1.0.0','Is the text correct?','2021-05-25','-','-','-','All Notifications',0,'SB_1',NULL,NULL,263,263,'Text','All Notifications - DropdownMenu - Header - Text Element','1900-01-01','00:00:00','False','-'),('All Notifications - DropdownMenu - Item 1',265,265,266,266,266,266,266,266,'All Notifications - DropdownMenu - Item 1 - FaFa','1.0.0','Is it the correct FaFa?','2021-05-25','-','-','-','fa-fa-birthday-cake',0,'SB_1',NULL,NULL,265,265,'FaFa','All Notifications - DropdownMenu - Item 1 - FaFa','1900-01-01','00:00:00','False','-'),('All Notifications - DropdownMenu - Item 1',265,265,267,267,267,267,267,267,'All Notifications - DropdownMenu - Item 1 - Text','1.0.0','Is the text correct?','2021-05-25','-','-','-','VARIABLE',0,'SB_1',NULL,NULL,265,265,'Text','All Notifications - DropdownMenu - Item 1 - Text','1900-01-01','00:00:00','False','-'),('All Notifications - DropdownMenu - Item 2',268,268,269,269,269,269,269,269,'All Notifications - DropdownMenu - Item 2 - FaFa','1.0.0','Is it the correct FaFa?','2021-05-25','-','-','-','fa-fa-hospital',0,'SB_1',NULL,NULL,268,268,'FaFa','All Notifications - DropdownMenu - Item 2 - FaFa','1900-01-01','00:00:00','False','-'),('All Notifications - DropdownMenu - Item 2',268,268,270,270,270,270,270,270,'All Notifications - DropdownMenu - Item 2 - Text','1.0.0','Is the text correct?','2021-05-25','-','-','-','VARIABLE',0,'SB_1',NULL,NULL,268,268,'Text','All Notifications - DropdownMenu - Item 2 - Text','1900-01-01','00:00:00','False','-'),('All Notifications - DropdownMenu - Item 3',271,271,272,272,272,272,272,272,'All Notifications - DropdownMenu - Item 3 - FaFa','1.0.0','Is it the correct FaFa?','2021-05-25','-','-','-','fa-fa-male',0,'SB_1',NULL,NULL,271,271,'FaFa','All Notifications - DropdownMenu - Item 3 - FaFa','1900-01-01','00:00:00','False','-'),('All Notifications - DropdownMenu - Item 3',271,271,273,273,273,273,273,273,'All Notifications - DropdownMenu - Item 3 - Text','1.0.0','Is the text correct?','2021-05-25','-','-','-','VARIABLE',0,'SB_1',NULL,NULL,271,271,'Text','All Notifications - DropdownMenu - Item 3 - Text','1900-01-01','00:00:00','False','-'),('New Employments - DropdownMenu - Header',275,275,276,276,276,276,276,276,'New Employments - DropdownMenu - Header - Text Element','1.0.0','Is the text correct?','2021-05-25','-','-','-','VARIABLE',0,'SB_1',NULL,NULL,275,275,'Text','New Employments - DropdownMenu - Header - Text Element','1900-01-01','00:00:00','False','-'),('Terminations - DropdownMenu - Header',278,278,279,279,279,279,279,279,'Terminations - DropdownMenu - Header - Text Element','1.0.0','Is the text correct?','2021-05-25','-','-','-','VARIABLE',0,'SB_1',NULL,NULL,278,278,'Text','Terminations - DropdownMenu - Header - Text Element','1900-01-01','00:00:00','False','-'),('User Avatar - Dropdown Menu - Header',313,313,314,314,314,314,314,314,'Top Level of: User Avatar - Dropdown Menu - Header - Media Obj','1.0.0','This is the top level test for User Avatar - Dropdown Menu - Header - Media Obj. For this to pass all its children must pass.','2021-05-25','','','','',0,'SB_1',NULL,NULL,313,313,'MediaObj','User Avatar - Dropdown Menu - Header - Media Obj','1900-01-01','00:00:00','False','-'),('User Management - Dropdown Menu - Header',285,285,286,286,286,286,286,286,'User Management - Dropdown Menu - Header - Text Element','1.0.0','Is the header text correct?','2021-05-25','-','-','-','User Management',0,'SB_1',NULL,NULL,285,285,'Header 5','User Management - Dropdown Menu - Header - Text Element','1900-01-01','00:00:00','False','-'),('User Management - DropdownMenu - Item 1',287,287,288,288,288,288,288,288,'User Management - DropdownMenu - Item 1 - FaFA','1.0.0','Is it the correct FaFa?','2021-05-25','-','-','-','fa-fa-user',0,'SB_1',NULL,NULL,287,287,'FaFa','User Management - DropdownMenu - Item 1 - FaFA','1900-01-01','00:00:00','False','-'),('User Management - DropdownMenu - Item 1',287,287,289,289,289,289,289,289,'User Management - DropdownMenu - Item 1 - Text','1.0.0','Is the text correct?','2021-05-25','-','-','-','User Management',0,'SB_1',NULL,NULL,287,287,'Text','User Management - DropdownMenu - Item 1 - Text','1900-01-01','00:00:00','False','-'),('Group Authorisations - DropdownMenu - Item 2',290,290,291,291,291,291,291,291,'Group Authorisations - DropdownMenu - Item 2 - FaFa','1.0.0','Is it the correct FaFa?','2021-05-25','-','-','-','fa-fa-user',0,'SB_1',NULL,NULL,290,290,'FaFa','Group Authorisations - DropdownMenu - Item 2 - FaFa','1900-01-01','00:00:00','False','-'),('Group Authorisations - DropdownMenu - Item 2',290,290,292,292,292,292,292,292,'Group Authorisations - DropdownMenu - Item 2 - Text','1.0.0','Is the text correct?','2021-05-25','-','-','-','Group Authorisations',0,'SB_1',NULL,NULL,290,290,'Text','Group Authorisations - DropdownMenu - Item 2 - Text','1900-01-01','00:00:00','False','-'),('Quick Links - Grid- Quick Link Grid Item 1',300,300,301,301,301,301,301,301,'Quick Links - Grid Item 1 - FaFa','1.0.0','Is it the correct FaFa?','2021-05-25','-','-','-','fa-fa-print',0,'SB_1',NULL,NULL,300,300,'FaFa','Quick Links - Grid Item 1 - FaFa','1900-01-01','00:00:00','False','-'),('Quick Links - Grid- Quick Link Grid Item 1',300,300,302,302,302,302,302,302,'Quick Links - Grid Item 1 - Title','1.0.0','Is the title correct?','2021-05-25','-','-','Print Queue','-',0,'SB_1',NULL,NULL,300,300,'QLGridItemTitle','Quick Links - Grid Item 1 - Title','1900-01-01','00:00:00','False','-'),('Quick Links - Grid- Quick Link Grid Item 2',303,303,304,304,304,304,304,304,'Quick Links - Grid- Quick Link Grid Item 2 - FaFa','1.0.0','Is it the correct FaFa?','2021-05-25','-','-','-','fa-fa-users',0,'SB_1',NULL,NULL,303,303,'FaFa','Quick Links - Grid- Quick Link Grid Item 2 - FaFa','1900-01-01','00:00:00','False','-'),('Quick Links - Grid- Quick Link Grid Item 2',303,303,305,305,305,305,305,305,'Quick Links - Grid- Quick Link Grid Item 2 - Quick Link Grid Item Title','1.0.0','Is the title correct?','2021-05-25','-','-','Personnel','-',0,'SB_1',NULL,NULL,303,303,'QLGridItemTitle','Quick Links - Grid- Quick Link Grid Item 2 - Quick Link Grid Item Title','1900-01-01','00:00:00','False','-'),('Quick Links - Grid- Quick Link Grid Item 3',306,306,307,307,307,307,307,307,'Quick Links - Grid- Quick Link Grid Item 3 - FaFa','1.0.0','Is it the correct FaFa?','2021-05-25','-','-','-','fa-fa-glass',0,'SB_1',NULL,NULL,306,306,'FaFa','Quick Links - Grid- Quick Link Grid Item 3 - FaFa','1900-01-01','00:00:00','False','-'),('Quick Links - Grid- Quick Link Grid Item 3',306,306,308,308,308,308,308,308,'Quick Links - Grid- Quick Link Grid Item 3 - Quick Link Grid Item Title','1.0.0','Is the title correct?','2021-05-25','-','-','Absence','-',0,'SB_1',NULL,NULL,306,306,'QLGridItemTitle','Quick Links - Grid- Quick Link Grid Item 3 - Quick Link Grid Item Title','1900-01-01','00:00:00','False','-'),('Quick Links - Grid- Quick Link Grid Item 4',309,309,310,310,310,310,310,310,'Quick Links - Grid- Quick Link Grid Item 4 - FaFa','1.0.0','Is it the correct FaFa?','2021-05-25','-','-','-','fa-fa-clock-o',0,'SB_1',NULL,NULL,309,309,'FaFa','Quick Links - Grid- Quick Link Grid Item 4 - FaFa','1900-01-01','00:00:00','False','-'),('Quick Links - Grid- Quick Link Grid Item 4',309,309,311,311,311,311,311,311,'Quick Links - Grid- Quick Link Grid Item 4 - Quick Link Grid Item Title','1.0.0','Is the title correct?','2021-05-25','-','-','T&A','-',0,'SB_1',NULL,NULL,309,309,'QLGridItemTitle','Quick Links - Grid- Quick Link Grid Item 4 - Quick Link Grid Item Title','1900-01-01','00:00:00','False','-'),('Employees - DisplayBlock',341,339,342,340,342,340,342,340,'Top Level of: Employees - Employee Details','1.0.0','This is the top level test for Employees - Employee Details. For this to pass all its children must pass.','2021-05-25','','','','',0,'SB_1',NULL,NULL,341,339,'MobileLeftSideHider','Employees - Employee Details','1900-01-01','00:00:00','False','-'),('Employees - Contact Numbers',399,396,400,397,400,397,400,397,'Employees - Contact Numbers - Text Element','1.0.0','Is the text correct?','2021-05-26','-','-','-','Contact Numbers',0,'SB_1',NULL,NULL,399,396,'Text','Employees - Contact Numbers - Text Element','1900-01-01','00:00:00','False','-'),('Employees - Contact Numbers',399,396,401,398,401,398,401,398,'Employees - Contact Numbers - FaFa','1.0.0','Is it the correct FaFa?','2021-05-26','-','-','-','FaFa-EMPTY',0,'SB_1',NULL,NULL,399,396,'FaFa','Employees - Contact Numbers - FaFa','1900-01-01','00:00:00','False','-'),('Employees - Contact Numbers',399,396,402,399,402,399,402,399,'Top Level of: Employees - Contact Numbers - ClickRedirect','1.0.0','This is the top level test for Employees - Contact Numbers - ClickRedirect. For this to pass all its children must pass.','2021-05-26','','','','',0,'SB_1',NULL,NULL,399,396,'Button - Redirect','Employees - Contact Numbers - ClickRedirect','1900-01-01','00:00:00','False','-'),('Employees - Banks',403,400,404,401,404,401,404,401,'Employees - Banks - Text Element','1.0.0','Is the text correct?','2021-05-26','-','-','-','Banks',0,'SB_1',NULL,NULL,403,400,'Text','Employees - Banks - Text Element','1900-01-01','00:00:00','False','-'),('Employees - Banks',403,400,405,402,405,402,405,402,'Employees - Banks - FaFa','1.0.0','Is it the correct FaFa?','2021-05-26','-','-','-','FaFa-EMPTY',0,'SB_1',NULL,NULL,403,400,'FaFa','Employees - Banks - FaFa','1900-01-01','00:00:00','False','-'),('Employees - Banks',403,400,406,403,406,403,406,403,'Top Level of: Employees - Banks - ClickRedirect','1.0.0','This is the top level test for Employees - Banks - ClickRedirect. For this to pass all its children must pass.','2021-05-26','','','','',0,'SB_1',NULL,NULL,403,400,'Button - Redirect','Employees - Banks - ClickRedirect','1900-01-01','00:00:00','False','-'),('Employees - Salary Details',407,404,408,405,408,405,408,405,'Employees - Salary Details - Text Element','1.0.0','Is the text correct?','2021-05-26','-','-','-','Salary Details',0,'SB_1',NULL,NULL,407,404,'Text','Employees - Salary Details - Text Element','1900-01-01','00:00:00','False','-'),('Employees - Salary Details',407,404,409,406,409,406,409,406,'Employees - Salary Details - FaFa','1.0.0','Is it the correct FaFa?','2021-05-26','-','-','-','FaFa-EMPTY',0,'SB_1',NULL,NULL,407,404,'FaFa','Employees - Salary Details - FaFa','1900-01-01','00:00:00','False','-'),('Employees - Salary Details',407,404,410,407,410,407,410,407,'Top Level of: Employees - Salary Details - ClickRedirect','1.0.0','This is the top level test for Employees - Salary Details - ClickRedirect. For this to pass all its children must pass.','2021-05-26','','','','',0,'SB_1',NULL,NULL,407,404,'Button - Redirect','Employees - Salary Details - ClickRedirect','1900-01-01','00:00:00','False','-'),('Employees - Career Progression',411,408,412,409,412,409,412,409,'Employees - Career Progression - Text Element','1.0.0','Is the text correct?','2021-05-26','-','-','-','Career Progression',0,'SB_1',NULL,NULL,411,408,'Text','Employees - Career Progression - Text Element','1900-01-01','00:00:00','False','-'),('Employees - Career Progression',411,408,413,410,413,410,413,410,'Employees - Career Progression - FaFa','1.0.0','Is it the correct FaFa?','2021-05-26','-','-','-','FaFa-EMPTY',0,'SB_1',NULL,NULL,411,408,'FaFa','Employees - Career Progression - FaFa','1900-01-01','00:00:00','False','-'),('Employees - Career Progression',411,408,414,411,414,411,414,411,'Top Level of: Employees - Career Progression - ClickRedirect','1.0.0','This is the top level test for Employees - Career Progression - ClickRedirect. For this to pass all its children must pass.','2021-05-26','','','','',0,'SB_1',NULL,NULL,411,408,'Button - Redirect','Employees - Career Progression - ClickRedirect','1900-01-01','00:00:00','False','-'),('Employees - Schedule',415,412,416,413,416,413,416,413,'Employees - Schedule - Text Element','1.0.0','Is the text correct?','2021-05-26','-','-','-','Schedule',0,'SB_1',NULL,NULL,415,412,'Text','Employees - Schedule - Text Element','1900-01-01','00:00:00','False','-'),('Employees - Schedule',415,412,417,414,417,414,417,414,'Employees - Schedule - FaFa','1.0.0','Is it the correct FaFa?','2021-05-26','-','-','-','FaFa-EMPTY',0,'SB_1',NULL,NULL,415,412,'FaFa','Employees - Schedule - FaFa','1900-01-01','00:00:00','False','-'),('Employees - Schedule',415,412,418,415,418,415,418,415,'Top Level of: Employees - Schedule - ClickRedirect','1.0.0','This is the top level test for Employees - Schedule - ClickRedirect. For this to pass all its children must pass.','2021-05-26','','','','',0,'SB_1',NULL,NULL,415,412,'Button - Redirect','Employees - Schedule - ClickRedirect','1900-01-01','00:00:00','False','-'),('Employees - Permanent Allowances',419,416,420,417,420,417,420,417,'Employees - Permanent Allowances - Text Element','1.0.0','Is the text correct?','2021-05-26','-','-','-','Permanent Allowances',0,'SB_1',NULL,NULL,419,416,'Text','Employees - Permanent Allowances - Text Element','1900-01-01','00:00:00','False','-'),('Employees - Permanent Allowances',419,416,421,418,421,418,421,418,'Employees - Permanent Allowances - FaFa','1.0.0','Is it the correct FaFa?','2021-05-26','-','-','-','FaFa-EMPTY',0,'SB_1',NULL,NULL,419,416,'FaFa','Employees - Permanent Allowances - FaFa','1900-01-01','00:00:00','False','-'),('Employees - Permanent Allowances',419,416,422,419,422,419,422,419,'Top Level of: Employees - Permanent Allowances - ClickRedirect','1.0.0','This is the top level test for Employees - Permanent Allowances - ClickRedirect. For this to pass all its children must pass.','2021-05-26','','','','',0,'SB_1',NULL,NULL,419,416,'Button - Redirect','Employees - Permanent Allowances - ClickRedirect','1900-01-01','00:00:00','False','-'),('Employees - Previous Employment',423,420,424,421,424,421,424,421,'Employees - Previous Employment - Text Element','1.0.0','Is the text correct?','2021-05-26','-','-','-','Previous Employment',0,'SB_1',NULL,NULL,423,420,'Text','Employees - Previous Employment - Text Element','1900-01-01','00:00:00','False','-'),('Employees - Previous Employment',423,420,425,422,425,422,425,422,'Employees - Previous Employment - FaFa','1.0.0','Is it the correct FaFa?','2021-05-26','-','-','-','FaFa-EMPTY',0,'SB_1',NULL,NULL,423,420,'FaFa','Employees - Previous Employment - FaFa','1900-01-01','00:00:00','False','-'),('Employees - Previous Employment',423,420,426,423,426,423,426,423,'Top Level of: Employees - Previous Employment - ClickRedirect','1.0.0','This is the top level test for Employees - Previous Employment - ClickRedirect. For this to pass all its children must pass.','2021-05-26','','','','',0,'SB_1',NULL,NULL,423,420,'Button - Redirect','Employees - Previous Employment - ClickRedirect','1900-01-01','00:00:00','False','-'),('Employees - Unions',427,424,428,425,428,425,428,425,'Employees - Unions - Text Element','1.0.0','Is the text correct?','2021-05-26','-','-','-','Unions',0,'SB_1',NULL,NULL,427,424,'Text','Employees - Unions - Text Element','1900-01-01','00:00:00','False','-'),('Employees - Unions',427,424,429,426,429,426,429,426,'Employees - Unions - FaFa','1.0.0','Is it the correct FaFa?','2021-05-26','-','-','-','FaFa-EMPTY',0,'SB_1',NULL,NULL,427,424,'FaFa','Employees - Unions - FaFa','1900-01-01','00:00:00','False','-'),('Employees - Unions',427,424,430,427,430,427,430,427,'Top Level of: Employees - Unions - ClickRedirect','1.0.0','This is the top level test for Employees - Unions - ClickRedirect. For this to pass all its children must pass.','2021-05-26','','','','',0,'SB_1',NULL,NULL,427,424,'Button - Redirect','Employees - Unions - ClickRedirect','1900-01-01','00:00:00','False','-'),('Employee Others - Absence Entitlements',352,350,354,352,354,352,354,352,'Employee Others - Absence Entitlements - Text Element','1.0.0','Is the text correct?','2021-05-25','-','-','-','Absence Entitlements',0,'SB_1',NULL,NULL,352,350,'Text','Employee Others - Absence Entitlements - Text Element','1900-01-01','00:00:00','False','-'),('Employee Others - Absence Entitlements',352,350,355,353,355,353,355,353,'Employee Others - Absence Entitlements - FaFa','1.0.0','Is it the correct FaFa?','2021-05-25','-','-','-','FaFa-EMPTY',0,'SB_1',NULL,NULL,352,350,'FaFa','Employee Others - Absence Entitlements - FaFa','1900-01-01','00:00:00','False','-'),('Employee Others - Absence Entitlements',352,350,356,354,356,354,356,354,'Top Level of: Employee Others - Absence Entitlements - ClickRedirect','1.0.0','This is the top level test for Employee Others - Absence Entitlements - ClickRedirect. For this to pass all its children must pass.','2021-05-25','','','','',0,'SB_1',NULL,NULL,352,350,'Button - Redirect','Employee Others - Absence Entitlements - ClickRedirect','1900-01-01','00:00:00','False','-'),('Employee Others - Advances & Payments',431,428,432,429,432,429,432,429,'Employee Others - Advances & Payments - Text Element','1.0.0','Is the text correct?','2021-05-26','-','-','-','Advances & Payments',0,'SB_1',NULL,NULL,431,428,'Text','Employee Others - Advances & Payments - Text Element','1900-01-01','00:00:00','False','-'),('Employee Others - Advances & Payments',431,428,433,430,433,430,433,430,'Employee Others - Advances & Payment - FaFa','1.0.0','Is it the correct FaFa?','2021-05-26','-','-','-','FaFa-EMPTY',0,'SB_1',NULL,NULL,431,428,'FaFa','Employee Others - Advances & Payment - FaFa','1900-01-01','00:00:00','False','-'),('Employee Others - Advances & Payments',431,428,434,431,434,431,434,431,'Top Level of: Employee Others - Advances & Payment - ClickRedirect','1.0.0','This is the top level test for Employee Others - Advances & Payment - ClickRedirect. For this to pass all its children must pass.','2021-05-26','','','','',0,'SB_1',NULL,NULL,431,428,'Button - Redirect','Employee Others - Advances & Payment - ClickRedirect','1900-01-01','00:00:00','False','-'),('Employee Others - Tax Arrears',435,432,436,433,436,433,436,433,'Employee Others - Tax Arrears - Text Element','1.0.0','Is the text correct?','2021-05-26','-','-','-','Tax Arrears',0,'SB_1',NULL,NULL,435,432,'Text','Employee Others - Tax Arrears - Text Element','1900-01-01','00:00:00','False','-'),('Employee Others - Tax Arrears',435,432,437,434,437,434,437,434,'Employee Others - Tax Arrears - FaFa','1.0.0','Is it the correct FaFa?','2021-05-26','-','-','-','FaFa-EMPTY',0,'SB_1',NULL,NULL,435,432,'FaFa','Employee Others - Tax Arrears - FaFa','1900-01-01','00:00:00','False','-'),('Employee Others - Tax Arrears',435,432,438,435,438,435,438,435,'Top Level of: Employee Others - Tax Arrears - ClickRedirect','1.0.0','This is the top level test for Employee Others - Tax Arrears - ClickRedirect. For this to pass all its children must pass.','2021-05-26','','','','',0,'SB_1',NULL,NULL,435,432,'Button - Redirect','Employee Others - Tax Arrears - ClickRedirect','1900-01-01','00:00:00','False','-'),('Employee Others - Loans',439,436,440,437,440,437,440,437,'Employee Others - Loans - Text Element','1.0.0','Is the text correct?','2021-05-26','-','-','-','Loans',0,'SB_1',NULL,NULL,439,436,'Text','Employee Others - Loans - Text Element','1900-01-01','00:00:00','False','-'),('Employee Others - Loans',439,436,441,438,441,438,441,438,'Employee Others - Loans - FaFa','1.0.0','Is it the correct FaFa?','2021-05-26','-','-','-','FaFa-EMPTY',0,'SB_1',NULL,NULL,439,436,'FaFa','Employee Others - Loans - FaFa','1900-01-01','00:00:00','False','-'),('Employee Others - Loans',439,436,442,439,442,439,442,439,'Top Level of: Employee Others - Loans - ClickRedirect','1.0.0','This is the top level test for Employee Others - Loans - ClickRedirect. For this to pass all its children must pass.','2021-05-26','','','','',0,'SB_1',NULL,NULL,439,436,'Button - Redirect','Employee Others - Loans - ClickRedirect','1900-01-01','00:00:00','False','-'),('Employee Others - Pensions',443,440,444,441,444,441,444,441,'Employee Others - Pensions - Text Element','1.0.0','Is the text correct?','2021-05-26','-','-','-','Pensions',0,'SB_1',NULL,NULL,443,440,'Text','Employee Others - Pensions - Text Element','1900-01-01','00:00:00','False','-'),('Employee Others - Pensions',443,440,445,442,445,442,445,442,'Employee Others - Pensions - FaFa','1.0.0','Is it the correct FaFa?','2021-05-26','-','-','-','FaFa-EMPTY',0,'SB_1',NULL,NULL,443,440,'FaFa','Employee Others - Pensions - FaFa','1900-01-01','00:00:00','False','-'),('Employee Others - Pensions',443,440,446,443,446,443,446,443,'Top Level of: Employee Others - Pensions - ClickRedirect','1.0.0','This is the top level test for Employee Others - Pensions - ClickRedirect. For this to pass all its children must pass.','2021-05-26','','','','',0,'SB_1',NULL,NULL,443,440,'Button - Redirect','Employee Others - Pensions - ClickRedirect','1900-01-01','00:00:00','False','-'),('Employee Others - Covid-19 Supplement',447,444,448,445,448,445,448,445,'Employee Others - Covid-19 Supplement - Text Element','1.0.0','Is the text correct?','2021-05-26','-','-','-','Covid-19 Supplement',0,'SB_1',NULL,NULL,447,444,'Text','Employee Others - Covid-19 Supplement - Text Element','1900-01-01','00:00:00','False','-'),('Employee Others - Covid-19 Supplement',447,444,449,446,449,446,449,446,'Employee Others - Covid-19 Supplement - FaFa','1.0.0','Is it the correct FaFa?','2021-05-26','-','-','-','FaFa-EMPTY',0,'SB_1',NULL,NULL,447,444,'FaFa','Employee Others - Covid-19 Supplement - FaFa','1900-01-01','00:00:00','False','-'),('Employee Others - Covid-19 Supplement',447,444,450,447,450,447,450,447,'Top Level of: Employee Others - Covid-19 Supplement - Display form','1.0.0','This is the top level test for Employee Others - Covid-19 Supplement - Display form. For this to pass all its children must pass.','2021-05-26','','','','',0,'SB_1',NULL,NULL,447,444,'Button - Redirect','Employee Others - Covid-19 Supplement - Display form','1900-01-01','00:00:00','True','Enter tool tip.'),('Payroll - Initialise Payroll',451,448,452,449,452,449,452,449,'Payroll - Initialise Payroll - Text Element','1.0.0','Is the text correct?','2021-05-26','-','-','-','Initialise Payroll',0,'SB_1',NULL,NULL,451,448,'Text','Payroll - Initialise Payroll - Text Element','1900-01-01','00:00:00','False','-'),('Payroll - Initialise Payroll',451,448,453,450,453,450,453,450,'Payroll - Initialise Payroll - FaFa','1.0.0','Is it the correct FaFa?','2021-05-26','-','-','-','FaFa-EMPTY',0,'SB_1',NULL,NULL,451,448,'FaFa','Payroll - Initialise Payroll - FaFa','1900-01-01','00:00:00','False','-'),('Payroll - Initialise Payroll',451,448,454,451,454,451,454,451,'Top Level of: Payroll - Initialise Payroll - ClickRedirect','1.0.0','This is the top level test for Payroll - Initialise Payroll - ClickRedirect. For this to pass all its children must pass.','2021-05-26','','','','',0,'SB_1',NULL,NULL,451,448,'Button - Redirect','Payroll - Initialise Payroll - ClickRedirect','1900-01-01','00:00:00','False','-'),('Payroll - Payroll Details DrillDown',455,452,456,453,456,453,456,453,'Payroll - Payroll Details DrillDown - Text Element','1.0.0','Is the text correct?','2021-05-26','-','-','-','Payroll Details DrillDown',0,'SB_1',NULL,NULL,455,452,'Text','Payroll - Payroll Details DrillDown - Text Element','1900-01-01','00:00:00','False','-'),('Payroll - Payroll Details DrillDown',455,452,457,454,457,454,457,454,'Payroll - Payroll Details DrillDown - FaFa','1.0.0','Is it the correct FaFa?','2021-05-26','-','-','-','FaFa-EMPTY',0,'SB_1',NULL,NULL,455,452,'FaFa','Payroll - Payroll Details DrillDown - FaFa','1900-01-01','00:00:00','False','-'),('Payroll - Payroll Details DrillDown',455,452,458,455,458,455,458,455,'Top Level of: Payroll - Payroll Details DrillDown - ClickRedirect','1.0.0','This is the top level test for Payroll - Payroll Details DrillDown - ClickRedirect. For this to pass all its children must pass.','2021-05-26','','','','',0,'SB_1',NULL,NULL,455,452,'Button - Redirect','Payroll - Payroll Details DrillDown - ClickRedirect','1900-01-01','00:00:00','False','-'),('Payroll - Detailed Adjustments',459,456,460,457,460,457,460,457,'Payroll - Detailed Adjustments - Text Element','1.0.0','Is the text correct?','2021-05-26','-','-','-','Detailed Adjustments',0,'SB_1',NULL,NULL,459,456,'Text','Payroll - Detailed Adjustments - Text Element','1900-01-01','00:00:00','False','-'),('Payroll - Detailed Adjustments',459,456,461,458,461,458,461,458,'Payroll - Detailed Adjustments - FaFa','1.0.0','Is it the correct FaFa?','2021-05-26','-','-','-','FaFa-EMPTY',0,'SB_1',NULL,NULL,459,456,'FaFa','Payroll - Detailed Adjustments - FaFa','1900-01-01','00:00:00','False','-'),('Payroll - Detailed Adjustments',459,456,462,459,462,459,462,459,'Top Level of: Payroll - Detailed Adjustments - ClickRedirect','1.0.0','This is the top level test for Payroll - Detailed Adjustments - ClickRedirect. For this to pass all its children must pass.','2021-05-26','','','','',0,'SB_1',NULL,NULL,459,456,'Button - Redirect','Payroll - Detailed Adjustments - ClickRedirect','1900-01-01','00:00:00','False','-'),('Payroll - Global Adjustments',463,460,464,461,464,461,464,461,'Payroll - Global Adjustments - Text Element','1.0.0','Is the text correct?','2021-05-26','-','-','-','Global Adjustments',0,'SB_1',NULL,NULL,463,460,'Text','Payroll - Global Adjustments - Text Element','1900-01-01','00:00:00','False','-'),('Payroll - Global Adjustments',463,460,465,462,465,462,465,462,'Payroll - Global Adjustments - FaFa','1.0.0','Is it the correct FaFa?','2021-05-26','-','-','-','FaFa-EMPTY',0,'SB_1',NULL,NULL,463,460,'FaFa','Payroll - Global Adjustments - FaFa','1900-01-01','00:00:00','False','-'),('Payroll - Global Adjustments',463,460,466,463,466,463,466,463,'Top Level of: Payroll - Global Adjustments - ClickRedirect','1.0.0','This is the top level test for Payroll - Global Adjustments - ClickRedirect. For this to pass all its children must pass.','2021-05-26','','','','',0,'SB_1',NULL,NULL,463,460,'Button - Redirect','Payroll - Global Adjustments - ClickRedirect','1900-01-01','00:00:00','False','-'),('Payroll - Global Absences',467,464,468,465,468,465,468,465,'Payroll - Global Absences - Text Element','1.0.0','Is the text correct?','2021-05-26','-','-','-','Global Absences',0,'SB_1',NULL,NULL,467,464,'Text','Payroll - Global Absences - Text Element','1900-01-01','00:00:00','False','-'),('Payroll - Global Absences',467,464,469,466,469,466,469,466,'Payroll - Global Absences - FaFa','1.0.0','Is it the correct FaFa?','2021-05-26','-','-','-','FaFa-EMPTY',0,'SB_1',NULL,NULL,467,464,'FaFa','Payroll - Global Absences - FaFa','1900-01-01','00:00:00','False','-'),('Payroll - Global Absences',467,464,470,467,470,467,470,467,'Top Level of: Payroll - Global Absences - Display form','1.0.0','This is the top level test for Payroll - Global Absences - Display form. For this to pass all its children must pass.','2021-05-26','','','','',0,'SB_1',NULL,NULL,467,464,'Button - Redirect','Payroll - Global Absences - Display form','1900-01-01','00:00:00','False','-'),('Payroll - Global Extras',471,468,472,469,472,469,472,469,'Payroll - Global Extras - Text Element','1.0.0','Is the text correct?','2021-05-26','-','-','-','Global Extras',0,'SB_1',NULL,NULL,471,468,'Text','Payroll - Global Extras - Text Element','1900-01-01','00:00:00','False','-'),('Payroll - Global Extras',471,468,473,470,473,470,473,470,'Payroll - Global Extras - FaFa','1.0.0','Is it the correct FaFa?','2021-05-26','-','-','-','FaFa-EMPTY',0,'SB_1',NULL,NULL,471,468,'FaFa','Payroll - Global Extras - FaFa','1900-01-01','00:00:00','False','-'),('Payroll - Global Extras',471,468,474,471,474,471,474,471,'Top Level of: Payroll - Global Extras - ClickRedirect','1.0.0','This is the top level test for Payroll - Global Extras - ClickRedirect. For this to pass all its children must pass.','2021-05-26','','','','',0,'SB_1',NULL,NULL,471,468,'Button - Redirect','Payroll - Global Extras - ClickRedirect','1900-01-01','00:00:00','False','-'),('Payroll - Calculate Payroll',475,472,476,473,476,473,476,473,'Payroll - Calculate Payroll - Text Element','1.0.0','Is the text correct?','2021-05-26','-','-','-','Calculate Payroll',0,'SB_1',NULL,NULL,475,472,'Text','Payroll - Calculate Payroll - Text Element','1900-01-01','00:00:00','False','-'),('Payroll - Calculate Payroll',475,472,477,474,477,474,477,474,'Payroll - Calculate Payroll - FaFa','1.0.0','Is it the correct FaFa?','2021-05-26','-','-','-','FaFa-EMPTY',0,'SB_1',NULL,NULL,475,472,'FaFa','Payroll - Calculate Payroll - FaFa','1900-01-01','00:00:00','False','-'),('Payroll - Calculate Payroll',475,472,478,475,478,475,478,475,'Top Level of: Payroll - Calculate Payroll - ClickRedirect','1.0.0','This is the top level test for Payroll - Calculate Payroll - ClickRedirect. For this to pass all its children must pass.','2021-05-26','','','','',0,'SB_1',NULL,NULL,475,472,'Button - Redirect','Payroll - Calculate Payroll - ClickRedirect','1900-01-01','00:00:00','False','-'),('Payroll - Close & Lock Payroll',479,476,480,477,480,477,480,477,'Payroll - Close & Lock Payroll - Text Element','1.0.0','Is the text correct?','2021-05-26','-','-','-','Close & Lock Payroll',0,'SB_1',NULL,NULL,479,476,'Text','Payroll - Close & Lock Payroll - Text Element','1900-01-01','00:00:00','False','-'),('Payroll - Close & Lock Payroll',479,476,481,478,481,478,481,478,'Payroll - Close & Lock Payroll - FaFa','1.0.0','Is it the correct FaFa?','2021-05-26','-','-','-','FaFa-EMPTY',0,'SB_1',NULL,NULL,479,476,'FaFa','Payroll - Close & Lock Payroll - FaFa','1900-01-01','00:00:00','False','-'),('Payroll - Close & Lock Payroll',479,476,482,479,482,479,482,479,'Top Level of: Payroll - Close & Lock Payroll - ClickRedirect','1.0.0','This is the top level test for Payroll - Close & Lock Payroll - ClickRedirect. For this to pass all its children must pass.','2021-05-26','','','','',0,'SB_1',NULL,NULL,479,476,'Button - Redirect','Payroll - Close & Lock Payroll - ClickRedirect','1900-01-01','00:00:00','False','-'),('Payroll - Payroll Details',483,480,484,481,484,481,484,481,'Payroll - Payroll Details - Text Element','1.0.0','Is the text correct?','2021-05-26','-','-','-','Payroll Details',0,'SB_1',NULL,NULL,483,480,'Text','Payroll - Payroll Details - Text Element','1900-01-01','00:00:00','False','-'),('Payroll - Payroll Details',483,480,485,482,485,482,485,482,'Payroll - Payroll Details - FaFa','1.0.0','Is it the correct FaFa?','2021-05-26','-','-','-','FaFa-EMPTY',0,'SB_1',NULL,NULL,483,480,'FaFa','Payroll - Payroll Details - FaFa','1900-01-01','00:00:00','False','-'),('Payroll - Payroll Details',483,480,486,483,486,483,486,483,'Top Level of: Payroll - Payroll Details - ClickRedirect','1.0.0','This is the top level test for Payroll - Payroll Details - ClickRedirect. For this to pass all its children must pass.','2021-05-26','','','','',0,'SB_1',NULL,NULL,483,480,'Button - Redirect','Payroll - Payroll Details - ClickRedirect','1900-01-01','00:00:00','False','-'),('Payroll - Excel Payroll Uploads',487,484,488,485,488,485,488,485,'Payroll - Excel Payroll Uploads - Text Element','1.0.0','Is the text correct?','2021-05-26','-','-','-','Excel Payroll Uploads',0,'SB_1',NULL,NULL,487,484,'Text','Payroll - Excel Payroll Uploads - Text Element','1900-01-01','00:00:00','False','-'),('Payroll - Excel Payroll Uploads',487,484,489,486,489,486,489,486,'Payroll - Excel Payroll Uploads - FaFa','1.0.0','Is it the correct FaFa?','2021-05-26','-','-','-','FaFa-EMPTY',0,'SB_1',NULL,NULL,487,484,'FaFa','Payroll - Excel Payroll Uploads - FaFa','1900-01-01','00:00:00','False','-'),('Payroll - Excel Payroll Uploads',487,484,490,487,490,487,490,487,'Top Level of: Payroll - Excel Payroll Uploads - ClickRedirect','1.0.0','This is the top level test for Payroll - Excel Payroll Uploads - ClickRedirect. For this to pass all its children must pass.','2021-05-26','','','','',0,'SB_1',NULL,NULL,487,484,'Button - Redirect','Payroll - Excel Payroll Uploads - ClickRedirect','1900-01-01','00:00:00','False','-'),('Payroll - Calculation Statistics',491,488,492,489,492,489,492,489,'Payroll - Calculation Statistics - Text Element','1.0.0','Is the text correct?','2021-05-26','-','-','-','Calculation Statistics',0,'SB_1',NULL,NULL,491,488,'Text','Payroll - Calculation Statistics - Text Element','1900-01-01','00:00:00','False','-'),('Payroll - Calculation Statistics',491,488,493,490,493,490,493,490,'Payroll - Calculation Statistics - FaFa','1.0.0','Is it the correct FaFa?','2021-05-26','-','-','-','FaFa-EMPTY',0,'SB_1',NULL,NULL,491,488,'FaFa','Payroll - Calculation Statistics - FaFa','1900-01-01','00:00:00','False','-'),('Payroll - Calculation Statistics',491,488,494,491,494,491,494,491,'Top Level of: Payroll - Calculation Statistics - ClickRedirect','1.0.0','This is the top level test for Payroll - Calculation Statistics - ClickRedirect. For this to pass all its children must pass.','2021-05-26','','','','',0,'SB_1',NULL,NULL,491,488,'Button - Redirect','Payroll - Calculation Statistics - ClickRedirect','1900-01-01','00:00:00','False','-'),('Employee Statistics - DisplayBlock',370,368,495,492,495,492,495,492,'Top Level of: Employee Statistics - Payslip Quick View','1.0.0','This is the top level test for Employee Statistics - Payslip Quick View. For this to pass all its children must pass.','2021-05-26','','','','',0,'SB_1',NULL,NULL,370,368,'MobileLeftSideHider','Employee Statistics - Payslip Quick View','1900-01-01','00:00:00','False','-'),('Employee Statistics - DisplayBlock',370,368,499,496,499,496,499,496,'Top Level of: Employee Statistics - FS3 Quick View','1.0.0','This is the top level test for Employee Statistics - FS3 Quick View. For this to pass all its children must pass.','2021-05-26','','','','',0,'SB_1',NULL,NULL,370,368,'MobileLeftSideHider','Employee Statistics - FS3 Quick View','1900-01-01','00:00:00','False','-'),('Employee Statistics - DisplayBlock',370,368,503,500,503,500,503,500,'Top Level of: Employee Statistics - Employee Payroll Statistics','1.0.0','This is the top level test for Employee Statistics - Employee Payroll Statistics. For this to pass all its children must pass.','2021-05-26','','','','',0,'SB_1',NULL,NULL,370,368,'MobileLeftSideHider','Employee Statistics - Employee Payroll Statistics','1900-01-01','00:00:00','False','-'),('Absence Statistics - DisplayBlock',375,373,507,504,507,504,507,504,'Top Level of: Absence Statistics - Employee Accruals','1.0.0','This is the top level test for Absence Statistics - Employee Accruals. For this to pass all its children must pass.','2021-05-26','','','','',0,'SB_1',NULL,NULL,375,373,'MobileLeftSideHider','Absence Statistics - Employee Accruals','1900-01-01','00:00:00','False','-'),('Absence Statistics - DisplayBlock',375,373,511,508,511,508,511,508,'Top Level of: Absence Statistics - Other Absence Statistics','1.0.0','This is the top level test for Absence Statistics - Other Absence Statistics. For this to pass all its children must pass.','2021-05-26','','','','',0,'SB_1',NULL,NULL,375,373,'MobileLeftSideHider','Absence Statistics - Other Absence Statistics','1900-01-01','00:00:00','False','-'),('Reports - DisplayBlock',380,378,515,512,515,512,515,512,'Top Level of: Reports - Payroll Reports','1.0.0','This is the top level test for Reports - Payroll Reports. For this to pass all its children must pass.','2021-05-26','','','','',0,'SB_1',NULL,NULL,380,378,'MobileLeftSideHider','Reports - Payroll Reports','1900-01-01','00:00:00','False','-'),('Reports - DisplayBlock',380,378,519,516,519,516,519,516,'Top Level of: Reports - Payslips','1.0.0','This is the top level test for Reports - Payslips. For this to pass all its children must pass.','2021-05-26','','','','',0,'SB_1',NULL,NULL,380,378,'MobileLeftSideHider','Reports - Payslips','1900-01-01','00:00:00','False','-'),('Reports - DisplayBlock',380,378,523,520,523,520,523,520,'Top Level of: Reports - Direct Credits','1.0.0','This is the top level test for Reports - Direct Credits. For this to pass all its children must pass.','2021-05-26','','','','',0,'SB_1',NULL,NULL,380,378,'MobileLeftSideHider','Reports - Direct Credits','1900-01-01','00:00:00','False','-'),('Reports - DisplayBlock',380,378,527,524,527,524,527,524,'Top Level of: Reports - Global Payroll Analysis','1.0.0','This is the top level test for Reports - Global Payroll Analysis. For this to pass all its children must pass.','2021-05-26','','','','',0,'SB_1',NULL,NULL,380,378,'MobileLeftSideHider','Reports - Global Payroll Analysis','1900-01-01','00:00:00','False','-'),('Reports - DisplayBlock',380,378,531,528,531,528,531,528,'Top Level of: Reports - Cheque Printing','1.0.0','This is the top level test for Reports - Cheque Printing. For this to pass all its children must pass.','2021-05-26','','','','',0,'SB_1',NULL,NULL,380,378,'MobileLeftSideHider','Reports - Cheque Printing','1900-01-01','00:00:00','False','-'),('Reports - DisplayBlock',380,378,535,532,535,532,535,532,'Top Level of: Reports - Adjustments Reports','1.0.0','This is the top level test for Reports - Adjustments Reports. For this to pass all its children must pass.','2021-05-26','','','','',0,'SB_1',NULL,NULL,380,378,'MobileLeftSideHider','Reports - Adjustments Reports','1900-01-01','00:00:00','False','-'),('Reports - DisplayBlock',380,378,539,536,539,536,539,536,'Top Level of: Reports - HR Related Reports','1.0.0','This is the top level test for Reports - HR Related Reports. For this to pass all its children must pass.','2021-05-26','','','','',0,'SB_1',NULL,NULL,380,378,'MobileLeftSideHider','Reports - HR Related Reports','1900-01-01','00:00:00','False','-'),('Reports - DisplayBlock',380,378,543,540,543,540,543,540,'Top Level of: Reports - Absence Related Reports','1.0.0','This is the top level test for Reports - Absence Related Reports. For this to pass all its children must pass.','2021-05-26','','','','',0,'SB_1',NULL,NULL,380,378,'MobileLeftSideHider','Reports - Absence Related Reports','1900-01-01','00:00:00','False','-'),('Bulk Updates - DisplayBlock',394,391,547,544,547,544,547,544,'Top Level of: Bulk Updates - COLA Salary Updates','1.0.0','This is the top level test for Bulk Updates - COLA Salary Updates. For this to pass all its children must pass.','2021-05-26','','','','',0,'SB_1',NULL,NULL,394,391,'MobileLeftSideHider','Bulk Updates - COLA Salary Updates','1900-01-01','00:00:00','False','-'),('Bulk Updates - DisplayBlock',394,391,551,548,551,548,551,548,'Top Level of: Bulk Updates - Employee Creation','1.0.0','This is the top level test for Bulk Updates - Employee Creation. For this to pass all its children must pass.','2021-05-26','','','','',0,'SB_1',NULL,NULL,394,391,'MobileLeftSideHider','Bulk Updates - Employee Creation','1900-01-01','00:00:00','False','-'),('Accordion - CV - Career',129,129,130,130,130,130,130,130,'Top Level of: Grid - Career','1.0.0','This is the top level test for Grid - Career. For this to pass all its children must pass.','2021-05-19','','','','',0,'SB_1',NULL,NULL,129,129,'Grid','Grid - Career','1900-01-01','00:00:00','False','-'),('Acc Key - CV - Allowance',131,131,132,132,132,132,132,132,'Top Level of: Grid - Allowance','1.0.0','This is the top level test for Grid - Allowance. For this to pass all its children must pass.','2021-05-19','','','','',0,'SB_1',NULL,NULL,131,131,'Grid','Grid - Allowance','1900-01-01','00:00:00','False','-'),('Acc Key - CV - Salary',133,133,134,134,134,134,134,134,'Top Level of: Grid - Salary','1.0.0','This is the top level test for Grid - Salary. For this to pass all its children must pass.','2021-05-19','','','','',0,'SB_1',NULL,NULL,133,133,'Grid','Grid - Salary','1900-01-01','00:00:00','False','-'),('Acc Key - Emp Schedule',135,135,136,136,136,136,136,136,'Top Level of: Grid - Emp Schedule','1.0.0','This is the top level test for Grid - Emp Schedule. For this to pass all its children must pass.','2021-05-19','','','','',0,'SB_1',NULL,NULL,135,135,'Grid','Grid - Emp Schedule','1900-01-01','00:00:00','False','-'),('Acc Key - Working Permit',137,137,138,138,138,138,138,138,'Top Level of: Grid - Work Permit','1.0.0','This is the top level test for Grid - Work Permit. For this to pass all its children must pass.','2021-05-19','','','','',0,'SB_1',NULL,NULL,137,137,'Grid','Grid - Work Permit','1900-01-01','00:00:00','False','-'),('Form - Save',140,140,141,141,141,141,141,141,'Top Level of: Form - Save - Header','1.0.0','This is the top level test for Form - Save - Header. For this to pass all its children must pass.','2021-05-19','','','','',0,'SB_1',NULL,NULL,140,140,'Modal Header','Form - Save - Header','1900-01-01','00:00:00','False','-'),('Form - Save',140,140,143,143,143,143,143,143,'Top Level of: Form - Save - Body','1.0.0','This is the top level test for Form - Save - Body. For this to pass all its children must pass.','2021-05-19','','','','',0,'SB_1',NULL,NULL,140,140,'Modal Body','Form - Save - Body','1900-01-01','00:00:00','False','-'),('Form - Save',140,140,144,144,144,144,144,144,'Top Level of: Form - Save - Footer','1.0.0','This is the top level test for Form - Save - Footer. For this to pass all its children must pass.','2021-05-19','','','','',0,'SB_1',NULL,NULL,140,140,'Modal Footer','Form - Save - Footer','1900-01-01','00:00:00','False','-'),('Employee Reports - Card Group',157,157,158,158,158,158,158,158,'Top Level of: Employee Reports - Employee Basic Details','1.0.0','This is the top level test for Employee Reports - Employee Basic Details. For this to pass all its children must pass.','2021-05-24','','','','',0,'SB_1',NULL,NULL,157,157,'Card Element','Employee Reports - Employee Basic Details','1900-01-01','00:00:00','False','-'),('Employee Reports - Card Group',157,157,162,162,162,162,162,162,'Top Level of: Employee Reports - Employee Basic Details (Grid View)','1.0.0','This is the top level test for Employee Reports - Employee Basic Details (Grid View). For this to pass all its children must pass.','2021-05-24','','','','',0,'SB_1',NULL,NULL,157,157,'Card Element','Employee Reports - Employee Basic Details (Grid View)','1900-01-01','00:00:00','False','-'),('Employee Reports - Card Header',216,216,220,220,220,220,220,220,'Employee Reports - Card Header - FaFa','1.0.0','Is it the correct FaFa?','2021-05-24','-','-','-','fa-fa-male',0,'SB_1',NULL,NULL,216,216,'FaFa','Employee Reports - Card Header - FaFa','1900-01-01','00:00:00','False','-'),('Employee Reports - Card Header',216,216,221,221,221,221,221,221,'Employee Reports - Card Header - Text Element','1.0.0','Is the text correct?','2021-05-24','-','-','-','Employee Reports',0,'SB_1',NULL,NULL,216,216,'Text','Employee Reports - Card Header - Text Element','1900-01-01','00:00:00','False','-'),('Payroll Reports - Payroll Statistics - Gross/Tax/NI',168,168,171,171,171,171,171,171,'Payroll Reports - Payroll Statistics - Gross/Tax/NI Title','1.0.0','Is the title text correct?','2021-05-24','Data Out','-','-','Payroll Statistics - (Gross/Tax/NI Title etc)',0,'SB_1',NULL,NULL,168,168,'Card Title','Payroll Reports - Payroll Statistics - Gross/Tax/NI Title','1900-01-01','00:00:00','False','-'),('Payroll Reports - Payroll Statistics - Gross/Tax/NI',168,168,229,229,229,229,229,229,'Top Level of: Payroll Reports - Element Header','1.0.0','This is the top level test for Payroll Reports - Element Header. For this to pass all its children must pass.','2021-05-24','','','','',0,'SB_1',NULL,NULL,168,168,'Element Header','Payroll Reports - Element Header','1900-01-01','00:00:00','False','-'),('Payroll Reports - Payroll Statistics - Gross/Tax/NI',168,168,170,170,170,170,170,170,'Top Level of: Payroll Reports - Payroll Statistics - Gross/Tax/NI Body','1.0.0','This is the top level test for Payroll Reports - Payroll Statistics - Gross/Tax/NI Body. For this to pass all its children must pass.','2021-05-24','','','','',0,'SB_1',NULL,NULL,168,168,'Card Body','Payroll Reports - Payroll Statistics - Gross/Tax/NI Body','1900-01-01','00:00:00','False','-'),('Payroll Reports - Payroll - Extras Breakdown by Cost Center',176,176,179,179,179,179,179,179,'Payroll Reports - Payroll - Extras Breakdown by Cost Center - Card Title','1.0.0','Is the title text correct?','2021-05-24','-','-','-','Payroll Statistics - Extras Breakdown by Cost Center Report',0,'SB_1',NULL,NULL,176,176,'Card Title','Payroll Reports - Payroll - Extras Breakdown by Cost Center - Card Title','1900-01-01','00:00:00','False','-'),('Payroll Reports - Payroll - Extras Breakdown by Cost Center',176,176,177,177,177,177,177,177,'Top Level of: Payroll Reports - Payroll - Extras Breakdown by Cost Center - Card Header','1.0.0','This is the top level test for Payroll Reports - Payroll - Extras Breakdown by Cost Center - Card Header. For this to pass all its children must pass.','2021-05-24','','','','',0,'SB_1',NULL,NULL,176,176,'Element Header','Payroll Reports - Payroll - Extras Breakdown by Cost Center - Card Header','1900-01-01','00:00:00','False','-'),('Payroll Reports - Payroll - Extras Breakdown by Cost Center',176,176,178,178,178,178,178,178,'Top Level of: Payroll Reports - Payroll - Extras Breakdown by Cost Center - Card Body','1.0.0','This is the top level test for Payroll Reports - Payroll - Extras Breakdown by Cost Center - Card Body. For this to pass all its children must pass.','2021-05-24','','','','',0,'SB_1',NULL,NULL,176,176,'Card Body','Payroll Reports - Payroll - Extras Breakdown by Cost Center - Card Body','1900-01-01','00:00:00','False','-'),('Payroll Reports - Payroll - Allowances Breakdown',180,180,183,183,183,183,183,183,'Payroll Reports - Payroll - Allowances Breakdown - Card Title','1.0.0','Is the title text correct?','2021-05-24','-','-','-','Payroll Statistics - Allowance Breakdown Report',0,'SB_1',NULL,NULL,180,180,'Card Title','Payroll Reports - Payroll - Allowances Breakdown - Card Title','1900-01-01','00:00:00','False','-'),('Payroll Reports - Payroll - Allowances Breakdown',180,180,181,181,181,181,181,181,'Top Level of: Payroll Reports - Payroll - Allowances Breakdown - Element Header','1.0.0','This is the top level test for Payroll Reports - Payroll - Allowances Breakdown - Element Header. For this to pass all its children must pass.','2021-05-24','','','','',0,'SB_1',NULL,NULL,180,180,'Element Header','Payroll Reports - Payroll - Allowances Breakdown - Element Header','1900-01-01','00:00:00','False','-'),('Payroll Reports - Payroll Statistics - Bank Cash Payments',184,184,187,187,187,187,187,187,'Payroll Reports - Payroll Statistics - Bank Cash Payments - Card Title','1.0.0','Is the title text correct?','2021-05-24','-','-','-','-',0,'SB_1',NULL,NULL,184,184,'Card Title','Payroll Reports - Payroll Statistics - Bank Cash Payments - Card Title','1900-01-01','00:00:00','False','-'),('Payroll Reports - Payroll Statistics - Bank Cash Payments',184,184,185,185,185,185,185,185,'Top Level of: Payroll Reports - Payroll Statistics - Bank Cash Payments - Element Header','1.0.0','This is the top level test for Payroll Reports - Payroll Statistics - Bank Cash Payments - Element Header. For this to pass all its children must pass.','2021-05-24','','','','',0,'SB_1',NULL,NULL,184,184,'Element Header','Payroll Reports - Payroll Statistics - Bank Cash Payments - Element Header','1900-01-01','00:00:00','False','-'),('Payroll Reports - Payroll Statistics - Unions',188,188,191,191,191,191,191,191,'Payroll Reports - Payroll Statistics - Unions - Card Title','1.0.0','Is the title text correct?','2021-05-24','-','-','-','Payroll Statistics - Unions',0,'SB_1',NULL,NULL,188,188,'Card Title','Payroll Reports - Payroll Statistics - Unions - Card Title','1900-01-01','00:00:00','False','-'),('Payroll Reports - Payroll Statistics - Unions',188,188,189,189,189,189,189,189,'Top Level of: Payroll Reports - Payroll Statistics - Unions - Element Header','1.0.0','This is the top level test for Payroll Reports - Payroll Statistics - Unions - Element Header. For this to pass all its children must pass.','2021-05-24','','','','',0,'SB_1',NULL,NULL,188,188,'Element Header','Payroll Reports - Payroll Statistics - Unions - Element Header','1900-01-01','00:00:00','False','-'),('Payroll Reports - Card Header',226,226,227,227,227,227,227,227,'Payroll Reports - Card Header - FaFa','1.0.0','Is it the correct FaFa?','2021-05-24','-','-','-','fa-fa-money',0,'SB_1',NULL,NULL,226,226,'FaFa','Payroll Reports - Card Header - FaFa','1900-01-01','00:00:00','False','-'),('Payroll Reports - Card Header',226,226,228,228,228,228,228,228,'Payroll Reports - Card Header - Text Element','1.0.0','Is the text correct?','2021-05-24','-','-','-','Payroll Reports',0,'SB_1',NULL,NULL,226,226,'Text','Payroll Reports - Card Header - Text Element','1900-01-01','00:00:00','False','-'),('My Company / Last Viewed - DropdownMenu - Row - Column 2',258,258,259,259,259,259,259,259,'My Company / Last Viewed - DropdownMenu - Text','1.0.0','Is the text correct?','2021-05-25','-','-','-','VARIABLE',0,'SB_1',NULL,NULL,258,258,'Text','My Company / Last Viewed - DropdownMenu - Text','1900-01-01','00:00:00','False','-'),('My Company / Last Viewed - DropdownMenu - Row - Column 3',260,260,261,261,261,261,261,261,'My Company / Last Viewed - DropdownMenu - Text','1.0.0','Is the text correct?','2021-05-25','-','-','-','VARIABLE',0,'SB_1',NULL,NULL,260,260,'Text','My Company / Last Viewed - DropdownMenu - Text','1900-01-01','00:00:00','False','-'),('User Avatar - Dropdown Menu - Header - Media Obj',314,314,316,316,316,316,316,316,'Top Level of: User Avatar - Dropdown Menu - Header - Media Object Body','1.0.0','This is the top level test for User Avatar - Dropdown Menu - Header - Media Object Body. For this to pass all its children must pass.','2021-05-25','','','','',0,'SB_1',NULL,NULL,314,314,'MediaObjBody','User Avatar - Dropdown Menu - Header - Media Object Body','1900-01-01','00:00:00','False','-'),('Employees - Employee Details',342,340,344,342,344,342,344,342,'Employees - MobileLeftSideHider - Text Element','1.0.0','Is the text correct?','2021-05-25','-','-','-','Employee Details',0,'SB_1',NULL,NULL,342,340,'Text','Employees - MobileLeftSideHider - Text Element','1900-01-01','00:00:00','False','-'),('Employees - Employee Details',342,340,345,343,345,343,345,343,'Employees - MobileLeftSideHider - FaFa','1.0.0','Is it the correct FaFa?','2021-05-25','-','-','-','FaFa-EMPTY',0,'SB_1',NULL,NULL,342,340,'FaFa','Employees - MobileLeftSideHider - FaFa','1900-01-01','00:00:00','False','-'),('Employees - Employee Details',342,340,346,344,346,344,346,344,'Top Level of: Employees - MobileLeftSideHider - ClickRedirect','1.0.0','This is the top level test for Employees - MobileLeftSideHider - ClickRedirect. For this to pass all its children must pass.','2021-05-25','','','','',0,'SB_1',NULL,NULL,342,340,'Button - Redirect','Employees - MobileLeftSideHider - ClickRedirect','1900-01-01','00:00:00','False','-'),('Employee Statistics - Payslip Quick View',495,492,496,493,496,493,496,493,'Employee Statistics - Payslip Quick View - Text Element','1.0.0','Is the text correct?','2021-05-26','-','-','-','Payslip Quick View',0,'SB_1',NULL,NULL,495,492,'Text','Employee Statistics - Payslip Quick View - Text Element','1900-01-01','00:00:00','False','-'),('Employee Statistics - Payslip Quick View',495,492,497,494,497,494,497,494,'Employee Statistics - Payslip Quick View - FaFa','1.0.0','Is it the correct FaFa?','2021-05-26','-','-','-','FaFa-EMPTY',0,'SB_1',NULL,NULL,495,492,'FaFa','Employee Statistics - Payslip Quick View - FaFa','1900-01-01','00:00:00','False','-'),('Employee Statistics - Payslip Quick View',495,492,498,495,498,495,498,495,'Top Level of: Employee Statistics - Payslip Quick View - ClickRedirect','1.0.0','This is the top level test for Employee Statistics - Payslip Quick View - ClickRedirect. For this to pass all its children must pass.','2021-05-26','','','','',0,'SB_1',NULL,NULL,495,492,'Button - Redirect','Employee Statistics - Payslip Quick View - ClickRedirect','1900-01-01','00:00:00','False','-'),('Employee Statistics - FS3 Quick View',499,496,500,497,500,497,500,497,'Employee Statistics - FS3 Quick View - Text Element','1.0.0','Is the text correct?','2021-05-26','-','-','-','FS3 Quick View',0,'SB_1',NULL,NULL,499,496,'Text','Employee Statistics - FS3 Quick View - Text Element','1900-01-01','00:00:00','False','-'),('Employee Statistics - FS3 Quick View',499,496,501,498,501,498,501,498,'Employee Statistics - FS3 Quick View - FaFa','1.0.0','Is it the correct FaFa?','2021-05-26','-','-','-','FaFa-EMPTY',0,'SB_1',NULL,NULL,499,496,'FaFa','Employee Statistics - FS3 Quick View - FaFa','1900-01-01','00:00:00','False','-'),('Employee Statistics - FS3 Quick View',499,496,502,499,502,499,502,499,'Top Level of: Employee Statistics - FS3 Quick View - ClickRedirect','1.0.0','This is the top level test for Employee Statistics - FS3 Quick View - ClickRedirect. For this to pass all its children must pass.','2021-05-26','','','','',0,'SB_1',NULL,NULL,499,496,'Button - Redirect','Employee Statistics - FS3 Quick View - ClickRedirect','1900-01-01','00:00:00','False','-'),('Employee Statistics - Employee Payroll Statistics',503,500,504,501,504,501,504,501,'Employee Statistics - Employee Payroll Statistics - Text Element','1.0.0','Is the text correct?','2021-05-26','-','-','-','Employee Payroll Statistics',0,'SB_1',NULL,NULL,503,500,'Text','Employee Statistics - Employee Payroll Statistics - Text Element','1900-01-01','00:00:00','False','-'),('Employee Statistics - Employee Payroll Statistics',503,500,505,502,505,502,505,502,'Employee Statistics - Employee Payroll Statistics - FaFa','1.0.0','Is it the correct FaFa?','2021-05-26','-','-','-','FaFa-EMPTY',0,'SB_1',NULL,NULL,503,500,'FaFa','Employee Statistics - Employee Payroll Statistics - FaFa','1900-01-01','00:00:00','False','-'),('Employee Statistics - Employee Payroll Statistics',503,500,506,503,506,503,506,503,'Top Level of: Employee Statistics - Employee Payroll Statistics - ClickRedirect','1.0.0','This is the top level test for Employee Statistics - Employee Payroll Statistics - ClickRedirect. For this to pass all its children must pass.','2021-05-26','','','','',0,'SB_1',NULL,NULL,503,500,'Button - Redirect','Employee Statistics - Employee Payroll Statistics - ClickRedirect','1900-01-01','00:00:00','False','-'),('Absence Statistics - Employee Accruals',507,504,508,505,508,505,508,505,'Absence Statistics - Employee Accruals - Text Element','1.0.0','Is the text correct?','2021-05-26','-','-','-','Employee Accruals',0,'SB_1',NULL,NULL,507,504,'Text','Absence Statistics - Employee Accruals - Text Element','1900-01-01','00:00:00','False','-'),('Absence Statistics - Employee Accruals',507,504,509,506,509,506,509,506,'Absence Statistics - Employee Accruals - FaFa','1.0.0','Is it the correct FaFa?','2021-05-26','-','-','-','FaFa-EMPTY',0,'SB_1',NULL,NULL,507,504,'FaFa','Absence Statistics - Employee Accruals - FaFa','1900-01-01','00:00:00','False','-'),('Absence Statistics - Employee Accruals',507,504,510,507,510,507,510,507,'Top Level of: Absence Statistics - Employee Accruals - ClickRedirect','1.0.0','This is the top level test for Absence Statistics - Employee Accruals - ClickRedirect. For this to pass all its children must pass.','2021-05-26','','','','',0,'SB_1',NULL,NULL,507,504,'Button - Redirect','Absence Statistics - Employee Accruals - ClickRedirect','1900-01-01','00:00:00','False','-'),('Absence Statistics - Other Absence Statistics',511,508,512,509,512,509,512,509,'Absence Statistics - Other Absence Statistics - Text Element','1.0.0','Is the text correct?','2021-05-26','-','-','-','Other Absence Statistics',0,'SB_1',NULL,NULL,511,508,'Text','Absence Statistics - Other Absence Statistics - Text Element','1900-01-01','00:00:00','False','-'),('Absence Statistics - Other Absence Statistics',511,508,513,510,513,510,513,510,'Absence Statistics - Other Absence Statistics - FaFa','1.0.0','Is it the correct FaFa?','2021-05-26','-','-','-','FaFa-EMPTY',0,'SB_1',NULL,NULL,511,508,'FaFa','Absence Statistics - Other Absence Statistics - FaFa','1900-01-01','00:00:00','False','-'),('Absence Statistics - Other Absence Statistics',511,508,514,511,514,511,514,511,'Top Level of: Absence Statistics - Other Absence Statistics - ClickRedirect','1.0.0','This is the top level test for Absence Statistics - Other Absence Statistics - ClickRedirect. For this to pass all its children must pass.','2021-05-26','','','','',0,'SB_1',NULL,NULL,511,508,'Button - Redirect','Absence Statistics - Other Absence Statistics - ClickRedirect','1900-01-01','00:00:00','False','-'),('Reports - Payroll Reports',515,512,516,513,516,513,516,513,'Reports - Payroll Reports - Text Element','1.0.0','Is the text correct?','2021-05-26','-','-','-','Payroll Reports',0,'SB_1',NULL,NULL,515,512,'Text','Reports - Payroll Reports - Text Element','1900-01-01','00:00:00','False','-'),('Reports - Payroll Reports',515,512,517,514,517,514,517,514,'Reports - Payroll Reports - FaFa','1.0.0','Is it the correct FaFa?','2021-05-26','-','-','-','FaFa-EMPTY',0,'SB_1',NULL,NULL,515,512,'FaFa','Reports - Payroll Reports - FaFa','1900-01-01','00:00:00','False','-'),('Reports - Payroll Reports',515,512,518,515,518,515,518,515,'Top Level of: Reports - Payroll Reports - ClickRedirect','1.0.0','This is the top level test for Reports - Payroll Reports - ClickRedirect. For this to pass all its children must pass.','2021-05-26','','','','',0,'SB_1',NULL,NULL,515,512,'Button - Redirect','Reports - Payroll Reports - ClickRedirect','1900-01-01','00:00:00','False','-'),('Reports - Payslips',519,516,520,517,520,517,520,517,'Reports - Payslips - Text Element','1.0.0','Is the text correct?','2021-05-26','-','-','-','Payslips',0,'SB_1',NULL,NULL,519,516,'Text','Reports - Payslips - Text Element','1900-01-01','00:00:00','False','-'),('Reports - Payslips',519,516,521,518,521,518,521,518,'Reports - Payslips - FaFa','1.0.0','Is it the correct FaFa?','2021-05-26','-','-','-','FaFa-EMPTY',0,'SB_1',NULL,NULL,519,516,'FaFa','Reports - Payslips - FaFa','1900-01-01','00:00:00','False','-'),('Reports - Payslips',519,516,522,519,522,519,522,519,'Top Level of: Reports - Payslips - ClickRedirect','1.0.0','This is the top level test for Reports - Payslips - ClickRedirect. For this to pass all its children must pass.','2021-05-26','','','','',0,'SB_1',NULL,NULL,519,516,'Button - Redirect','Reports - Payslips - ClickRedirect','1900-01-01','00:00:00','False','-'),('Reports - Direct Credits',523,520,524,521,524,521,524,521,'Reports - Direct Credits - Text Element','1.0.0','Is the text correct?','2021-05-26','-','-','-','Direct Credits',0,'SB_1',NULL,NULL,523,520,'Text','Reports - Direct Credits - Text Element','1900-01-01','00:00:00','False','-'),('Reports - Direct Credits',523,520,525,522,525,522,525,522,'Reports - Direct Credits - FaFa','1.0.0','Is it the correct FaFa?','2021-05-26','-','-','-','FaFa-EMPTY',0,'SB_1',NULL,NULL,523,520,'FaFa','Reports - Direct Credits - FaFa','1900-01-01','00:00:00','False','-'),('Reports - Direct Credits',523,520,526,523,526,523,526,523,'Top Level of: Reports - Direct Credits - ClickRedirect','1.0.0','This is the top level test for Reports - Direct Credits - ClickRedirect. For this to pass all its children must pass.','2021-05-26','','','','',0,'SB_1',NULL,NULL,523,520,'Button - Redirect','Reports - Direct Credits - ClickRedirect','1900-01-01','00:00:00','False','-'),('Reports - Global Payroll Analysis',527,524,528,525,528,525,528,525,'Reports - Global Payroll Analysis - Text Element','1.0.0','Is the text correct?','2021-05-26','-','-','-','Global Payroll Analysis',0,'SB_1',NULL,NULL,527,524,'Text','Reports - Global Payroll Analysis - Text Element','1900-01-01','00:00:00','False','-'),('Reports - Global Payroll Analysis',527,524,529,526,529,526,529,526,'Reports - Global Payroll Analysis - FaFa','1.0.0','Is it the correct FaFa?','2021-05-26','-','-','-','FaFa-EMPTY',0,'SB_1',NULL,NULL,527,524,'FaFa','Reports - Global Payroll Analysis - FaFa','1900-01-01','00:00:00','False','-'),('Reports - Global Payroll Analysis',527,524,530,527,530,527,530,527,'Top Level of: Reports - Global Payroll Analysis - ClickRedirect','1.0.0','This is the top level test for Reports - Global Payroll Analysis - ClickRedirect. For this to pass all its children must pass.','2021-05-26','','','','',0,'SB_1',NULL,NULL,527,524,'Button - Redirect','Reports - Global Payroll Analysis - ClickRedirect','1900-01-01','00:00:00','False','-'),('Reports - Cheque Printing',531,528,532,529,532,529,532,529,'Reports - Cheque Printing - Text Element','1.0.0','Is the text correct?','2021-05-26','-','-','-','Cheque Printing',0,'SB_1',NULL,NULL,531,528,'Text','Reports - Cheque Printing - Text Element','1900-01-01','00:00:00','False','-'),('Reports - Cheque Printing',531,528,533,530,533,530,533,530,'Reports - Cheque Printing - FaFa','1.0.0','Is it the correct FaFa?','2021-05-26','-','-','-','FaFa-EMPTY',0,'SB_1',NULL,NULL,531,528,'FaFa','Reports - Cheque Printing - FaFa','1900-01-01','00:00:00','False','-'),('Reports - Cheque Printing',531,528,534,531,534,531,534,531,'Top Level of: Reports - Cheque Printing - ClickRedirect','1.0.0','This is the top level test for Reports - Cheque Printing - ClickRedirect. For this to pass all its children must pass.','2021-05-26','','','','',0,'SB_1',NULL,NULL,531,528,'Button - Redirect','Reports - Cheque Printing - ClickRedirect','1900-01-01','00:00:00','False','-'),('Reports - Adjustments Reports',535,532,536,533,536,533,536,533,'Reports - Adjustments Reports - Text Element','1.0.0','Is the text correct?','2021-05-26','-','-','-','Adjustments Reports',0,'SB_1',NULL,NULL,535,532,'Text','Reports - Adjustments Reports - Text Element','1900-01-01','00:00:00','False','-'),('Reports - Adjustments Reports',535,532,537,534,537,534,537,534,'Reports - Adjustments Reports - FaFa','1.0.0','Is it the correct FaFa?','2021-05-26','-','-','-','FaFa-EMPTY',0,'SB_1',NULL,NULL,535,532,'FaFa','Reports - Adjustments Reports - FaFa','1900-01-01','00:00:00','False','-'),('Reports - Adjustments Reports',535,532,538,535,538,535,538,535,'Top Level of: Reports - Adjustments Reports - ClickRedirect','1.0.0','This is the top level test for Reports - Adjustments Reports - ClickRedirect. For this to pass all its children must pass.','2021-05-26','','','','',0,'SB_1',NULL,NULL,535,532,'Button - Redirect','Reports - Adjustments Reports - ClickRedirect','1900-01-01','00:00:00','False','-'),('Reports - HR Related Reports',539,536,540,537,540,537,540,537,'Reports - HR Related Reports - Text Element','1.0.0','Is the text correct?','2021-05-26','-','-','-','HR Related Reports',0,'SB_1',NULL,NULL,539,536,'Text','Reports - HR Related Reports - Text Element','1900-01-01','00:00:00','False','-'),('Reports - HR Related Reports',539,536,541,538,541,538,541,538,'Reports - HR Related Reports - FaFa','1.0.0','Is it the correct FaFa?','2021-05-26','-','-','-','FaFa-EMPTY',0,'SB_1',NULL,NULL,539,536,'FaFa','Reports - HR Related Reports - FaFa','1900-01-01','00:00:00','False','-'),('Reports - HR Related Reports',539,536,542,539,542,539,542,539,'Top Level of: Reports - HR Related Reports - ClickRedirect','1.0.0','This is the top level test for Reports - HR Related Reports - ClickRedirect. For this to pass all its children must pass.','2021-05-26','','','','',0,'SB_1',NULL,NULL,539,536,'Button - Redirect','Reports - HR Related Reports - ClickRedirect','1900-01-01','00:00:00','False','-'),('Reports - Absence Related Reports',543,540,544,541,544,541,544,541,'Reports - Absence Related Reports - Text Element','1.0.0','Is the text correct?','2021-05-26','-','-','-','Absence Related Reports',0,'SB_1',NULL,NULL,543,540,'Text','Reports - Absence Related Reports - Text Element','1900-01-01','00:00:00','False','-'),('Reports - Absence Related Reports',543,540,545,542,545,542,545,542,'Reports - Absence Related Reports - FaFa','1.0.0','Is it the correct FaFa?','2021-05-26','-','-','-','FaFa-EMPTY',0,'SB_1',NULL,NULL,543,540,'FaFa','Reports - Absence Related Reports - FaFa','1900-01-01','00:00:00','False','-'),('Reports - Absence Related Reports',543,540,546,543,546,543,546,543,'Top Level of: Reports - Absence Related Reports - ClickRedirect','1.0.0','This is the top level test for Reports - Absence Related Reports - ClickRedirect. For this to pass all its children must pass.','2021-05-26','','','','',0,'SB_1',NULL,NULL,543,540,'Button - Redirect','Reports - Absence Related Reports - ClickRedirect','1900-01-01','00:00:00','False','-'),('Bulk Updates - COLA Salary Updates',547,544,548,545,548,545,548,545,'Bulk Updates - COLA Salary Updates - Text Element','1.0.0','Is the text correct?','2021-05-26','-','-','-','COLA Salary Updates',0,'SB_1',NULL,NULL,547,544,'Text','Bulk Updates - COLA Salary Updates - Text Element','1900-01-01','00:00:00','False','-'),('Bulk Updates - COLA Salary Updates',547,544,549,546,549,546,549,546,'Bulk Updates - COLA Salary Updates - FaFa','1.0.0','Is it the correct FaFa?','2021-05-26','-','-','-','FaFa-EMPTY',0,'SB_1',NULL,NULL,547,544,'FaFa','Bulk Updates - COLA Salary Updates - FaFa','1900-01-01','00:00:00','False','-'),('Bulk Updates - COLA Salary Updates',547,544,550,547,550,547,550,547,'Top Level of: Bulk Updates - COLA Salary Updates - ClickRedirect','1.0.0','This is the top level test for Bulk Updates - COLA Salary Updates - ClickRedirect. For this to pass all its children must pass.','2021-05-26','','','','',0,'SB_1',NULL,NULL,547,544,'Button - Redirect','Bulk Updates - COLA Salary Updates - ClickRedirect','1900-01-01','00:00:00','False','-'),('Bulk Updates - Employee Creation',551,548,552,549,552,549,552,549,'Bulk Updates - Employee Creation - Text Element','1.0.0','Is the text correct?','2021-05-26','-','-','-','Employee Creation',0,'SB_1',NULL,NULL,551,548,'Text','Bulk Updates - Employee Creation - Text Element','1900-01-01','00:00:00','False','-'),('Bulk Updates - Employee Creation',551,548,553,550,553,550,553,550,'Bulk Updates - Employee Creation - FaFa','1.0.0','Is it the correct FaFa?','2021-05-26','-','-','-','FaFa-EMPTY',0,'SB_1',NULL,NULL,551,548,'FaFa','Bulk Updates - Employee Creation - FaFa','1900-01-01','00:00:00','False','-'),('Bulk Updates - Employee Creation',551,548,554,551,554,551,554,551,'Top Level of: Bulk Updates - Employee Creation - ClickRedirect','1.0.0','This is the top level test for Bulk Updates - Employee Creation - ClickRedirect. For this to pass all its children must pass.','2021-05-26','','','','',0,'SB_1',NULL,NULL,551,548,'Button - Redirect','Bulk Updates - Employee Creation - ClickRedirect','1900-01-01','00:00:00','False','-'),('Form - Save - Header',141,141,142,142,142,142,142,142,'Form - Save - Title','1.0.0','Should display the title of the save form','2021-05-19','-','-','-','Save Changes',0,'SB_1',NULL,NULL,141,141,'Modal Title','Form - Save - Title','1900-01-01','00:00:00','False','-'),('Form - Save - Footer',144,144,145,145,145,145,145,145,'Top Level of: Button Ok','1.0.0','This is the top level test for Button Ok. For this to pass all its children must pass.','2021-05-19','','','','',0,'SB_1',NULL,NULL,144,144,'Button - Function','Button Ok','1900-01-01','00:00:00','False','-'),('Form - Save - Footer',144,144,146,146,146,146,146,146,'Top Level of: Button Cancel','1.0.0','This is the top level test for Button Cancel. For this to pass all its children must pass.','2021-05-19','','','','',0,'SB_1',NULL,NULL,144,144,'Button - Function','Button Cancel','1900-01-01','00:00:00','False','-'),('Employee Reports - Employee Basic Details',158,158,161,161,161,161,161,161,'Employee Reports - Employee Basic Details Title','1.0.0','Is the title text correct?','2021-05-24','Data Out','-','-','-',0,'SB_1',NULL,NULL,158,158,'Card Title','Employee Reports - Employee Basic Details Title','1900-01-01','00:00:00','False','-'),('Employee Reports - Employee Basic Details',158,158,159,159,159,159,159,159,'Top Level of: Employee Reports - Employee Basic Details Header','1.0.0','This is the top level test for Employee Reports - Employee Basic Details Header. For this to pass all its children must pass.','2021-05-24','','','','',0,'SB_1',NULL,NULL,158,158,'Element Header','Employee Reports - Employee Basic Details Header','1900-01-01','00:00:00','False','-'),('Employee Reports - Employee Basic Details',158,158,160,160,160,160,160,160,'Top Level of: Employee Reports - Employee Basic Details Body','1.0.0','This is the top level test for Employee Reports - Employee Basic Details Body. For this to pass all its children must pass.','2021-05-24','','','','',0,'SB_1',NULL,NULL,158,158,'Card Body','Employee Reports - Employee Basic Details Body','1900-01-01','00:00:00','False','-'),('Employee Reports - Employee Basic Details (Grid View)',162,162,165,165,165,165,165,165,'Employee Reports - Employee Basic Details (Grid View) - Card Title','1.0.0','Is the title text correct?','2021-05-24','-','-','-','-',0,'SB_1',NULL,NULL,162,162,'Card Title','Employee Reports - Employee Basic Details (Grid View) - Card Title','1900-01-01','00:00:00','False','-'),('Employee Reports - Employee Basic Details (Grid View)',162,162,163,163,163,163,163,163,'Top Level of: Employee Reports - Employee Basic Details (Grid View) - Card Header','1.0.0','This is the top level test for Employee Reports - Employee Basic Details (Grid View) - Card Header. For this to pass all its children must pass.','2021-05-24','','','','',0,'SB_1',NULL,NULL,162,162,'Element Header','Employee Reports - Employee Basic Details (Grid View) - Card Header','1900-01-01','00:00:00','False','-'),('Employee Reports - Employee Basic Details (Grid View)',162,162,164,164,164,164,164,164,'Top Level of: Employee Reports - Employee Basic Details (Grid View) - Card Body','1.0.0','This is the top level test for Employee Reports - Employee Basic Details (Grid View) - Card Body. For this to pass all its children must pass.','2021-05-24','','','','',0,'SB_1',NULL,NULL,162,162,'Card Body','Employee Reports - Employee Basic Details (Grid View) - Card Body','1900-01-01','00:00:00','False','-'),('Payroll Reports - Payroll Statistics - Gross/Tax/NI Body',170,170,172,172,172,172,172,172,'Top Level of: Payroll Reports - Payroll Statistics - Extras Breakdown Report','1.0.0','This is the top level test for Payroll Reports - Payroll Statistics - Extras Breakdown Report. For this to pass all its children must pass.','2021-05-24','','','','',0,'SB_1',NULL,NULL,170,170,'Card Element','Payroll Reports - Payroll Statistics - Extras Breakdown Report','1900-01-01','00:00:00','False','-'),('Payroll Reports - Element Header',229,229,230,230,230,230,230,230,'Payroll Reports - Element Header - FaFa','1.0.0','Is it the correct FaFa?','2021-05-24','-','-','-','fa-fa-star',0,'SB_1',NULL,NULL,229,229,'FaFa','Payroll Reports - Element Header - FaFa','1900-01-01','00:00:00','False','-'),('Payroll Reports - Payroll - Extras Breakdown by Cost Center - Card Header',177,177,235,235,235,235,235,235,'Payroll Reports - Payroll - Extras Breakdown by Cost Center - Card Header - FaFa','1.0.0','Is it the correct FaFa?','2021-05-24','-','-','-','fa-fa-star',0,'SB_1',NULL,NULL,177,177,'FaFa','Payroll Reports - Payroll - Extras Breakdown by Cost Center - Card Header - FaFa','1900-01-01','00:00:00','False','-'),('Payroll Reports - Payroll - Allowances Breakdown - Element Header',181,181,237,237,237,237,237,237,'Payroll Reports - Payroll - Allowances Breakdown - Card Header - FaFa','1.0.0','Is it the correct FaFa?','2021-05-24','-','-','-','fa-fa-star',0,'SB_1',NULL,NULL,181,181,'FaFa','Payroll Reports - Payroll - Allowances Breakdown - Card Header - FaFa','1900-01-01','00:00:00','False','-'),('Payroll Reports - Payroll - Allowances Breakdown - Element Header',181,181,182,182,182,182,182,182,'Top Level of: Payroll Reports - Payroll - Allowances Breakdown - Card Body','1.0.0','This is the top level test for Payroll Reports - Payroll - Allowances Breakdown - Card Body. For this to pass all its children must pass.','2021-05-24','','','','',0,'SB_1',NULL,NULL,181,181,'Card Body','Payroll Reports - Payroll - Allowances Breakdown - Card Body','1900-01-01','00:00:00','False','-'),('Payroll Reports - Payroll Statistics - Bank Cash Payments - Element Header',185,185,239,239,239,239,239,239,'Payroll Reports - Payroll Statistics - Bank Cash Payments - Element Header - FaFa','1.0.0','Is it the correct FaFa?','2021-05-24','-','-','-','fa-fa-star',0,'SB_1',NULL,NULL,185,185,'FaFa','Payroll Reports - Payroll Statistics - Bank Cash Payments - Element Header - FaFa','1900-01-01','00:00:00','False','-'),('Payroll Reports - Payroll Statistics - Bank Cash Payments - Element Header',185,185,186,186,186,186,186,186,'Top Level of: Payroll Reports - Payroll Statistics - Bank Cash Payments - Card Body','1.0.0','This is the top level test for Payroll Reports - Payroll Statistics - Bank Cash Payments - Card Body. For this to pass all its children must pass.','2021-05-24','','','','',0,'SB_1',NULL,NULL,185,185,'Card Body','Payroll Reports - Payroll Statistics - Bank Cash Payments - Card Body','1900-01-01','00:00:00','False','-'),('Payroll Reports - Payroll Statistics - Unions - Element Header',189,189,241,241,241,241,241,241,'Payroll Reports - Payroll Statistics - Unions - Element Header - FaFa','1.0.0','Is it the correct FaFa?','2021-05-24','-','-','-','fa-fa-star',0,'SB_1',NULL,NULL,189,189,'FaFa','Payroll Reports - Payroll Statistics - Unions - Element Header - FaFa','1900-01-01','00:00:00','False','-'),('User Avatar - Dropdown Menu - Header - Media Object Body',316,316,318,318,318,318,318,318,'Media Body - Header','1.0.0','Is the header text correct?','2021-05-25','-','-','-','VARIABLE',0,'SB_1',NULL,NULL,316,316,'Header 5','Media Body - Header','1900-01-01','00:00:00','False','-'),('User Avatar - Dropdown Menu - Header - Media Object Body',316,316,319,319,319,319,319,319,'Media Body - Text','1.0.0','Is the text correct?','2021-05-25','-','-','-','VARIABLE',0,'SB_1',NULL,NULL,316,316,'Text','Media Body - Text','1900-01-01','00:00:00','False','-'),('User Avatar - Dropdown Menu - Header - Media Object Body',316,316,320,320,320,320,320,320,'Media Body - Text','1.0.0','Is the text correct?','2021-05-25','-','-','-','VARIABLE',0,'SB_1',NULL,NULL,316,316,'Text','Media Body - Text','1900-01-01','00:00:00','False','-'),('Employee Reports - Employee Basic Details Header',159,159,223,223,223,223,223,223,'Employee Reports - Employee Basic Details Header - FaFa','1.0.0','Is it the correct FaFa?','2021-05-24','-','-','-','fa-fa-star',0,'SB_1',NULL,NULL,159,159,'FaFa','Employee Reports - Employee Basic Details Header - FaFa','1900-01-01','00:00:00','False','-'),('Employee Reports - Employee Basic Details (Grid View) - Card Header',163,163,225,225,225,225,225,225,'Employee Reports - Employee Basic Details (Grid View) - Card Header - FaFa','1.0.0','Is it the correct FaFa?','2021-05-24','-','-','-','fa-fa-star',0,'SB_1',NULL,NULL,163,163,'FaFa','Employee Reports - Employee Basic Details (Grid View) - Card Header - FaFa','1900-01-01','00:00:00','False','-');
/*!40000 ALTER TABLE `tbl_test_suite_has_child_suites_for_test_run` ENABLE KEYS */;
UNLOCK TABLES;

--
-- Table structure for table `temp_test_in_test_run`
--

DROP TABLE IF EXISTS `temp_test_in_test_run`;
/*!40101 SET @saved_cs_client     = @@character_set_client */;
 SET character_set_client = utf8mb4 ;
CREATE TABLE `temp_test_in_test_run` (
  `test_suite_name` varchar(250) DEFAULT NULL,
  `test_suite_row_id` int(10) unsigned NOT NULL,
  `test_suite_id` int(10) unsigned NOT NULL,
  `parent_id` int(10) unsigned DEFAULT NULL,
  `parent_test_suite_id` int(10) unsigned DEFAULT NULL,
  `ts_entity_test_id` int(10) unsigned NOT NULL,
  `entity_test_entity_test_id` int(10) unsigned NOT NULL,
  `entity_test_row_id` int(10) unsigned NOT NULL DEFAULT '0',
  `entity_test_id` int(10) unsigned NOT NULL,
  `entity_id` int(10) unsigned NOT NULL,
  `entity_entity_id` int(10) unsigned NOT NULL,
  `entity_test_name` varchar(200) NOT NULL,
  `version_number` varchar(11) DEFAULT NULL,
  `description` text,
  `created_on` date NOT NULL,
  `test_function` varchar(250) NOT NULL COMMENT 'Value at the start of the test',
  `data_in` varchar(1000) DEFAULT NULL COMMENT 'Expected value at the end of the test',
  `data_out` varchar(1000) DEFAULT NULL COMMENT 'Value from another source',
  `data_expected` varchar(1000) DEFAULT NULL,
  `failure_halts_test` tinyint(4) NOT NULL DEFAULT '0',
  `created_by_employee_id` varchar(45) NOT NULL,
  `last_run_date` date DEFAULT NULL,
  `last_run_time` time DEFAULT NULL,
  `parent_test_row_id` int(10) unsigned DEFAULT NULL,
  `parent_test_id` int(10) unsigned DEFAULT NULL,
  `entity_type_entity_type_name` varchar(45) NOT NULL COMMENT 'The entiry''s parent.\nZero = no parent',
  `entity_name` varchar(100) NOT NULL,
  `last_tested_date` date DEFAULT NULL,
  `last_tested_time` time DEFAULT NULL,
  `has_tool_tip` varchar(5) DEFAULT 'FALSE',
  `tool_tip_text` varchar(500) DEFAULT NULL
) ENGINE=InnoDB DEFAULT CHARSET=utf8;
/*!40101 SET character_set_client = @saved_cs_client */;

--
-- Dumping data for table `temp_test_in_test_run`
--

LOCK TABLES `temp_test_in_test_run` WRITE;
/*!40000 ALTER TABLE `temp_test_in_test_run` DISABLE KEYS */;
INSERT INTO `temp_test_in_test_run` VALUES ('Home Page Top Right Nav Bar',15,15,9,9,16,16,16,16,16,16,'Top Level of: Authorisations','1.0.0','This is the top level test for Authorisations. For this to pass all its children must pass.','2021-05-16','','','','',0,'SB_1','2021-05-17','16:29:00',15,15,'Button - Display','Authorisations','1900-01-01','00:00:00','True','Authorisations'),('Home Page Top Right Nav Bar',15,15,9,9,17,17,17,17,17,17,'Top Level of: Employee Creation Wizard','1.0.0','This is the top level test for Employee Creation Wizard. For this to pass all its children must pass.','2021-05-16','','','','',0,'SB_1','2021-05-17','16:29:05',15,15,'Button - Display','Employee Creation Wizard','2021-05-17','16:29:05','True','Employee Creation'),('Home Page Top Right Nav Bar',15,15,9,9,18,18,18,18,18,18,'Top Level of: Employee CV','1.0.0','This is the top level test for Employee CV. For this to pass all its children must pass.','2021-05-16','','','','',0,'SB_1','2021-05-17','16:29:09',15,15,'Button - Display','Employee CV','2021-05-17','16:29:09','True','Employee CV'),('Home Page Top Right Nav Bar',15,15,9,9,19,19,19,19,19,19,'Top Level of: Employee Grid View','1.0.0','This is the top level test for Employee Grid View. For this to pass all its children must pass.','2021-05-16','','','','',0,'SB_1','2021-05-17','16:29:14',15,15,'Button - Display','Employee Grid View','2021-05-17','16:29:14','True','Employee Grid View'),('Home Page Top Right Nav Bar',15,15,9,9,20,20,20,20,20,20,'Top Level of: Visual Reports','1.0.0','This is the top level test for Visual Reports. For this to pass all its children must pass.','2021-05-16','','','','',0,'SB_1','2021-05-17','16:29:19',15,15,'Button - Display','Visual Reports','2021-05-17','16:29:19','True','Visual Reports'),('Home Page Top Right Nav Bar',15,15,9,9,21,21,21,21,21,21,'Top Level of: Dakar Intelligence','1.0.0','This is the top level test for Dakar Intelligence. For this to pass all its children must pass.','2021-05-16','','','','',0,'SB_1','2021-05-17','16:29:22',15,15,'Button - Display','Dakar Intelligence','2021-05-17','16:29:22','True','Dakar Intelligence'),('Home Page Top Right Nav Bar',15,15,9,9,22,22,22,22,22,22,'Top Level of: Organisation Chart','1.0.0','This is the top level test for Organisation Chart. For this to pass all its children must pass.','2021-05-16','','','','',0,'SB_1','2021-05-17','16:29:31',15,15,'Button - Display','Organisation Chart','2021-05-17','16:29:31','False','-'),('Home Page Top Right Nav Bar',15,15,9,9,23,23,23,23,23,23,'Top Level of: My Company / Last Viewed','1.0.0','This is the top level test for My Company / Last Viewed. For this to pass all its children must pass.','2021-05-16','','','','',0,'SB_1','2021-05-17','16:31:20',15,15,'Button - Display','My Company / Last Viewed','2021-05-17','16:31:20','True','My Company / Last Viewed'),('Home Page Top Right Nav Bar',15,15,9,9,24,24,24,24,24,24,'Top Level of: All Notifications','1.0.0','This is the top level test for All Notifications. For this to pass all its children must pass.','2021-05-16','','','','',0,'SB_1','2021-05-17','16:31:26',15,15,'Button - Display','All Notifications','2021-05-17','16:31:26','True','Notifications'),('Home Page Top Right Nav Bar',15,15,9,9,25,25,25,25,25,25,'Top Level of: New Employments','1.0.0','This is the top level test for New Employments. For this to pass all its children must pass.','2021-05-16','','','','',0,'SB_1','2021-05-17','16:31:32',15,15,'Button - Display','New Employments','2021-05-17','16:31:32','True','New Employments'),('Home Page Top Right Nav Bar',15,15,9,9,26,26,26,26,26,26,'Top Level of: Terminations','1.0.0','This is the top level test for Terminations. For this to pass all its children must pass.','2021-05-16','','','','',0,'SB_1','2021-05-17','16:31:34',15,15,'Button - Display','Terminations','2021-05-17','16:31:34','True','Terminations'),('Home Page Top Right Nav Bar',15,15,9,9,27,27,27,27,27,27,'Top Level of: Quick Links','1.0.0','This is the top level test for Quick Links. For this to pass all its children must pass.','2021-05-16','','','','',0,'SB_1','2021-05-17','16:31:43',15,15,'Button - Display','Quick Links','2021-05-17','16:31:43','True','Quick Links'),('Home Page Top Right Nav Bar',15,15,9,9,28,28,28,28,28,28,'Top Level of: User Avatar','1.0.0','This is the top level test for User Avatar. For this to pass all its children must pass.','2021-05-16','','','','',0,'SB_1','2021-05-17','16:32:09',15,15,'Button - Display','User Avatar','1900-01-01','00:00:00','True','User'),('Home Page Top Right Nav Bar',15,15,9,9,280,280,280,280,280,280,'Top Level of: User Management','1.0.0','This is the top level test for User Management. For this to pass all its children must pass.','2021-05-25','','','','',0,'SB_1',NULL,NULL,15,15,'NavLink','User Management','1900-01-01','00:00:00','True','User Management'),('Home Page Top Right Nav Bar',15,15,9,9,293,293,293,293,293,293,'Top Level of: Quick Links - Payroll','1.0.0','This is the top level test for Quick Links - Payroll. For this to pass all its children must pass.','2021-05-25','','','','',0,'SB_1',NULL,NULL,15,15,'NavPill','Quick Links - Payroll','1900-01-01','00:00:00','True','Quick Links'),('Authorisations',16,16,15,15,42,42,42,42,42,42,'Top Level of: Authorisations Form','1.0.0','This is the top level test for Authorisations Form. For this to pass all its children must pass.','2021-05-17','','','','',0,'SB_1',NULL,NULL,16,16,'Form','Authorisations Form','1900-01-01','00:00:00','False','-'),('Employee Creation Wizard',17,17,15,15,106,106,106,106,106,106,'Top Level of: Employee Creation Wizard','1.0.0','This is the top level test for Employee Creation Wizard. For this to pass all its children must pass.','2021-05-18','','','','',0,'SB_1',NULL,NULL,17,17,'Form','Employee Creation Wizard','1900-01-01','00:00:00','False','-'),('Employee CV',18,18,15,15,108,108,108,108,108,108,'Top Level of: Employee CV','1.0.0','This is the top level test for Employee CV. For this to pass all its children must pass.','2021-05-19','','','','',0,'SB_1',NULL,NULL,18,18,'Form','Employee CV','1900-01-01','00:00:00','False','-'),('Employee Grid View',19,19,15,15,148,148,148,148,148,148,'Top Level of: Employee Grid View - Form','1.0.0','This is the top level test for Employee Grid View - Form. For this to pass all its children must pass.','2021-05-20','','','','',0,'SB_1',NULL,NULL,19,19,'Form','Employee Grid View - Form','1900-01-01','00:00:00','False','-'),('Visual Reports',20,20,15,15,149,149,149,149,149,149,'Top Level of: Visual Reports - Form','1.0.0','This is the top level test for Visual Reports - Form. For this to pass all its children must pass.','2021-05-24','','','','',0,'SB_1',NULL,NULL,20,20,'Form','Visual Reports - Form','1900-01-01','00:00:00','False','-'),('Dakar Intelligence',21,21,15,15,150,150,150,150,150,150,'Top Level of: Dakar Intelligence - Form','1.0.0','This is the top level test for Dakar Intelligence - Form. For this to pass all its children must pass.','2021-05-24','','','','',0,'SB_1',NULL,NULL,21,21,'Form','Dakar Intelligence - Form','1900-01-01','00:00:00','False','-'),('My Company / Last Viewed',23,23,15,15,252,252,252,252,252,252,'Top Level of: My Company / Last Viewed - DropdownMenu','1.0.0','This is the top level test for My Company / Last Viewed - DropdownMenu. For this to pass all its children must pass.','2021-05-25','','','','',0,'SB_1',NULL,NULL,23,23,'JSDropdownMenu','My Company / Last Viewed - DropdownMenu','1900-01-01','00:00:00','False','-'),('All Notifications',24,24,15,15,262,262,262,262,262,262,'Top Level of: All Notifications - DropdownMenu','1.0.0','This is the top level test for All Notifications - DropdownMenu. For this to pass all its children must pass.','2021-05-25','','','','',0,'SB_1',NULL,NULL,24,24,'JSDropdownMenu','All Notifications - DropdownMenu','1900-01-01','00:00:00','False','-'),('New Employments',25,25,15,15,274,274,274,274,274,274,'Top Level of: New Employments - DropdownMenu','1.0.0','This is the top level test for New Employments - DropdownMenu. For this to pass all its children must pass.','2021-05-25','','','','',0,'SB_1',NULL,NULL,25,25,'JSDropdownMenu','New Employments - DropdownMenu','1900-01-01','00:00:00','False','-'),('Terminations',26,26,15,15,277,277,277,277,277,277,'Top Level of: Terminations - DropdownMenu','1.0.0','This is the top level test for Terminations - DropdownMenu. For this to pass all its children must pass.','2021-05-25','','','','',0,'SB_1',NULL,NULL,26,26,'JSDropdownMenu','Terminations - DropdownMenu','1900-01-01','00:00:00','False','-'),('User Avatar',28,28,15,15,312,312,312,312,312,312,'Top Level of: User Avatar - Dropdwon Menu','1.0.0','This is the top level test for User Avatar - Dropdwon Menu. For this to pass all its children must pass.','2021-05-25','','','','',0,'SB_1',NULL,NULL,28,28,'JSDropdownMenu','User Avatar - Dropdwon Menu','1900-01-01','00:00:00','False','-'),('User Management',280,280,15,15,283,283,283,283,283,283,'User Management - FaFa','1.0.0','Is it the correct FaFa?','2021-05-25','-','-','-','fa-fa-user-circle-o',0,'SB_1',NULL,NULL,280,280,'FaFa','User Management - FaFa','1900-01-01','00:00:00','False','-'),('User Management',280,280,15,15,284,284,284,284,284,284,'Top Level of: User Management - Dropdown Menu','1.0.0','This is the top level test for User Management - Dropdown Menu. For this to pass all its children must pass.','2021-05-25','','','','',0,'SB_1',NULL,NULL,280,280,'JSDropdownMenu','User Management - Dropdown Menu','1900-01-01','00:00:00','False','-'),('Quick Links - Payroll',293,293,15,15,294,294,294,294,294,294,'Quick Links - FaFa','1.0.0','Is it the correct FaFa?','2021-05-25','-','-','-','fa-fa-folder-open-o',0,'SB_1',NULL,NULL,293,293,'FaFa','Quick Links - FaFa','1900-01-01','00:00:00','False','-'),('Quick Links - Payroll',293,293,15,15,295,295,295,295,295,295,'Top Level of: Quick Links - Dropdown Menu - Header','1.0.0','This is the top level test for Quick Links - Dropdown Menu - Header. For this to pass all its children must pass.','2021-05-25','','','','',0,'SB_1',NULL,NULL,293,293,'JSDropdownMenuHeader','Quick Links - Dropdown Menu - Header','1900-01-01','00:00:00','False','-'),('Quick Links - Payroll',293,293,15,15,297,297,297,297,297,297,'Top Level of: Quick Links - Grid','1.0.0','This is the top level test for Quick Links - Grid. For this to pass all its children must pass.','2021-05-25','','','','',0,'SB_1',NULL,NULL,293,293,'QLGrid','Quick Links - Grid','1900-01-01','00:00:00','False','-'),('Authorisations Form',42,42,16,16,43,43,43,43,43,43,'Company','1.0.0','TODO - Enter Description','2021-05-17','-','-','-','Company',0,'SB_1',NULL,NULL,42,42,'Label','Company','1900-01-01','00:00:00','False','-'),('Authorisations Form',42,42,16,16,44,44,44,44,44,44,'Company Combo','1.0.0','TODO - Enter Description','2021-05-17','Peform function based on value','-','-','Mars Northern Products Ltd~Mars Incorporated Ltd',0,'SB_1',NULL,NULL,42,42,'Combo','Company Combo','1900-01-01','00:00:00','False','-'),('Authorisations Form',42,42,16,16,45,45,45,45,45,45,'Grouping View ','1.0.0','TODO - Enter Description','2021-05-17','-','-','-','Grouping View ',0,'SB_1',NULL,NULL,42,42,'Label','Grouping View ','1900-01-01','00:00:00','False','-'),('Authorisations Form',42,42,16,16,46,46,46,46,46,46,'Grouping View Combo','1.0.0','TODO - Enter Description','2021-05-17','Peform function based on value','-','-','Authorisation Group A~GROUP B~General Group~View All Groups',0,'SB_1',NULL,NULL,42,42,'Combo','Grouping View Combo','1900-01-01','00:00:00','False','-'),('Authorisations Form',42,42,16,16,47,47,47,47,47,47,'Top Level of: Accept Criteria','1.0.0','This is the top level test for Accept Criteria. For this to pass all its children must pass.','2021-05-17','','','','',0,'SB_1',NULL,NULL,42,42,'Button - Function','Accept Criteria','1900-01-01','00:00:00','False','-'),('Authorisations Form',42,42,16,16,48,48,48,48,48,48,'Top Level of: Authorisations Grid','1.0.0','This is the top level test for Authorisations Grid. For this to pass all its children must pass.','2021-05-17','','','','',0,'SB_1',NULL,NULL,42,42,'Grid','Authorisations Grid','1900-01-01','00:00:00','False','-'),('Employee Creation Wizard',106,106,17,17,107,107,107,107,107,107,'Employee Creation Wizard - Title','1.0.0','Is the title correct','2021-05-18','-','-','-','Employee Creation Wizard',0,'SB_1',NULL,NULL,106,106,'Titlebar','Employee Creation Wizard - Title','1900-01-01','00:00:00','False','-'),('Employee Creation Wizard',106,106,17,17,49,49,49,49,49,49,'Top Level of: Employee Creation Wizard - Step 1','1.0.0','This is the top level test for Employee Creation Wizard - Step 1. For this to pass all its children must pass.','2021-05-18','','','','',0,'SB_1',NULL,NULL,106,106,'Function','Employee Creation Wizard - Step 1','1900-01-01','00:00:00','False','-'),('Employee Creation Wizard',106,106,17,17,61,61,61,61,61,61,'Top Level of: Employee Creation Wizard - Step 2','1.0.0','This is the top level test for Employee Creation Wizard - Step 2. For this to pass all its children must pass.','2021-05-18','','','','',0,'SB_1',NULL,NULL,106,106,'Function','Employee Creation Wizard - Step 2','1900-01-01','00:00:00','False','-'),('Employee Creation Wizard',106,106,17,17,73,73,73,73,73,73,'Top Level of: Employee Creation Wizard - Step 3','1.0.0','This is the top level test for Employee Creation Wizard - Step 3. For this to pass all its children must pass.','2021-05-18','','','','',0,'SB_1',NULL,NULL,106,106,'Function','Employee Creation Wizard - Step 3','1900-01-01','00:00:00','False','-'),('Employee Creation Wizard',106,106,17,17,86,86,86,86,86,86,'Top Level of: Employee Creation Wizard - Step 4','1.0.0','This is the top level test for Employee Creation Wizard - Step 4. For this to pass all its children must pass.','2021-05-18','','','','',0,'SB_1',NULL,NULL,106,106,'Function','Employee Creation Wizard - Step 4','1900-01-01','00:00:00','False','-'),('Employee Creation Wizard',106,106,17,17,96,96,96,96,96,96,'Top Level of: Employee Creation Wizard - Step 5','1.0.0','This is the top level test for Employee Creation Wizard - Step 5. For this to pass all its children must pass.','2021-05-18','','','','',0,'SB_1',NULL,NULL,106,106,'Function','Employee Creation Wizard - Step 5','1900-01-01','00:00:00','False','-'),('Employee CV',108,108,18,18,109,109,109,109,109,109,'Employee CV - Title','1.0.0','Should display title','2021-05-19','-','-','-','Employee Payroll CV',0,'SB_1',NULL,NULL,108,108,'Titlebar','Employee CV - Title','1900-01-01','00:00:00','False','-'),('Employee CV',108,108,18,18,110,110,110,110,110,110,'Company - Label','1.0.0','Should display label value','2021-05-19','-','-','-','Company',0,'SB_1',NULL,NULL,108,108,'Label','Company - Label','1900-01-01','00:00:00','False','-'),('Employee CV',108,108,18,18,111,111,111,111,111,111,'Company - List','1.0.0','Should be able to choose from a populated list','2021-05-19','Display data','-','-','Mars Northern Products Ltd~Mars Incorporated Ltd',0,'SB_1',NULL,NULL,108,108,'List','Company - List','1900-01-01','00:00:00','False','-'),('Employee CV',108,108,18,18,112,112,112,112,112,112,'Paygroup - Label','1.0.0','Should display label value','2021-05-19','-','-','-','Paygroup',0,'SB_1',NULL,NULL,108,108,'Label','Paygroup - Label','1900-01-01','00:00:00','False','-'),('Employee CV',108,108,18,18,113,113,113,113,113,113,'Paygroup - List','1.0.0','Should be able to choose from a populated list','2021-05-19','Display data','-','-','Monthly Paygroup',0,'SB_1',NULL,NULL,108,108,'List','Paygroup - List','1900-01-01','00:00:00','False','-'),('Employee CV',108,108,18,18,114,114,114,114,114,114,'Employee - Label','1.0.0','Should display label value','2021-05-19','-','-','-','Employees',0,'SB_1',NULL,NULL,108,108,'Label','Employee - Label','1900-01-01','00:00:00','False','-'),('Employee CV',108,108,18,18,115,115,115,115,115,115,'Employee - List','1.0.0','Should be able to choose from a populated list','2021-05-19','Display data','-','-','#INF#',0,'SB_1',NULL,NULL,108,108,'List','Employee - List','1900-01-01','00:00:00','False','-'),('Employee CV',108,108,18,18,116,116,116,116,116,116,'Top Level of: Accept Criteria','1.0.0','This is the top level test for Accept Criteria. For this to pass all its children must pass.','2021-05-19','','','','',0,'SB_1',NULL,NULL,108,108,'Button - Function','Accept Criteria','1900-01-01','00:00:00','False','-'),('Employee CV',108,108,18,18,118,118,118,118,118,118,'Top Level of: Bio Info','1.0.0','This is the top level test for Bio Info. For this to pass all its children must pass.','2021-05-19','','','','',0,'SB_1',NULL,NULL,108,108,'Container','Bio Info','1900-01-01','00:00:00','False','-'),('Employee CV',108,108,18,18,128,128,128,128,128,128,'Top Level of: Accordion - CV','1.0.0','This is the top level test for Accordion - CV. For this to pass all its children must pass.','2021-05-19','','','','',0,'SB_1',NULL,NULL,108,108,'Accordion','Accordion - CV','1900-01-01','00:00:00','False','-'),('Employee CV',108,108,18,18,139,139,139,139,139,139,'Top Level of: Save','1.0.0','This is the top level test for Save. For this to pass all its children must pass.','2021-05-19','','','','',0,'SB_1',NULL,NULL,108,108,'Button - Function','Save','1900-01-01','00:00:00','False','-'),('Employee Grid View - Form',148,148,19,19,147,147,147,147,147,147,'Top Level of: Employee Grid View - Grid','1.0.0','This is the top level test for Employee Grid View - Grid. For this to pass all its children must pass.','2021-05-20','','','','',0,'SB_1',NULL,NULL,148,148,'Grid','Employee Grid View - Grid','1900-01-01','00:00:00','False','-'),('Dakar Intelligence - Form',150,150,21,21,151,151,151,151,151,151,'Top Level of: Employee Reports','1.0.0','This is the top level test for Employee Reports. For this to pass all its children must pass.','2021-05-24','','','','',0,'SB_1',NULL,NULL,150,150,'Card','Employee Reports','1900-01-01','00:00:00','False','-'),('Dakar Intelligence - Form',150,150,21,21,166,166,166,166,166,166,'Top Level of: Payroll Reports','1.0.0','This is the top level test for Payroll Reports. For this to pass all its children must pass.','2021-05-24','','','','',0,'SB_1',NULL,NULL,150,150,'Card','Payroll Reports','1900-01-01','00:00:00','False','-'),('My Company / Last Viewed - DropdownMenu',252,252,23,23,253,253,253,253,253,253,'Top Level of: My Company / Last Viewed - DropdownMenu - Header','1.0.0','This is the top level test for My Company / Last Viewed - DropdownMenu - Header. For this to pass all its children must pass.','2021-05-25','','','','',0,'SB_1',NULL,NULL,252,252,'JSDropdownMenuHeader','My Company / Last Viewed - DropdownMenu - Header','1900-01-01','00:00:00','False','-'),('My Company / Last Viewed - DropdownMenu',252,252,23,23,255,255,255,255,255,255,'Top Level of: My Company / Last Viewed - DropdownMenu - Row','1.0.0','This is the top level test for My Company / Last Viewed - DropdownMenu - Row. For this to pass all its children must pass.','2021-05-25','','','','',0,'SB_1',NULL,NULL,252,252,'Row','My Company / Last Viewed - DropdownMenu - Row','1900-01-01','00:00:00','False','-'),('All Notifications - DropdownMenu',262,262,24,24,263,263,263,263,263,263,'Top Level of: All Notifications - DropdownMenu - Header','1.0.0','This is the top level test for All Notifications - DropdownMenu - Header. For this to pass all its children must pass.','2021-05-25','','','','',0,'SB_1',NULL,NULL,262,262,'JSDropdownMenuHeader','All Notifications - DropdownMenu - Header','1900-01-01','00:00:00','False','-'),('All Notifications - DropdownMenu',262,262,24,24,265,265,265,265,265,265,'Top Level of: All Notifications - DropdownMenu - Item 1','1.0.0','This is the top level test for All Notifications - DropdownMenu - Item 1. For this to pass all its children must pass.','2021-05-25','','','','',0,'SB_1',NULL,NULL,262,262,'JSDropdownMenuItem','All Notifications - DropdownMenu - Item 1','1900-01-01','00:00:00','False','-'),('All Notifications - DropdownMenu',262,262,24,24,268,268,268,268,268,268,'Top Level of: All Notifications - DropdownMenu - Item 2','1.0.0','This is the top level test for All Notifications - DropdownMenu - Item 2. For this to pass all its children must pass.','2021-05-25','','','','',0,'SB_1',NULL,NULL,262,262,'JSDropdownMenuItem','All Notifications - DropdownMenu - Item 2','1900-01-01','00:00:00','False','-'),('All Notifications - DropdownMenu',262,262,24,24,271,271,271,271,271,271,'Top Level of: All Notifications - DropdownMenu - Item 3','1.0.0','This is the top level test for All Notifications - DropdownMenu - Item 3. For this to pass all its children must pass.','2021-05-25','','','','',0,'SB_1',NULL,NULL,262,262,'JSDropdownMenuItem','All Notifications - DropdownMenu - Item 3','1900-01-01','00:00:00','False','-'),('New Employments - DropdownMenu',274,274,25,25,275,275,275,275,275,275,'Top Level of: New Employments - DropdownMenu - Header','1.0.0','This is the top level test for New Employments - DropdownMenu - Header. For this to pass all its children must pass.','2021-05-25','','','','',0,'SB_1',NULL,NULL,274,274,'JSDropdownMenuHeader','New Employments - DropdownMenu - Header','1900-01-01','00:00:00','False','-'),('Terminations - DropdownMenu',277,277,26,26,278,278,278,278,278,278,'Top Level of: Terminations - DropdownMenu - Header','1.0.0','This is the top level test for Terminations - DropdownMenu - Header. For this to pass all its children must pass.','2021-05-25','','','','',0,'SB_1',NULL,NULL,277,277,'JSDropdownMenuHeader','Terminations - DropdownMenu - Header','1900-01-01','00:00:00','False','-'),('User Avatar - Dropdwon Menu',312,312,28,28,313,313,313,313,313,313,'Top Level of: User Avatar - Dropdown Menu - Header','1.0.0','This is the top level test for User Avatar - Dropdown Menu - Header. For this to pass all its children must pass.','2021-05-25','','','','',0,'SB_1',NULL,NULL,312,312,'JSDropdownMenuHeader','User Avatar - Dropdown Menu - Header','1900-01-01','00:00:00','False','-'),('User Management - Dropdown Menu',284,284,280,280,285,285,285,285,285,285,'Top Level of: User Management - Dropdown Menu - Header','1.0.0','This is the top level test for User Management - Dropdown Menu - Header. For this to pass all its children must pass.','2021-05-25','','','','',0,'SB_1',NULL,NULL,284,284,'JSDropdownMenuHeader','User Management - Dropdown Menu - Header','1900-01-01','00:00:00','False','-'),('User Management - Dropdown Menu',284,284,280,280,287,287,287,287,287,287,'Top Level of: User Management - DropdownMenu - Item 1','1.0.0','This is the top level test for User Management - DropdownMenu - Item 1. For this to pass all its children must pass.','2021-05-25','','','','',0,'SB_1',NULL,NULL,284,284,'JSDropdownMenuItem','User Management - DropdownMenu - Item 1','1900-01-01','00:00:00','False','-'),('User Management - Dropdown Menu',284,284,280,280,290,290,290,290,290,290,'Top Level of: Group Authorisations - DropdownMenu - Item 2','1.0.0','This is the top level test for Group Authorisations - DropdownMenu - Item 2. For this to pass all its children must pass.','2021-05-25','','','','',0,'SB_1',NULL,NULL,284,284,'JSDropdownMenuItem','Group Authorisations - DropdownMenu - Item 2','1900-01-01','00:00:00','False','-'),('Quick Links - Dropdown Menu - Header',295,295,293,293,296,296,296,296,296,296,'Quick Links - Dropdown Menu - Header - Text Element','1.0.0','Is the text correct?','2021-05-25','-','-','-','Quick Links',0,'SB_1',NULL,NULL,295,295,'Text','Quick Links - Dropdown Menu - Header - Text Element','1900-01-01','00:00:00','False','-'),('Quick Links - Grid',297,297,293,293,300,300,300,300,300,300,'Top Level of: Quick Links - Grid- Quick Link Grid Item 1','1.0.0','This is the top level test for Quick Links - Grid- Quick Link Grid Item 1. For this to pass all its children must pass.','2021-05-25','','','','',0,'SB_1',NULL,NULL,297,297,'QLGridItem','Quick Links - Grid- Quick Link Grid Item 1','1900-01-01','00:00:00','False','-'),('Quick Links - Grid',297,297,293,293,303,303,303,303,303,303,'Top Level of: Quick Links - Grid- Quick Link Grid Item 2','1.0.0','This is the top level test for Quick Links - Grid- Quick Link Grid Item 2. For this to pass all its children must pass.','2021-05-25','','','','',0,'SB_1',NULL,NULL,297,297,'QLGridItem','Quick Links - Grid- Quick Link Grid Item 2','1900-01-01','00:00:00','False','-'),('Quick Links - Grid',297,297,293,293,306,306,306,306,306,306,'Top Level of: Quick Links - Grid- Quick Link Grid Item 3','1.0.0','This is the top level test for Quick Links - Grid- Quick Link Grid Item 3. For this to pass all its children must pass.','2021-05-25','','','','',0,'SB_1',NULL,NULL,297,297,'QLGridItem','Quick Links - Grid- Quick Link Grid Item 3','1900-01-01','00:00:00','False','-'),('Quick Links - Grid',297,297,293,293,309,309,309,309,309,309,'Top Level of: Quick Links - Grid- Quick Link Grid Item 4','1.0.0','This is the top level test for Quick Links - Grid- Quick Link Grid Item 4. For this to pass all its children must pass.','2021-05-25','','','','',0,'SB_1',NULL,NULL,297,297,'QLGridItem','Quick Links - Grid- Quick Link Grid Item 4','1900-01-01','00:00:00','False','-'),('Employee Creation Wizard - Step 1',49,49,106,106,101,101,101,101,101,101,'Heading ECW Step 1','1.0.0','Is the heading correct','2021-05-18','-','-','-','Basic Details',0,'SB_1',NULL,NULL,49,49,'Header 3','Heading ECW Step 1','1900-01-01','00:00:00','False','-'),('Employee Creation Wizard - Step 1',49,49,106,106,50,50,50,50,50,50,'Name','1.0.0','Should be able to enter the employee name','2021-05-18','Enter data','TODO - Enter text that should be entered.','-','-',0,'SB_1',NULL,NULL,49,49,'Text In','Name','1900-01-01','00:00:00','False','-'),('Employee Creation Wizard - Step 1',49,49,106,106,51,51,51,51,51,51,'Surname','1.0.0','Should be able to enter the employee surname','2021-05-18','Enter data','TODO - Enter text that should be entered.','-','-',0,'SB_1',NULL,NULL,49,49,'Text In','Surname','1900-01-01','00:00:00','False','-'),('Employee Creation Wizard - Step 1',49,49,106,106,52,52,52,52,52,52,'Identity Card Number','1.0.0','Should be able to enter the employee id card num. Should error if not valid.','2021-05-18','Enter data','TODO - Enter text that should be entered.','-','-',0,'SB_1',NULL,NULL,49,49,'Text In','Identity Card Number','1900-01-01','00:00:00','False','-'),('Employee Creation Wizard - Step 1',49,49,106,106,53,53,53,53,53,53,'Employee Code','1.0.0','Should be able to enter the employee code. Should error if not valid code.','2021-05-18','Enter data','TODO - Enter text that should be entered.','-','-',0,'SB_1',NULL,NULL,49,49,'Text In','Employee Code','1900-01-01','00:00:00','False','-'),('Employee Creation Wizard - Step 1',49,49,106,106,54,54,54,54,54,54,'Address','1.0.0','Should be able to enter the employee address - number','2021-05-18','Enter data','TODO - Enter text that should be entered.','-','-',0,'SB_1',NULL,NULL,49,49,'Text In','Address','1900-01-01','00:00:00','False','-'),('Employee Creation Wizard - Step 1',49,49,106,106,55,55,55,55,55,55,'Street','1.0.0','Should be able to enter the employee address - street','2021-05-18','Enter data','TODO - Enter text that should be entered.','-','-',0,'SB_1',NULL,NULL,49,49,'Text In','Street','1900-01-01','00:00:00','False','-'),('Employee Creation Wizard - Step 1',49,49,106,106,56,56,56,56,56,56,'Post Code','1.0.0','Should be able to enter the employee post code','2021-05-18','Enter data','TODO - Enter text that should be entered.','-','-',0,'SB_1',NULL,NULL,49,49,'Text In','Post Code','1900-01-01','00:00:00','False','-'),('Employee Creation Wizard - Step 1',49,49,106,106,57,57,57,57,57,57,'Select A Town','1.0.0','Should be able to select a town from a populated list','2021-05-18','Display data','-','-','TODO - Enter list of data separated by a ~',0,'SB_1',NULL,NULL,49,49,'List','Select A Town','1900-01-01','00:00:00','False','-'),('Employee Creation Wizard - Step 1',49,49,106,106,58,58,58,58,58,58,'Select A Country','1.0.0','Should be able to select a country','2021-05-18','Display data','-','-','TODO - Enter list of data separated by a ~',0,'SB_1',NULL,NULL,49,49,'List','Select A Country','1900-01-01','00:00:00','False','-'),('Employee Creation Wizard - Step 1',49,49,106,106,59,59,59,59,59,59,'Top Level of: Back','1.0.0','This is the top level test for Back. For this to pass all its children must pass.','2021-05-18','','','','',0,'SB_1',NULL,NULL,49,49,'Button - Function','Back','1900-01-01','00:00:00','False','-'),('Employee Creation Wizard - Step 1',49,49,106,106,60,60,60,60,60,60,'Top Level of: Continue','1.0.0','This is the top level test for Continue. For this to pass all its children must pass.','2021-05-18','','','','',0,'SB_1',NULL,NULL,49,49,'Button - Function','Continue','1900-01-01','00:00:00','False','-'),('Employee Creation Wizard - Step 2',61,61,106,106,102,102,102,102,102,102,'Heading ECW Step 2','1.0.0','Is the heading correct','2021-05-18','-','-','-','Basic Details',0,'SB_1',NULL,NULL,61,61,'Header 3','Heading ECW Step 2','1900-01-01','00:00:00','False','-'),('Employee Creation Wizard - Step 2',61,61,106,106,62,62,62,62,62,62,'Select A Gender','1.0.0','Should be able to select a gender','2021-05-18','Enter data','TODO - Enter text that should be entered.','-','-',0,'SB_1',NULL,NULL,61,61,'Text In','Select A Gender','1900-01-01','00:00:00','False','-'),('Employee Creation Wizard - Step 2',61,61,106,106,63,63,63,63,63,63,'Date Of Birth','1.0.0','Should be able to enter a DOB. Should error if does not make sense','2021-05-18','Enter data','TODO - Enter text that should be entered.','-','-',0,'SB_1',NULL,NULL,61,61,'Text In','Date Of Birth','1900-01-01','00:00:00','False','-'),('Employee Creation Wizard - Step 2',61,61,106,106,64,64,64,64,64,64,'Date Of Employment','1.0.0','Should be able to enter a DOE. Should error if does not make sense','2021-05-18','Enter data','TODO - Enter text that should be entered.','-','-',0,'SB_1',NULL,NULL,61,61,'Text In','Date Of Employment','1900-01-01','00:00:00','False','-'),('Employee Creation Wizard - Step 2',61,61,106,106,65,65,65,65,65,65,'Tax Number','1.0.0','Should be able to enter a tax number. Should error if does not make sense','2021-05-18','Enter data','TODO - Enter text that should be entered.','-','-',0,'SB_1',NULL,NULL,61,61,'Text In','Tax Number','1900-01-01','00:00:00','False','-'),('Employee Creation Wizard - Step 2',61,61,106,106,66,66,66,66,66,66,'NI Number','1.0.0','Should be able to enter a NI number. Should error if does not make sense','2021-05-18','Enter data','TODO - Enter text that should be entered.','-','-',0,'SB_1',NULL,NULL,61,61,'Text In','NI Number','1900-01-01','00:00:00','False','-'),('Employee Creation Wizard - Step 2',61,61,106,106,67,67,67,67,67,67,'Select A Bank','1.0.0','Should be able to select a bank from the list','2021-05-18','Display data','-','-','TODO - Enter list of data separated by a ~',0,'SB_1',NULL,NULL,61,61,'List','Select A Bank','1900-01-01','00:00:00','False','-'),('Employee Creation Wizard - Step 2',61,61,106,106,68,68,68,68,68,68,'IBAN Number','1.0.0','Should be able to enter an IBAN','2021-05-18','Enter data','TODO - Enter text that should be entered.','-','-',0,'SB_1',NULL,NULL,61,61,'Text In','IBAN Number','1900-01-01','00:00:00','False','-'),('Employee Creation Wizard - Step 2',61,61,106,106,69,69,69,69,69,69,'Email Address','1.0.0','Should be able to enter an email address. Should error if not valid.','2021-05-18','Enter data','TODO - Enter text that should be entered.','-','-',0,'SB_1',NULL,NULL,61,61,'Text In','Email Address','1900-01-01','00:00:00','False','-'),('Employee Creation Wizard - Step 2',61,61,106,106,70,70,70,70,70,70,'Mobile Number','1.0.0','Should be able to enter a mobile number. Should error if not valid.','2021-05-18','Enter data','TODO - Enter text that should be entered.','-','-',0,'SB_1',NULL,NULL,61,61,'Text In','Mobile Number','1900-01-01','00:00:00','False','-'),('Employee Creation Wizard - Step 2',61,61,106,106,71,71,71,71,71,71,'Top Level of: Back','1.0.0','This is the top level test for Back. For this to pass all its children must pass.','2021-05-18','','','','',0,'SB_1',NULL,NULL,61,61,'Button - Function','Back','1900-01-01','00:00:00','False','-'),('Employee Creation Wizard - Step 2',61,61,106,106,72,72,72,72,72,72,'Top Level of: Continue','1.0.0','This is the top level test for Continue. For this to pass all its children must pass.','2021-05-18','','','','',0,'SB_1',NULL,NULL,61,61,'Button - Function','Continue','1900-01-01','00:00:00','False','-'),('Employee Creation Wizard - Step 3',73,73,106,106,103,103,103,103,103,103,'Heading ECW Step 3','1.0.0','Is the heading correct','2021-05-18','-','-','-','Payroll Related Details',0,'SB_1',NULL,NULL,73,73,'Header 3','Heading ECW Step 3','1900-01-01','00:00:00','False','-'),('Employee Creation Wizard - Step 3',73,73,106,106,74,74,74,74,74,74,'Select A Tax Status','1.0.0','Should be able to select a tax status from a populated list.','2021-05-18','Display data','-','-','TODO - Enter list of data separated by a ~',0,'SB_1',NULL,NULL,73,73,'List','Select A Tax Status','1900-01-01','00:00:00','False','-'),('Employee Creation Wizard - Step 3',73,73,106,106,75,75,75,75,75,75,'Select An Employment Type','1.0.0','Should be able to select an employement type from a populated list.','2021-05-18','Display data','-','-','TODO - Enter list of data separated by a ~',0,'SB_1',NULL,NULL,73,73,'List','Select An Employment Type','1900-01-01','00:00:00','False','-'),('Employee Creation Wizard - Step 3',73,73,106,106,76,76,76,76,76,76,'Select Company','1.0.0','Should be able to select a company from a populated list.','2021-05-18','Display data','-','-','TODO - Enter list of data separated by a ~',0,'SB_1',NULL,NULL,73,73,'List','Select Company','1900-01-01','00:00:00','False','-'),('Employee Creation Wizard - Step 3',73,73,106,106,77,77,77,77,77,77,'Select A Paygroup','1.0.0','Should be able to select a paygroup from a populated list.','2021-05-18','Display data','-','-','TODO - Enter list of data separated by a ~',0,'SB_1',NULL,NULL,73,73,'List','Select A Paygroup','1900-01-01','00:00:00','False','-'),('Employee Creation Wizard - Step 3',73,73,106,106,78,78,78,78,78,78,'Select A Department','1.0.0','Should be able to select a department from a populated list.','2021-05-18','Display data','-','-','TODO - Enter list of data separated by a ~',0,'SB_1',NULL,NULL,73,73,'List','Select A Department','1900-01-01','00:00:00','False','-'),('Employee Creation Wizard - Step 3',73,73,106,106,79,79,79,79,79,79,'Select a Schedule','1.0.0','Should be able to select a schedule from a populated list.','2021-05-18','Display data','-','-','TODO - Enter list of data separated by a ~',0,'SB_1',NULL,NULL,73,73,'List','Select a Schedule','1900-01-01','00:00:00','False','-'),('Employee Creation Wizard - Step 3',73,73,106,106,80,80,80,80,80,80,'Full or Part Timer ?','1.0.0','Should be able to select if the emp is full or part time from a populated list.','2021-05-18','Display data','-','-','TODO - Enter list of data separated by a ~',0,'SB_1',NULL,NULL,73,73,'List','Full or Part Timer ?','1900-01-01','00:00:00','False','-'),('Employee Creation Wizard - Step 3',73,73,106,106,81,81,81,81,81,81,'Special Part Timer','1.0.0','Should be able to select if the emp is a special part timer from a populated list.','2021-05-18','Display data','-','-','TODO - Enter list of data separated by a ~',0,'SB_1',NULL,NULL,73,73,'List','Special Part Timer','1900-01-01','00:00:00','False','-'),('Employee Creation Wizard - Step 3',73,73,106,106,82,82,82,82,82,82,'Select a Grade','1.0.0','Should be able to select a grade from a populated list (IF SETUP).','2021-05-18','Display data','-','-','TODO - Enter list of data separated by a ~',0,'SB_1',NULL,NULL,73,73,'List','Select a Grade','1900-01-01','00:00:00','False','-'),('Employee Creation Wizard - Step 3',73,73,106,106,83,83,83,83,83,83,'Select a Cost Center','1.0.0','Should be able to select a cost center from a populated list (IF SETUP).','2021-05-18','Display data','-','-','TODO - Enter list of data separated by a ~',0,'SB_1',NULL,NULL,73,73,'List','Select a Cost Center','1900-01-01','00:00:00','False','-'),('Employee Creation Wizard - Step 3',73,73,106,106,84,84,84,84,84,84,'Top Level of: Back','1.0.0','This is the top level test for Back. For this to pass all its children must pass.','2021-05-18','','','','',0,'SB_1',NULL,NULL,73,73,'Button - Function','Back','1900-01-01','00:00:00','False','-'),('Employee Creation Wizard - Step 3',73,73,106,106,85,85,85,85,85,85,'Top Level of: Continue','1.0.0','This is the top level test for Continue. For this to pass all its children must pass.','2021-05-18','','','','',0,'SB_1',NULL,NULL,73,73,'Button - Function','Continue','1900-01-01','00:00:00','False','-'),('Employee Creation Wizard - Step 4',86,86,106,106,104,104,104,104,104,104,'Heading ECW Step 4','1.0.0','Is the heading correct','2021-05-18','-','-','-','Permanent Allowances',0,'SB_1',NULL,NULL,86,86,'Header 3','Heading ECW Step 4','1900-01-01','00:00:00','False','-'),('Employee Creation Wizard - Step 4',86,86,106,106,87,87,87,87,87,87,'Taxable Allowance 1 (Permenant)','1.0.0','Should be able to choose a taxable allowance from a populated list.','2021-05-18','Display data','-','-','TODO - Enter list of data separated by a ~',0,'SB_1',NULL,NULL,86,86,'List','Taxable Allowance 1 (Permenant)','1900-01-01','00:00:00','False','-'),('Employee Creation Wizard - Step 4',86,86,106,106,88,88,88,88,88,88,'Allowance Amount - Permanent','1.0.0','Should be able to enter the amount. Should error if not reasonable value.','2021-05-18','Enter data','TODO - Enter text that should be entered.','-','-',0,'SB_1',NULL,NULL,86,86,'Text In','Allowance Amount - Permanent','1900-01-01','00:00:00','False','-'),('Employee Creation Wizard - Step 4',86,86,106,106,89,89,89,89,89,89,'Taxable Allowance 2 (Permenant)','1.0.0','Should be able to choose a taxable allowance from a populated list.','2021-05-18','Display data','-','-','TODO - Enter list of data separated by a ~',0,'SB_1',NULL,NULL,86,86,'List','Taxable Allowance 2 (Permenant)','1900-01-01','00:00:00','False','-'),('Employee Creation Wizard - Step 4',86,86,106,106,90,90,90,90,90,90,'Allowance Amount - Permanent','1.0.0','Should be able to enter the amount. Should error if not reasonable value.','2021-05-18','Enter data','TODO - Enter text that should be entered.','-','-',0,'SB_1',NULL,NULL,86,86,'Text In','Allowance Amount - Permanent','1900-01-01','00:00:00','False','-'),('Employee Creation Wizard - Step 4',86,86,106,106,91,91,91,91,91,91,'Non Taxable Allowance 1 (Permenant)','1.0.0','Should be able to choose a non taxable allowance from a populated list.','2021-05-18','Display data','-','-','TODO - Enter list of data separated by a ~',0,'SB_1',NULL,NULL,86,86,'List','Non Taxable Allowance 1 (Permenant)','1900-01-01','00:00:00','False','-'),('Employee Creation Wizard - Step 4',86,86,106,106,92,92,92,92,92,92,'Allowance Amount - Permanent','1.0.0','Should be able to enter the amount. Should error if not reasonable value.','2021-05-18','Enter data','TODO - Enter text that should be entered.','-','-',0,'SB_1',NULL,NULL,86,86,'Text In','Allowance Amount - Permanent','1900-01-01','00:00:00','False','-'),('Employee Creation Wizard - Step 4',86,86,106,106,93,93,93,93,93,93,'Non Taxable Allowance 2 (Permenant)','1.0.0','Should be able to choose a non taxable allowance from a populated list.','2021-05-18','Display data','-','-','TODO - Enter list of data separated by a ~',0,'SB_1',NULL,NULL,86,86,'List','Non Taxable Allowance 2 (Permenant)','1900-01-01','00:00:00','False','-'),('Employee Creation Wizard - Step 4',86,86,106,106,94,94,94,94,94,94,'Top Level of: Back','1.0.0','This is the top level test for Back. For this to pass all its children must pass.','2021-05-18','','','','',0,'SB_1',NULL,NULL,86,86,'Button - Function','Back','1900-01-01','00:00:00','False','-'),('Employee Creation Wizard - Step 4',86,86,106,106,95,95,95,95,95,95,'Top Level of: Continue','1.0.0','This is the top level test for Continue. For this to pass all its children must pass.','2021-05-18','','','','',0,'SB_1',NULL,NULL,86,86,'Button - Function','Continue','1900-01-01','00:00:00','False','-'),('Employee Creation Wizard - Step 5',96,96,106,106,105,105,105,105,105,105,'Heading ECW Step 5','1.0.0','Is the heading correct','2021-05-18','-','-','-','Salary Details',0,'SB_1',NULL,NULL,96,96,'Header 3','Heading ECW Step 5','1900-01-01','00:00:00','False','-'),('Employee Creation Wizard - Step 5',96,96,106,106,97,97,97,97,97,97,'Annual Salary','1.0.0','Should be able to enter the amount. Should error if not reasonable value.','2021-05-18','Enter data','TODO - Enter text that should be entered.','-','-',0,'SB_1',NULL,NULL,96,96,'Text In','Annual Salary','1900-01-01','00:00:00','False','-'),('Employee Creation Wizard - Step 5',96,96,106,106,98,98,98,98,98,98,'Hourly Rate','1.0.0','Should be able to enter the amount. Should error if not reasonable value.','2021-05-18','Enter data','TODO - Enter text that should be entered.','-','-',0,'SB_1',NULL,NULL,96,96,'Text In','Hourly Rate','1900-01-01','00:00:00','False','-'),('Employee Creation Wizard - Step 5',96,96,106,106,99,99,99,99,99,99,'Top Level of: Back','1.0.0','This is the top level test for Back. For this to pass all its children must pass.','2021-05-18','','','','',0,'SB_1',NULL,NULL,96,96,'Button - Function','Back','1900-01-01','00:00:00','False','-'),('Employee Creation Wizard - Step 5',96,96,106,106,100,100,100,100,100,100,'Top Level of: Create Employee','1.0.0','This is the top level test for Create Employee. For this to pass all its children must pass.','2021-05-18','','','','',0,'SB_1',NULL,NULL,96,96,'Button - Function','Create Employee','1900-01-01','00:00:00','False','-'),('Accept Criteria',116,116,108,108,117,117,117,117,117,117,'Accept Criteria - Text','1.0.0','TODO - Enter Description','2021-05-19','-','-','-','Accept Criteria',0,'SB_1',NULL,NULL,116,116,'Text','Accept Criteria - Text','1900-01-01','00:00:00','False','-'),('Bio Info',118,118,108,108,120,120,120,120,120,120,'Employee Name','1.0.0','Should display employee name','2021-05-19','-','-','-','TODO - Enter header text',0,'SB_1',NULL,NULL,118,118,'Header 4','Employee Name','1900-01-01','00:00:00','False','-'),('Bio Info',118,118,108,108,121,121,121,121,121,121,'Employee Name With Salutation','1.0.0','Should display employee name with salutation','2021-05-19','Paragraph','-','-','TODO - Enter paragraph data',0,'SB_1',NULL,NULL,118,118,'Paragraph','Employee Name With Salutation','1900-01-01','00:00:00','False','-'),('Bio Info',118,118,108,108,122,122,122,122,122,122,'Employee Company','1.0.0','Should display employee company','2021-05-19','Paragraph','-','-','TODO - Enter paragraph data',0,'SB_1',NULL,NULL,118,118,'Paragraph','Employee Company','1900-01-01','00:00:00','False','-'),('Bio Info',118,118,108,108,123,123,123,123,123,123,'Employee Birthday','1.0.0','Should display the employees birthday','2021-05-19','Paragraph','-','-','TODO - Enter paragraph data',0,'SB_1',NULL,NULL,118,118,'Paragraph','Employee Birthday','1900-01-01','00:00:00','False','-'),('Bio Info',118,118,108,108,124,124,124,124,124,124,'User FaFa','1.0.0','Should display user fa fa','2021-05-19','-','-','-','fa fa-fw fa fa-user',0,'SB_1',NULL,NULL,118,118,'FaFa','User FaFa','1900-01-01','00:00:00','False','-'),('Bio Info',118,118,108,108,125,125,125,125,125,125,'Company FaFa','1.0.0','Should display bank (company) fa fa','2021-05-19','-','-','-','fa fa-fw fa fa-bank',0,'SB_1',NULL,NULL,118,118,'FaFa','Company FaFa','1900-01-01','00:00:00','False','-'),('Bio Info',118,118,108,108,126,126,126,126,126,126,'Birthday FaFa','1.0.0','Should display birthday-cake fa fa','2021-05-19','-','-','-','fa fa-fw fa fa-birthday-cake',0,'SB_1',NULL,NULL,118,118,'FaFa','Birthday FaFa','1900-01-01','00:00:00','False','-'),('Bio Info',118,118,108,108,127,127,127,127,127,127,'Top Level of: Bio Content','1.0.0','This is the top level test for Bio Content. For this to pass all its children must pass.','2021-05-19','','','','',0,'SB_1',NULL,NULL,118,118,'Container','Bio Content','1900-01-01','00:00:00','False','-'),('Accordion - CV',128,128,108,108,129,129,129,129,129,129,'Top Level of: Accordion - CV - Career','1.0.0','This is the top level test for Accordion - CV - Career. For this to pass all its children must pass.','2021-05-19','','','','',0,'SB_1',NULL,NULL,128,128,'Accordion Key','Accordion - CV - Career','1900-01-01','00:00:00','False','-'),('Accordion - CV',128,128,108,108,131,131,131,131,131,131,'Top Level of: Acc Key - CV - Allowance','1.0.0','This is the top level test for Acc Key - CV - Allowance. For this to pass all its children must pass.','2021-05-19','','','','',0,'SB_1',NULL,NULL,128,128,'Accordion Key','Acc Key - CV - Allowance','1900-01-01','00:00:00','False','-'),('Accordion - CV',128,128,108,108,133,133,133,133,133,133,'Top Level of: Acc Key - CV - Salary','1.0.0','This is the top level test for Acc Key - CV - Salary. For this to pass all its children must pass.','2021-05-19','','','','',0,'SB_1',NULL,NULL,128,128,'Accordion Key','Acc Key - CV - Salary','1900-01-01','00:00:00','False','-'),('Accordion - CV',128,128,108,108,135,135,135,135,135,135,'Top Level of: Acc Key - Emp Schedule','1.0.0','This is the top level test for Acc Key - Emp Schedule. For this to pass all its children must pass.','2021-05-19','','','','',0,'SB_1',NULL,NULL,128,128,'Accordion Key','Acc Key - Emp Schedule','1900-01-01','00:00:00','False','-'),('Accordion - CV',128,128,108,108,137,137,137,137,137,137,'Top Level of: Acc Key - Working Permit','1.0.0','This is the top level test for Acc Key - Working Permit. For this to pass all its children must pass.','2021-05-19','','','','',0,'SB_1',NULL,NULL,128,128,'Accordion Key','Acc Key - Working Permit','1900-01-01','00:00:00','False','-'),('Save',139,139,108,108,140,140,140,140,140,140,'Top Level of: Form - Save','1.0.0','This is the top level test for Form - Save. For this to pass all its children must pass.','2021-05-19','','','','',0,'SB_1',NULL,NULL,139,139,'Modal Form','Form - Save','1900-01-01','00:00:00','False','-'),('Employee Reports',151,151,150,150,216,216,216,216,216,216,'Top Level of: Employee Reports - Card Header','1.0.0','This is the top level test for Employee Reports - Card Header. For this to pass all its children must pass.','2021-05-24','','','','',0,'SB_1',NULL,NULL,151,151,'Card Header','Employee Reports - Card Header','1900-01-01','00:00:00','False','-'),('Employee Reports',151,151,150,150,157,157,157,157,157,157,'Top Level of: Employee Reports - Card Group','1.0.0','This is the top level test for Employee Reports - Card Group. For this to pass all its children must pass.','2021-05-24','','','','',0,'SB_1',NULL,NULL,151,151,'Card Group','Employee Reports - Card Group','1900-01-01','00:00:00','False','-'),('Payroll Reports',166,166,150,150,226,226,226,226,226,226,'Top Level of: Payroll Reports - Card Header','1.0.0','This is the top level test for Payroll Reports - Card Header. For this to pass all its children must pass.','2021-05-24','','','','',0,'SB_1',NULL,NULL,166,166,'Card Header','Payroll Reports - Card Header','1900-01-01','00:00:00','False','-'),('Payroll Reports',166,166,150,150,167,167,167,167,167,167,'Top Level of: Payroll Reports - Card Group','1.0.0','This is the top level test for Payroll Reports - Card Group. For this to pass all its children must pass.','2021-05-24','','','','',0,'SB_1',NULL,NULL,166,166,'Card Group','Payroll Reports - Card Group','1900-01-01','00:00:00','False','-'),('Payroll Reports',166,166,150,150,168,168,168,168,168,168,'Top Level of: Payroll Reports - Payroll Statistics - Gross/Tax/NI','1.0.0','This is the top level test for Payroll Reports - Payroll Statistics - Gross/Tax/NI. For this to pass all its children must pass.','2021-05-24','','','','',0,'SB_1',NULL,NULL,166,166,'Card Element','Payroll Reports - Payroll Statistics - Gross/Tax/NI','1900-01-01','00:00:00','False','-'),('Payroll Reports',166,166,150,150,176,176,176,176,176,176,'Top Level of: Payroll Reports - Payroll - Extras Breakdown by Cost Center','1.0.0','This is the top level test for Payroll Reports - Payroll - Extras Breakdown by Cost Center. For this to pass all its children must pass.','2021-05-24','','','','',0,'SB_1',NULL,NULL,166,166,'Card Element','Payroll Reports - Payroll - Extras Breakdown by Cost Center','1900-01-01','00:00:00','False','-'),('Payroll Reports',166,166,150,150,180,180,180,180,180,180,'Top Level of: Payroll Reports - Payroll - Allowances Breakdown','1.0.0','This is the top level test for Payroll Reports - Payroll - Allowances Breakdown. For this to pass all its children must pass.','2021-05-24','','','','',0,'SB_1',NULL,NULL,166,166,'Card Element','Payroll Reports - Payroll - Allowances Breakdown','1900-01-01','00:00:00','False','-'),('Payroll Reports',166,166,150,150,184,184,184,184,184,184,'Top Level of: Payroll Reports - Payroll Statistics - Bank Cash Payments','1.0.0','This is the top level test for Payroll Reports - Payroll Statistics - Bank Cash Payments. For this to pass all its children must pass.','2021-05-24','','','','',0,'SB_1',NULL,NULL,166,166,'Card Element','Payroll Reports - Payroll Statistics - Bank Cash Payments','1900-01-01','00:00:00','False','-'),('Payroll Reports',166,166,150,150,188,188,188,188,188,188,'Top Level of: Payroll Reports - Payroll Statistics - Unions','1.0.0','This is the top level test for Payroll Reports - Payroll Statistics - Unions. For this to pass all its children must pass.','2021-05-24','','','','',0,'SB_1',NULL,NULL,166,166,'Card Element','Payroll Reports - Payroll Statistics - Unions','1900-01-01','00:00:00','False','-'),('My Company / Last Viewed - DropdownMenu - Header',253,253,252,252,254,254,254,254,254,254,'My Company / Last Viewed - DropdownMenu - Header - Text Element','1.0.0','Is the text correct?','2021-05-25','-','-','-','My Company / Last Viewed - VARIABLE',0,'SB_1',NULL,NULL,253,253,'Text','My Company / Last Viewed - DropdownMenu - Header - Text Element','1900-01-01','00:00:00','False','-'),('My Company / Last Viewed - DropdownMenu - Row',255,255,252,252,256,256,256,256,256,256,'Top Level of: My Company / Last Viewed - DropdownMenu - Row - Column 1','1.0.0','This is the top level test for My Company / Last Viewed - DropdownMenu - Row - Column 1. For this to pass all its children must pass.','2021-05-25','','','','',0,'SB_1',NULL,NULL,255,255,'Column','My Company / Last Viewed - DropdownMenu - Row - Column 1','1900-01-01','00:00:00','False','-'),('My Company / Last Viewed - DropdownMenu - Row',255,255,252,252,258,258,258,258,258,258,'Top Level of: My Company / Last Viewed - DropdownMenu - Row - Column 2','1.0.0','This is the top level test for My Company / Last Viewed - DropdownMenu - Row - Column 2. For this to pass all its children must pass.','2021-05-25','','','','',0,'SB_1',NULL,NULL,255,255,'Column','My Company / Last Viewed - DropdownMenu - Row - Column 2','1900-01-01','00:00:00','False','-'),('My Company / Last Viewed - DropdownMenu - Row',255,255,252,252,260,260,260,260,260,260,'Top Level of: My Company / Last Viewed - DropdownMenu - Row - Column 3','1.0.0','This is the top level test for My Company / Last Viewed - DropdownMenu - Row - Column 3. For this to pass all its children must pass.','2021-05-25','','','','',0,'SB_1',NULL,NULL,255,255,'Column','My Company / Last Viewed - DropdownMenu - Row - Column 3','1900-01-01','00:00:00','False','-'),('All Notifications - DropdownMenu - Header',263,263,262,262,264,264,264,264,264,264,'All Notifications - DropdownMenu - Header - Text Element','1.0.0','Is the text correct?','2021-05-25','-','-','-','All Notifications',0,'SB_1',NULL,NULL,263,263,'Text','All Notifications - DropdownMenu - Header - Text Element','1900-01-01','00:00:00','False','-'),('All Notifications - DropdownMenu - Item 1',265,265,262,262,266,266,266,266,266,266,'All Notifications - DropdownMenu - Item 1 - FaFa','1.0.0','Is it the correct FaFa?','2021-05-25','-','-','-','fa-fa-birthday-cake',0,'SB_1',NULL,NULL,265,265,'FaFa','All Notifications - DropdownMenu - Item 1 - FaFa','1900-01-01','00:00:00','False','-'),('All Notifications - DropdownMenu - Item 1',265,265,262,262,267,267,267,267,267,267,'All Notifications - DropdownMenu - Item 1 - Text','1.0.0','Is the text correct?','2021-05-25','-','-','-','VARIABLE',0,'SB_1',NULL,NULL,265,265,'Text','All Notifications - DropdownMenu - Item 1 - Text','1900-01-01','00:00:00','False','-'),('All Notifications - DropdownMenu - Item 2',268,268,262,262,269,269,269,269,269,269,'All Notifications - DropdownMenu - Item 2 - FaFa','1.0.0','Is it the correct FaFa?','2021-05-25','-','-','-','fa-fa-hospital',0,'SB_1',NULL,NULL,268,268,'FaFa','All Notifications - DropdownMenu - Item 2 - FaFa','1900-01-01','00:00:00','False','-'),('All Notifications - DropdownMenu - Item 2',268,268,262,262,270,270,270,270,270,270,'All Notifications - DropdownMenu - Item 2 - Text','1.0.0','Is the text correct?','2021-05-25','-','-','-','VARIABLE',0,'SB_1',NULL,NULL,268,268,'Text','All Notifications - DropdownMenu - Item 2 - Text','1900-01-01','00:00:00','False','-'),('All Notifications - DropdownMenu - Item 3',271,271,262,262,272,272,272,272,272,272,'All Notifications - DropdownMenu - Item 3 - FaFa','1.0.0','Is it the correct FaFa?','2021-05-25','-','-','-','fa-fa-male',0,'SB_1',NULL,NULL,271,271,'FaFa','All Notifications - DropdownMenu - Item 3 - FaFa','1900-01-01','00:00:00','False','-'),('All Notifications - DropdownMenu - Item 3',271,271,262,262,273,273,273,273,273,273,'All Notifications - DropdownMenu - Item 3 - Text','1.0.0','Is the text correct?','2021-05-25','-','-','-','VARIABLE',0,'SB_1',NULL,NULL,271,271,'Text','All Notifications - DropdownMenu - Item 3 - Text','1900-01-01','00:00:00','False','-'),('New Employments - DropdownMenu - Header',275,275,274,274,276,276,276,276,276,276,'New Employments - DropdownMenu - Header - Text Element','1.0.0','Is the text correct?','2021-05-25','-','-','-','VARIABLE',0,'SB_1',NULL,NULL,275,275,'Text','New Employments - DropdownMenu - Header - Text Element','1900-01-01','00:00:00','False','-'),('Terminations - DropdownMenu - Header',278,278,277,277,279,279,279,279,279,279,'Terminations - DropdownMenu - Header - Text Element','1.0.0','Is the text correct?','2021-05-25','-','-','-','VARIABLE',0,'SB_1',NULL,NULL,278,278,'Text','Terminations - DropdownMenu - Header - Text Element','1900-01-01','00:00:00','False','-'),('User Avatar - Dropdown Menu - Header',313,313,312,312,314,314,314,314,314,314,'Top Level of: User Avatar - Dropdown Menu - Header - Media Obj','1.0.0','This is the top level test for User Avatar - Dropdown Menu - Header - Media Obj. For this to pass all its children must pass.','2021-05-25','','','','',0,'SB_1',NULL,NULL,313,313,'MediaObj','User Avatar - Dropdown Menu - Header - Media Obj','1900-01-01','00:00:00','False','-'),('User Management - Dropdown Menu - Header',285,285,284,284,286,286,286,286,286,286,'User Management - Dropdown Menu - Header - Text Element','1.0.0','Is the header text correct?','2021-05-25','-','-','-','User Management',0,'SB_1',NULL,NULL,285,285,'Header 5','User Management - Dropdown Menu - Header - Text Element','1900-01-01','00:00:00','False','-'),('User Management - DropdownMenu - Item 1',287,287,284,284,288,288,288,288,288,288,'User Management - DropdownMenu - Item 1 - FaFA','1.0.0','Is it the correct FaFa?','2021-05-25','-','-','-','fa-fa-user',0,'SB_1',NULL,NULL,287,287,'FaFa','User Management - DropdownMenu - Item 1 - FaFA','1900-01-01','00:00:00','False','-'),('User Management - DropdownMenu - Item 1',287,287,284,284,289,289,289,289,289,289,'User Management - DropdownMenu - Item 1 - Text','1.0.0','Is the text correct?','2021-05-25','-','-','-','User Management',0,'SB_1',NULL,NULL,287,287,'Text','User Management - DropdownMenu - Item 1 - Text','1900-01-01','00:00:00','False','-'),('Group Authorisations - DropdownMenu - Item 2',290,290,284,284,291,291,291,291,291,291,'Group Authorisations - DropdownMenu - Item 2 - FaFa','1.0.0','Is it the correct FaFa?','2021-05-25','-','-','-','fa-fa-user',0,'SB_1',NULL,NULL,290,290,'FaFa','Group Authorisations - DropdownMenu - Item 2 - FaFa','1900-01-01','00:00:00','False','-'),('Group Authorisations - DropdownMenu - Item 2',290,290,284,284,292,292,292,292,292,292,'Group Authorisations - DropdownMenu - Item 2 - Text','1.0.0','Is the text correct?','2021-05-25','-','-','-','Group Authorisations',0,'SB_1',NULL,NULL,290,290,'Text','Group Authorisations - DropdownMenu - Item 2 - Text','1900-01-01','00:00:00','False','-'),('Quick Links - Grid- Quick Link Grid Item 1',300,300,297,297,301,301,301,301,301,301,'Quick Links - Grid Item 1 - FaFa','1.0.0','Is it the correct FaFa?','2021-05-25','-','-','-','fa-fa-print',0,'SB_1',NULL,NULL,300,300,'FaFa','Quick Links - Grid Item 1 - FaFa','1900-01-01','00:00:00','False','-'),('Quick Links - Grid- Quick Link Grid Item 1',300,300,297,297,302,302,302,302,302,302,'Quick Links - Grid Item 1 - Title','1.0.0','Is the title correct?','2021-05-25','-','-','Print Queue','-',0,'SB_1',NULL,NULL,300,300,'QLGridItemTitle','Quick Links - Grid Item 1 - Title','1900-01-01','00:00:00','False','-'),('Quick Links - Grid- Quick Link Grid Item 2',303,303,297,297,304,304,304,304,304,304,'Quick Links - Grid- Quick Link Grid Item 2 - FaFa','1.0.0','Is it the correct FaFa?','2021-05-25','-','-','-','fa-fa-users',0,'SB_1',NULL,NULL,303,303,'FaFa','Quick Links - Grid- Quick Link Grid Item 2 - FaFa','1900-01-01','00:00:00','False','-'),('Quick Links - Grid- Quick Link Grid Item 2',303,303,297,297,305,305,305,305,305,305,'Quick Links - Grid- Quick Link Grid Item 2 - Quick Link Grid Item Title','1.0.0','Is the title correct?','2021-05-25','-','-','Personnel','-',0,'SB_1',NULL,NULL,303,303,'QLGridItemTitle','Quick Links - Grid- Quick Link Grid Item 2 - Quick Link Grid Item Title','1900-01-01','00:00:00','False','-'),('Quick Links - Grid- Quick Link Grid Item 3',306,306,297,297,307,307,307,307,307,307,'Quick Links - Grid- Quick Link Grid Item 3 - FaFa','1.0.0','Is it the correct FaFa?','2021-05-25','-','-','-','fa-fa-glass',0,'SB_1',NULL,NULL,306,306,'FaFa','Quick Links - Grid- Quick Link Grid Item 3 - FaFa','1900-01-01','00:00:00','False','-'),('Quick Links - Grid- Quick Link Grid Item 3',306,306,297,297,308,308,308,308,308,308,'Quick Links - Grid- Quick Link Grid Item 3 - Quick Link Grid Item Title','1.0.0','Is the title correct?','2021-05-25','-','-','Absence','-',0,'SB_1',NULL,NULL,306,306,'QLGridItemTitle','Quick Links - Grid- Quick Link Grid Item 3 - Quick Link Grid Item Title','1900-01-01','00:00:00','False','-'),('Quick Links - Grid- Quick Link Grid Item 4',309,309,297,297,310,310,310,310,310,310,'Quick Links - Grid- Quick Link Grid Item 4 - FaFa','1.0.0','Is it the correct FaFa?','2021-05-25','-','-','-','fa-fa-clock-o',0,'SB_1',NULL,NULL,309,309,'FaFa','Quick Links - Grid- Quick Link Grid Item 4 - FaFa','1900-01-01','00:00:00','False','-'),('Quick Links - Grid- Quick Link Grid Item 4',309,309,297,297,311,311,311,311,311,311,'Quick Links - Grid- Quick Link Grid Item 4 - Quick Link Grid Item Title','1.0.0','Is the title correct?','2021-05-25','-','-','T&A','-',0,'SB_1',NULL,NULL,309,309,'QLGridItemTitle','Quick Links - Grid- Quick Link Grid Item 4 - Quick Link Grid Item Title','1900-01-01','00:00:00','False','-'),('Accordion - CV - Career',129,129,128,128,130,130,130,130,130,130,'Top Level of: Grid - Career','1.0.0','This is the top level test for Grid - Career. For this to pass all its children must pass.','2021-05-19','','','','',0,'SB_1',NULL,NULL,129,129,'Grid','Grid - Career','1900-01-01','00:00:00','False','-'),('Acc Key - CV - Allowance',131,131,128,128,132,132,132,132,132,132,'Top Level of: Grid - Allowance','1.0.0','This is the top level test for Grid - Allowance. For this to pass all its children must pass.','2021-05-19','','','','',0,'SB_1',NULL,NULL,131,131,'Grid','Grid - Allowance','1900-01-01','00:00:00','False','-'),('Acc Key - CV - Salary',133,133,128,128,134,134,134,134,134,134,'Top Level of: Grid - Salary','1.0.0','This is the top level test for Grid - Salary. For this to pass all its children must pass.','2021-05-19','','','','',0,'SB_1',NULL,NULL,133,133,'Grid','Grid - Salary','1900-01-01','00:00:00','False','-'),('Acc Key - Emp Schedule',135,135,128,128,136,136,136,136,136,136,'Top Level of: Grid - Emp Schedule','1.0.0','This is the top level test for Grid - Emp Schedule. For this to pass all its children must pass.','2021-05-19','','','','',0,'SB_1',NULL,NULL,135,135,'Grid','Grid - Emp Schedule','1900-01-01','00:00:00','False','-'),('Acc Key - Working Permit',137,137,128,128,138,138,138,138,138,138,'Top Level of: Grid - Work Permit','1.0.0','This is the top level test for Grid - Work Permit. For this to pass all its children must pass.','2021-05-19','','','','',0,'SB_1',NULL,NULL,137,137,'Grid','Grid - Work Permit','1900-01-01','00:00:00','False','-'),('Form - Save',140,140,139,139,141,141,141,141,141,141,'Top Level of: Form - Save - Header','1.0.0','This is the top level test for Form - Save - Header. For this to pass all its children must pass.','2021-05-19','','','','',0,'SB_1',NULL,NULL,140,140,'Modal Header','Form - Save - Header','1900-01-01','00:00:00','False','-'),('Form - Save',140,140,139,139,143,143,143,143,143,143,'Top Level of: Form - Save - Body','1.0.0','This is the top level test for Form - Save - Body. For this to pass all its children must pass.','2021-05-19','','','','',0,'SB_1',NULL,NULL,140,140,'Modal Body','Form - Save - Body','1900-01-01','00:00:00','False','-'),('Form - Save',140,140,139,139,144,144,144,144,144,144,'Top Level of: Form - Save - Footer','1.0.0','This is the top level test for Form - Save - Footer. For this to pass all its children must pass.','2021-05-19','','','','',0,'SB_1',NULL,NULL,140,140,'Modal Footer','Form - Save - Footer','1900-01-01','00:00:00','False','-'),('Employee Reports - Card Group',157,157,151,151,158,158,158,158,158,158,'Top Level of: Employee Reports - Employee Basic Details','1.0.0','This is the top level test for Employee Reports - Employee Basic Details. For this to pass all its children must pass.','2021-05-24','','','','',0,'SB_1',NULL,NULL,157,157,'Card Element','Employee Reports - Employee Basic Details','1900-01-01','00:00:00','False','-'),('Employee Reports - Card Group',157,157,151,151,162,162,162,162,162,162,'Top Level of: Employee Reports - Employee Basic Details (Grid View)','1.0.0','This is the top level test for Employee Reports - Employee Basic Details (Grid View). For this to pass all its children must pass.','2021-05-24','','','','',0,'SB_1',NULL,NULL,157,157,'Card Element','Employee Reports - Employee Basic Details (Grid View)','1900-01-01','00:00:00','False','-'),('Employee Reports - Card Header',216,216,151,151,220,220,220,220,220,220,'Employee Reports - Card Header - FaFa','1.0.0','Is it the correct FaFa?','2021-05-24','-','-','-','fa-fa-male',0,'SB_1',NULL,NULL,216,216,'FaFa','Employee Reports - Card Header - FaFa','1900-01-01','00:00:00','False','-'),('Employee Reports - Card Header',216,216,151,151,221,221,221,221,221,221,'Employee Reports - Card Header - Text Element','1.0.0','Is the text correct?','2021-05-24','-','-','-','Employee Reports',0,'SB_1',NULL,NULL,216,216,'Text','Employee Reports - Card Header - Text Element','1900-01-01','00:00:00','False','-'),('Payroll Reports - Payroll Statistics - Gross/Tax/NI',168,168,166,166,171,171,171,171,171,171,'Payroll Reports - Payroll Statistics - Gross/Tax/NI Title','1.0.0','Is the title text correct?','2021-05-24','Data Out','-','-','Payroll Statistics - (Gross/Tax/NI Title etc)',0,'SB_1',NULL,NULL,168,168,'Card Title','Payroll Reports - Payroll Statistics - Gross/Tax/NI Title','1900-01-01','00:00:00','False','-'),('Payroll Reports - Payroll Statistics - Gross/Tax/NI',168,168,166,166,229,229,229,229,229,229,'Top Level of: Payroll Reports - Element Header','1.0.0','This is the top level test for Payroll Reports - Element Header. For this to pass all its children must pass.','2021-05-24','','','','',0,'SB_1',NULL,NULL,168,168,'Element Header','Payroll Reports - Element Header','1900-01-01','00:00:00','False','-'),('Payroll Reports - Payroll Statistics - Gross/Tax/NI',168,168,166,166,170,170,170,170,170,170,'Top Level of: Payroll Reports - Payroll Statistics - Gross/Tax/NI Body','1.0.0','This is the top level test for Payroll Reports - Payroll Statistics - Gross/Tax/NI Body. For this to pass all its children must pass.','2021-05-24','','','','',0,'SB_1',NULL,NULL,168,168,'Card Body','Payroll Reports - Payroll Statistics - Gross/Tax/NI Body','1900-01-01','00:00:00','False','-'),('Payroll Reports - Payroll - Extras Breakdown by Cost Center',176,176,166,166,179,179,179,179,179,179,'Payroll Reports - Payroll - Extras Breakdown by Cost Center - Card Title','1.0.0','Is the title text correct?','2021-05-24','-','-','-','Payroll Statistics - Extras Breakdown by Cost Center Report',0,'SB_1',NULL,NULL,176,176,'Card Title','Payroll Reports - Payroll - Extras Breakdown by Cost Center - Card Title','1900-01-01','00:00:00','False','-'),('Payroll Reports - Payroll - Extras Breakdown by Cost Center',176,176,166,166,177,177,177,177,177,177,'Top Level of: Payroll Reports - Payroll - Extras Breakdown by Cost Center - Card Header','1.0.0','This is the top level test for Payroll Reports - Payroll - Extras Breakdown by Cost Center - Card Header. For this to pass all its children must pass.','2021-05-24','','','','',0,'SB_1',NULL,NULL,176,176,'Element Header','Payroll Reports - Payroll - Extras Breakdown by Cost Center - Card Header','1900-01-01','00:00:00','False','-'),('Payroll Reports - Payroll - Extras Breakdown by Cost Center',176,176,166,166,178,178,178,178,178,178,'Top Level of: Payroll Reports - Payroll - Extras Breakdown by Cost Center - Card Body','1.0.0','This is the top level test for Payroll Reports - Payroll - Extras Breakdown by Cost Center - Card Body. For this to pass all its children must pass.','2021-05-24','','','','',0,'SB_1',NULL,NULL,176,176,'Card Body','Payroll Reports - Payroll - Extras Breakdown by Cost Center - Card Body','1900-01-01','00:00:00','False','-'),('Payroll Reports - Payroll - Allowances Breakdown',180,180,166,166,183,183,183,183,183,183,'Payroll Reports - Payroll - Allowances Breakdown - Card Title','1.0.0','Is the title text correct?','2021-05-24','-','-','-','Payroll Statistics - Allowance Breakdown Report',0,'SB_1',NULL,NULL,180,180,'Card Title','Payroll Reports - Payroll - Allowances Breakdown - Card Title','1900-01-01','00:00:00','False','-'),('Payroll Reports - Payroll - Allowances Breakdown',180,180,166,166,181,181,181,181,181,181,'Top Level of: Payroll Reports - Payroll - Allowances Breakdown - Element Header','1.0.0','This is the top level test for Payroll Reports - Payroll - Allowances Breakdown - Element Header. For this to pass all its children must pass.','2021-05-24','','','','',0,'SB_1',NULL,NULL,180,180,'Element Header','Payroll Reports - Payroll - Allowances Breakdown - Element Header','1900-01-01','00:00:00','False','-'),('Payroll Reports - Payroll Statistics - Bank Cash Payments',184,184,166,166,187,187,187,187,187,187,'Payroll Reports - Payroll Statistics - Bank Cash Payments - Card Title','1.0.0','Is the title text correct?','2021-05-24','-','-','-','-',0,'SB_1',NULL,NULL,184,184,'Card Title','Payroll Reports - Payroll Statistics - Bank Cash Payments - Card Title','1900-01-01','00:00:00','False','-'),('Payroll Reports - Payroll Statistics - Bank Cash Payments',184,184,166,166,185,185,185,185,185,185,'Top Level of: Payroll Reports - Payroll Statistics - Bank Cash Payments - Element Header','1.0.0','This is the top level test for Payroll Reports - Payroll Statistics - Bank Cash Payments - Element Header. For this to pass all its children must pass.','2021-05-24','','','','',0,'SB_1',NULL,NULL,184,184,'Element Header','Payroll Reports - Payroll Statistics - Bank Cash Payments - Element Header','1900-01-01','00:00:00','False','-'),('Payroll Reports - Payroll Statistics - Unions',188,188,166,166,191,191,191,191,191,191,'Payroll Reports - Payroll Statistics - Unions - Card Title','1.0.0','Is the title text correct?','2021-05-24','-','-','-','Payroll Statistics - Unions',0,'SB_1',NULL,NULL,188,188,'Card Title','Payroll Reports - Payroll Statistics - Unions - Card Title','1900-01-01','00:00:00','False','-'),('Payroll Reports - Payroll Statistics - Unions',188,188,166,166,189,189,189,189,189,189,'Top Level of: Payroll Reports - Payroll Statistics - Unions - Element Header','1.0.0','This is the top level test for Payroll Reports - Payroll Statistics - Unions - Element Header. For this to pass all its children must pass.','2021-05-24','','','','',0,'SB_1',NULL,NULL,188,188,'Element Header','Payroll Reports - Payroll Statistics - Unions - Element Header','1900-01-01','00:00:00','False','-'),('Payroll Reports - Card Header',226,226,166,166,227,227,227,227,227,227,'Payroll Reports - Card Header - FaFa','1.0.0','Is it the correct FaFa?','2021-05-24','-','-','-','fa-fa-money',0,'SB_1',NULL,NULL,226,226,'FaFa','Payroll Reports - Card Header - FaFa','1900-01-01','00:00:00','False','-'),('Payroll Reports - Card Header',226,226,166,166,228,228,228,228,228,228,'Payroll Reports - Card Header - Text Element','1.0.0','Is the text correct?','2021-05-24','-','-','-','Payroll Reports',0,'SB_1',NULL,NULL,226,226,'Text','Payroll Reports - Card Header - Text Element','1900-01-01','00:00:00','False','-'),('My Company / Last Viewed - DropdownMenu - Row - Column 2',258,258,255,255,259,259,259,259,259,259,'My Company / Last Viewed - DropdownMenu - Text','1.0.0','Is the text correct?','2021-05-25','-','-','-','VARIABLE',0,'SB_1',NULL,NULL,258,258,'Text','My Company / Last Viewed - DropdownMenu - Text','1900-01-01','00:00:00','False','-'),('My Company / Last Viewed - DropdownMenu - Row - Column 3',260,260,255,255,261,261,261,261,261,261,'My Company / Last Viewed - DropdownMenu - Text','1.0.0','Is the text correct?','2021-05-25','-','-','-','VARIABLE',0,'SB_1',NULL,NULL,260,260,'Text','My Company / Last Viewed - DropdownMenu - Text','1900-01-01','00:00:00','False','-'),('User Avatar - Dropdown Menu - Header - Media Obj',314,314,313,313,316,316,316,316,316,316,'Top Level of: User Avatar - Dropdown Menu - Header - Media Object Body','1.0.0','This is the top level test for User Avatar - Dropdown Menu - Header - Media Object Body. For this to pass all its children must pass.','2021-05-25','','','','',0,'SB_1',NULL,NULL,314,314,'MediaObjBody','User Avatar - Dropdown Menu - Header - Media Object Body','1900-01-01','00:00:00','False','-'),('Form - Save - Header',141,141,140,140,142,142,142,142,142,142,'Form - Save - Title','1.0.0','Should display the title of the save form','2021-05-19','-','-','-','Save Changes',0,'SB_1',NULL,NULL,141,141,'Modal Title','Form - Save - Title','1900-01-01','00:00:00','False','-'),('Form - Save - Footer',144,144,140,140,145,145,145,145,145,145,'Top Level of: Button Ok','1.0.0','This is the top level test for Button Ok. For this to pass all its children must pass.','2021-05-19','','','','',0,'SB_1',NULL,NULL,144,144,'Button - Function','Button Ok','1900-01-01','00:00:00','False','-'),('Form - Save - Footer',144,144,140,140,146,146,146,146,146,146,'Top Level of: Button Cancel','1.0.0','This is the top level test for Button Cancel. For this to pass all its children must pass.','2021-05-19','','','','',0,'SB_1',NULL,NULL,144,144,'Button - Function','Button Cancel','1900-01-01','00:00:00','False','-'),('Employee Reports - Employee Basic Details',158,158,157,157,161,161,161,161,161,161,'Employee Reports - Employee Basic Details Title','1.0.0','Is the title text correct?','2021-05-24','Data Out','-','-','-',0,'SB_1',NULL,NULL,158,158,'Card Title','Employee Reports - Employee Basic Details Title','1900-01-01','00:00:00','False','-'),('Employee Reports - Employee Basic Details',158,158,157,157,159,159,159,159,159,159,'Top Level of: Employee Reports - Employee Basic Details Header','1.0.0','This is the top level test for Employee Reports - Employee Basic Details Header. For this to pass all its children must pass.','2021-05-24','','','','',0,'SB_1',NULL,NULL,158,158,'Element Header','Employee Reports - Employee Basic Details Header','1900-01-01','00:00:00','False','-'),('Employee Reports - Employee Basic Details',158,158,157,157,160,160,160,160,160,160,'Top Level of: Employee Reports - Employee Basic Details Body','1.0.0','This is the top level test for Employee Reports - Employee Basic Details Body. For this to pass all its children must pass.','2021-05-24','','','','',0,'SB_1',NULL,NULL,158,158,'Card Body','Employee Reports - Employee Basic Details Body','1900-01-01','00:00:00','False','-'),('Employee Reports - Employee Basic Details (Grid View)',162,162,157,157,165,165,165,165,165,165,'Employee Reports - Employee Basic Details (Grid View) - Card Title','1.0.0','Is the title text correct?','2021-05-24','-','-','-','-',0,'SB_1',NULL,NULL,162,162,'Card Title','Employee Reports - Employee Basic Details (Grid View) - Card Title','1900-01-01','00:00:00','False','-'),('Employee Reports - Employee Basic Details (Grid View)',162,162,157,157,163,163,163,163,163,163,'Top Level of: Employee Reports - Employee Basic Details (Grid View) - Card Header','1.0.0','This is the top level test for Employee Reports - Employee Basic Details (Grid View) - Card Header. For this to pass all its children must pass.','2021-05-24','','','','',0,'SB_1',NULL,NULL,162,162,'Element Header','Employee Reports - Employee Basic Details (Grid View) - Card Header','1900-01-01','00:00:00','False','-'),('Employee Reports - Employee Basic Details (Grid View)',162,162,157,157,164,164,164,164,164,164,'Top Level of: Employee Reports - Employee Basic Details (Grid View) - Card Body','1.0.0','This is the top level test for Employee Reports - Employee Basic Details (Grid View) - Card Body. For this to pass all its children must pass.','2021-05-24','','','','',0,'SB_1',NULL,NULL,162,162,'Card Body','Employee Reports - Employee Basic Details (Grid View) - Card Body','1900-01-01','00:00:00','False','-'),('Payroll Reports - Payroll Statistics - Gross/Tax/NI Body',170,170,168,168,172,172,172,172,172,172,'Top Level of: Payroll Reports - Payroll Statistics - Extras Breakdown Report','1.0.0','This is the top level test for Payroll Reports - Payroll Statistics - Extras Breakdown Report. For this to pass all its children must pass.','2021-05-24','','','','',0,'SB_1',NULL,NULL,170,170,'Card Element','Payroll Reports - Payroll Statistics - Extras Breakdown Report','1900-01-01','00:00:00','False','-'),('Payroll Reports - Element Header',229,229,168,168,230,230,230,230,230,230,'Payroll Reports - Element Header - FaFa','1.0.0','Is it the correct FaFa?','2021-05-24','-','-','-','fa-fa-star',0,'SB_1',NULL,NULL,229,229,'FaFa','Payroll Reports - Element Header - FaFa','1900-01-01','00:00:00','False','-'),('Payroll Reports - Payroll - Extras Breakdown by Cost Center - Card Header',177,177,176,176,235,235,235,235,235,235,'Payroll Reports - Payroll - Extras Breakdown by Cost Center - Card Header - FaFa','1.0.0','Is it the correct FaFa?','2021-05-24','-','-','-','fa-fa-star',0,'SB_1',NULL,NULL,177,177,'FaFa','Payroll Reports - Payroll - Extras Breakdown by Cost Center - Card Header - FaFa','1900-01-01','00:00:00','False','-'),('Payroll Reports - Payroll - Allowances Breakdown - Element Header',181,181,180,180,237,237,237,237,237,237,'Payroll Reports - Payroll - Allowances Breakdown - Card Header - FaFa','1.0.0','Is it the correct FaFa?','2021-05-24','-','-','-','fa-fa-star',0,'SB_1',NULL,NULL,181,181,'FaFa','Payroll Reports - Payroll - Allowances Breakdown - Card Header - FaFa','1900-01-01','00:00:00','False','-'),('Payroll Reports - Payroll - Allowances Breakdown - Element Header',181,181,180,180,182,182,182,182,182,182,'Top Level of: Payroll Reports - Payroll - Allowances Breakdown - Card Body','1.0.0','This is the top level test for Payroll Reports - Payroll - Allowances Breakdown - Card Body. For this to pass all its children must pass.','2021-05-24','','','','',0,'SB_1',NULL,NULL,181,181,'Card Body','Payroll Reports - Payroll - Allowances Breakdown - Card Body','1900-01-01','00:00:00','False','-'),('Payroll Reports - Payroll Statistics - Bank Cash Payments - Element Header',185,185,184,184,239,239,239,239,239,239,'Payroll Reports - Payroll Statistics - Bank Cash Payments - Element Header - FaFa','1.0.0','Is it the correct FaFa?','2021-05-24','-','-','-','fa-fa-star',0,'SB_1',NULL,NULL,185,185,'FaFa','Payroll Reports - Payroll Statistics - Bank Cash Payments - Element Header - FaFa','1900-01-01','00:00:00','False','-'),('Payroll Reports - Payroll Statistics - Bank Cash Payments - Element Header',185,185,184,184,186,186,186,186,186,186,'Top Level of: Payroll Reports - Payroll Statistics - Bank Cash Payments - Card Body','1.0.0','This is the top level test for Payroll Reports - Payroll Statistics - Bank Cash Payments - Card Body. For this to pass all its children must pass.','2021-05-24','','','','',0,'SB_1',NULL,NULL,185,185,'Card Body','Payroll Reports - Payroll Statistics - Bank Cash Payments - Card Body','1900-01-01','00:00:00','False','-'),('Payroll Reports - Payroll Statistics - Unions - Element Header',189,189,188,188,241,241,241,241,241,241,'Payroll Reports - Payroll Statistics - Unions - Element Header - FaFa','1.0.0','Is it the correct FaFa?','2021-05-24','-','-','-','fa-fa-star',0,'SB_1',NULL,NULL,189,189,'FaFa','Payroll Reports - Payroll Statistics - Unions - Element Header - FaFa','1900-01-01','00:00:00','False','-'),('User Avatar - Dropdown Menu - Header - Media Object Body',316,316,314,314,318,318,318,318,318,318,'Media Body - Header','1.0.0','Is the header text correct?','2021-05-25','-','-','-','VARIABLE',0,'SB_1',NULL,NULL,316,316,'Header 5','Media Body - Header','1900-01-01','00:00:00','False','-'),('User Avatar - Dropdown Menu - Header - Media Object Body',316,316,314,314,319,319,319,319,319,319,'Media Body - Text','1.0.0','Is the text correct?','2021-05-25','-','-','-','VARIABLE',0,'SB_1',NULL,NULL,316,316,'Text','Media Body - Text','1900-01-01','00:00:00','False','-'),('User Avatar - Dropdown Menu - Header - Media Object Body',316,316,314,314,320,320,320,320,320,320,'Media Body - Text','1.0.0','Is the text correct?','2021-05-25','-','-','-','VARIABLE',0,'SB_1',NULL,NULL,316,316,'Text','Media Body - Text','1900-01-01','00:00:00','False','-'),('Employee Reports - Employee Basic Details Header',159,159,158,158,223,223,223,223,223,223,'Employee Reports - Employee Basic Details Header - FaFa','1.0.0','Is it the correct FaFa?','2021-05-24','-','-','-','fa-fa-star',0,'SB_1',NULL,NULL,159,159,'FaFa','Employee Reports - Employee Basic Details Header - FaFa','1900-01-01','00:00:00','False','-'),('Employee Reports - Employee Basic Details (Grid View) - Card Header',163,163,162,162,225,225,225,225,225,225,'Employee Reports - Employee Basic Details (Grid View) - Card Header - FaFa','1.0.0','Is it the correct FaFa?','2021-05-24','-','-','-','fa-fa-star',0,'SB_1',NULL,NULL,163,163,'FaFa','Employee Reports - Employee Basic Details (Grid View) - Card Header - FaFa','1900-01-01','00:00:00','False','-');
/*!40000 ALTER TABLE `temp_test_in_test_run` ENABLE KEYS */;
UNLOCK TABLES;

--
-- Table structure for table `test_insert_has_parent`
--

DROP TABLE IF EXISTS `test_insert_has_parent`;
/*!40101 SET @saved_cs_client     = @@character_set_client */;
 SET character_set_client = utf8mb4 ;
CREATE TABLE `test_insert_has_parent` (
  `entity_test_id` int(10) unsigned NOT NULL,
  `parent_test_id` int(10) unsigned NOT NULL,
  `parent_test_version_id` int(10) unsigned DEFAULT NULL,
  PRIMARY KEY (`entity_test_id`,`parent_test_id`),
  UNIQUE KEY `entity_test_id_UNIQUE` (`entity_test_id`)
) ENGINE=InnoDB DEFAULT CHARSET=utf8;
/*!40101 SET character_set_client = @saved_cs_client */;

--
-- Dumping data for table `test_insert_has_parent`
--

LOCK TABLES `test_insert_has_parent` WRITE;
/*!40000 ALTER TABLE `test_insert_has_parent` DISABLE KEYS */;
/*!40000 ALTER TABLE `test_insert_has_parent` ENABLE KEYS */;
UNLOCK TABLES;

--
-- Table structure for table `test_run`
--

DROP TABLE IF EXISTS `test_run`;
/*!40101 SET @saved_cs_client     = @@character_set_client */;
 SET character_set_client = utf8mb4 ;
CREATE TABLE `test_run` (
  `id` int(10) unsigned NOT NULL AUTO_INCREMENT,
  `test_run_name` varchar(100) NOT NULL,
  `comments` varchar(1000) DEFAULT NULL,
  PRIMARY KEY (`id`),
  UNIQUE KEY `id_UNIQUE` (`id`)
) ENGINE=InnoDB AUTO_INCREMENT=4 DEFAULT CHARSET=utf8;
/*!40101 SET character_set_client = @saved_cs_client */;

--
-- Dumping data for table `test_run`
--

LOCK TABLES `test_run` WRITE;
/*!40000 ALTER TABLE `test_run` DISABLE KEYS */;
INSERT INTO `test_run` VALUES (1,'Login','Login form'),(2,'Homepage - Initial','Homepage with intial status after logging in.'),(3,'Top Right Nav Bar','Test the children of the top right nav bar');
/*!40000 ALTER TABLE `test_run` ENABLE KEYS */;
UNLOCK TABLES;

--
-- Table structure for table `test_run_has_test_suite`
--

DROP TABLE IF EXISTS `test_run_has_test_suite`;
/*!40101 SET @saved_cs_client     = @@character_set_client */;
 SET character_set_client = utf8mb4 ;
CREATE TABLE `test_run_has_test_suite` (
  `test_suite_id` int(10) unsigned NOT NULL,
  `test_suite_row_id` int(10) unsigned NOT NULL,
  `test_run_id` int(10) unsigned NOT NULL,
  PRIMARY KEY (`test_suite_id`,`test_suite_row_id`,`test_run_id`),
  UNIQUE KEY `test_run_id_suite_id_ver_num_UNIQUE` (`test_run_id`,`test_suite_id`,`test_suite_row_id`),
  KEY `fk_test_run_has_test_suite_test_run1_idx` (`test_run_id`),
  KEY `fk_test_run_has_test_suite_test_suite1` (`test_suite_row_id`,`test_suite_id`),
  CONSTRAINT `fk_test_run_has_test_suite_test_run1` FOREIGN KEY (`test_run_id`) REFERENCES `test_run` (`id`) ON UPDATE CASCADE,
  CONSTRAINT `fk_test_run_has_test_suite_test_suite1` FOREIGN KEY (`test_suite_row_id`, `test_suite_id`) REFERENCES `test_suite` (`id`, `test_suite_id`) ON UPDATE CASCADE
) ENGINE=InnoDB DEFAULT CHARSET=utf8;
/*!40101 SET character_set_client = @saved_cs_client */;

--
-- Dumping data for table `test_run_has_test_suite`
--

LOCK TABLES `test_run_has_test_suite` WRITE;
/*!40000 ALTER TABLE `test_run_has_test_suite` DISABLE KEYS */;
INSERT INTO `test_run_has_test_suite` VALUES (3,3,1),(9,9,2),(15,15,3);
/*!40000 ALTER TABLE `test_run_has_test_suite` ENABLE KEYS */;
UNLOCK TABLES;

--
-- Table structure for table `test_run_result`
--

DROP TABLE IF EXISTS `test_run_result`;
/*!40101 SET @saved_cs_client     = @@character_set_client */;
 SET character_set_client = utf8mb4 ;
CREATE TABLE `test_run_result` (
  `id` int(10) unsigned NOT NULL AUTO_INCREMENT,
  `test_run_id` int(10) unsigned NOT NULL,
  `test_run_run_by_employee_id` varchar(45) NOT NULL,
  `result_timestamp` timestamp NOT NULL DEFAULT CURRENT_TIMESTAMP,
  `number_test_cases_run` mediumint(9) NOT NULL,
  `number_failures` mediumint(9) NOT NULL,
  `number_passed` mediumint(9) NOT NULL,
  `number_ignored` mediumint(9) NOT NULL,
  `comments` text,
  PRIMARY KEY (`id`,`test_run_id`),
  UNIQUE KEY `id_UNIQUE` (`id`),
  KEY `fk_test_run_result_test_run1_idx` (`test_run_id`),
  KEY `fk_test_run_result_employee1_idx` (`test_run_run_by_employee_id`),
  CONSTRAINT `fk_test_run_result_employee1` FOREIGN KEY (`test_run_run_by_employee_id`) REFERENCES `employee` (`id`),
  CONSTRAINT `fk_test_run_result_test_run1` FOREIGN KEY (`test_run_id`) REFERENCES `test_run` (`id`) ON DELETE CASCADE ON UPDATE CASCADE
) ENGINE=InnoDB AUTO_INCREMENT=5 DEFAULT CHARSET=utf8;
/*!40101 SET character_set_client = @saved_cs_client */;

--
-- Dumping data for table `test_run_result`
--

LOCK TABLES `test_run_result` WRITE;
/*!40000 ALTER TABLE `test_run_result` DISABLE KEYS */;
INSERT INTO `test_run_result` VALUES (1,1,'SB_1','2021-05-17 13:45:51',6,0,6,0,'None'),(2,1,'SB_1','2021-05-17 14:24:48',4,0,4,0,'Run without labels'),(3,2,'SB_1','2021-05-17 14:49:37',32,7,25,0,'Info bar and top right nav bar had failures'),(4,1,'SB_1','2021-05-26 07:15:31',4,0,4,0,'Test Complete Notes');
/*!40000 ALTER TABLE `test_run_result` ENABLE KEYS */;
UNLOCK TABLES;

--
-- Table structure for table `test_suite`
--

DROP TABLE IF EXISTS `test_suite`;
/*!40101 SET @saved_cs_client     = @@character_set_client */;
 SET character_set_client = utf8mb4 ;
CREATE TABLE `test_suite` (
  `id` int(10) unsigned NOT NULL AUTO_INCREMENT,
  `test_suite_id` int(10) unsigned NOT NULL,
  `test_suite_name` varchar(250) DEFAULT NULL,
  `test_suite_notes` text,
  `parent_id` int(10) unsigned DEFAULT NULL,
  `parent_test_suite_id` int(10) unsigned DEFAULT NULL,
  PRIMARY KEY (`id`,`test_suite_id`),
  UNIQUE KEY `id_UNIQUE` (`id`),
  KEY `fk_test_suite_test_suite2_idx` (`test_suite_id`) /*!80000 INVISIBLE */,
  KEY `fk_test_suite_test_suite3_idx` (`test_suite_id`),
  KEY `fk_test_suite_test_suite1_idx` (`parent_id`,`parent_test_suite_id`),
  CONSTRAINT `fk_test_suite_test_suite1` FOREIGN KEY (`parent_id`, `parent_test_suite_id`) REFERENCES `test_suite` (`id`, `test_suite_id`)
) ENGINE=InnoDB AUTO_INCREMENT=9019 DEFAULT CHARSET=utf8;
/*!40101 SET character_set_client = @saved_cs_client */;

--
-- Dumping data for table `test_suite`
--

LOCK TABLES `test_suite` WRITE;
/*!40000 ALTER TABLE `test_suite` DISABLE KEYS */;
INSERT INTO `test_suite` VALUES (1,1,'Root','ADD TEST SUITE NOTES',0,0),(2,2,'Dakar Web','ADD TEST SUITE NOTES',1,1),(3,3,'Login Screen','ADD TEST SUITE NOTES',2,2),(8,8,'Login Button','ADD TEST SUITE NOTES',3,3),(9,9,'Home Page','ADD TEST SUITE NOTES',2,2),(10,10,'Home Page Info Bar','ADD TEST SUITE NOTES',9,9),(13,13,'Menu Toggle','ADD TEST SUITE NOTES',10,10),(15,15,'Home Page Top Right Nav Bar','ADD TEST SUITE NOTES',9,9),(16,16,'Authorisations','ADD TEST SUITE NOTES',15,15),(17,17,'Employee Creation Wizard','ADD TEST SUITE NOTES',15,15),(18,18,'Employee CV','ADD TEST SUITE NOTES',15,15),(19,19,'Employee Grid View','ADD TEST SUITE NOTES',15,15),(20,20,'Visual Reports','ADD TEST SUITE NOTES',15,15),(21,21,'Dakar Intelligence','ADD TEST SUITE NOTES',15,15),(22,22,'Organisation Chart','ADD TEST SUITE NOTES',15,15),(23,23,'My Company / Last Viewed','ADD TEST SUITE NOTES',15,15),(24,24,'All Notifications','ADD TEST SUITE NOTES',15,15),(25,25,'New Employments','ADD TEST SUITE NOTES',15,15),(26,26,'Terminations','ADD TEST SUITE NOTES',15,15),(27,27,'Quick Links','ADD TEST SUITE NOTES',15,15),(28,28,'User Avatar','ADD TEST SUITE NOTES',15,15),(29,29,'Main Menu','ADD TEST SUITE NOTES',9,9),(30,30,'Main Menu - Payroll','ADD TEST SUITE NOTES',29,29),(31,31,'Employee List','ADD TEST SUITE NOTES',30,30),(32,32,'Documents','ADD TEST SUITE NOTES',30,30),(33,33,'Employee Others','ADD TEST SUITE NOTES',30,30),(34,34,'Payroll','ADD TEST SUITE NOTES',30,30),(35,35,'Payroll Statistics','ADD TEST SUITE NOTES',30,30),(36,36,'Absence Statistics','ADD TEST SUITE NOTES',30,30),(37,37,'Reports','ADD TEST SUITE NOTES',30,30),(38,38,'Monthly Reports','ADD TEST SUITE NOTES',30,30),(39,39,'Yearly Reports','ADD TEST SUITE NOTES',30,30),(40,40,'Bulk Updates','ADD TEST SUITE NOTES',30,30),(41,41,'Settings','ADD TEST SUITE NOTES',30,30),(42,42,'Authorisations Form','ADD TEST SUITE NOTES',16,16),(47,47,'Accept Criteria','ADD TEST SUITE NOTES',42,42),(48,48,'Authorisations Grid','ADD TEST SUITE NOTES',42,42),(49,49,'Employee Creation Wizard - Step 1','Step 1 of ECW',106,106),(59,59,'Back','Go back a step',49,49),(60,60,'Continue','Go forward a step',49,49),(61,61,'Employee Creation Wizard - Step 2','Step 2 of ECW',106,106),(71,71,'Back','Go back a step',61,61),(72,72,'Continue','Go forward a step',61,61),(73,73,'Employee Creation Wizard - Step 3','Step 3 of ECW',106,106),(84,84,'Back','Go back a step',73,73),(85,85,'Continue','Go forward a step',73,73),(86,86,'Employee Creation Wizard - Step 4','Step 4 of ECW',106,106),(94,94,'Back','Go back a step',86,86),(95,95,'Continue','Go forward a step',86,86),(96,96,'Employee Creation Wizard - Step 5','Step 5 of ECW',106,106),(99,99,'Back','Go back a step',96,96),(100,100,'Create Employee','Create the employee if all the data is valid',96,96),(106,106,'Employee Creation Wizard','Top level of ECW',17,17),(108,108,'Employee CV','Overall test for the employee CV form',18,18),(116,116,'Accept Criteria','Test the function of the accept criteria button',108,108),(118,118,'Bio Info','Test all the bio info',108,108),(127,127,'Bio Content','Test all the bio content',118,118),(128,128,'Accordion - CV','Test accordion CV',108,108),(129,129,'Accordion - CV - Career','Test accordion key: career',128,128),(130,130,'Grid - Career','Top level of grid',129,129),(131,131,'Acc Key - CV - Allowance','Test accordion key: allowance',128,128),(132,132,'Grid - Allowance','Top level of grid',131,131),(133,133,'Acc Key - CV - Salary','Test accordion key: salary',128,128),(134,134,'Grid - Salary','Top level of grid',133,133),(135,135,'Acc Key - Emp Schedule','Test accordion key: schedule',128,128),(136,136,'Grid - Emp Schedule','Top level of grid',135,135),(137,137,'Acc Key - Working Permit','Test accordion key: work permit',128,128),(138,138,'Grid - Work Permit','Top level of grid',137,136),(139,139,'Save','Test save button and modal form after',108,108),(140,140,'Form - Save','Save form',139,139),(141,141,'Form - Save - Header','Test the modal form header',140,140),(143,143,'Form - Save - Body','Test the modal form body',140,140),(144,144,'Form - Save - Footer','Test the modal form footer',140,140),(145,145,'Button Ok','Test the function of the Ok button',144,144),(146,146,'Button Cancel','Test the function of the save button',144,144),(147,147,'Employee Grid View - Grid','Test the grid.',148,148),(148,148,'Employee Grid View - Form','Test the form.',19,19),(149,149,'Visual Reports - Form','Test all elements of the form.',20,20),(150,150,'Dakar Intelligence - Form','Test all elements of the form.',21,21),(151,151,'Employee Reports','Test all elements of the card [header/group/element(s)/element header/body/body title].',150,150),(157,157,'Employee Reports - Card Group','Test all elements in the group',151,151),(158,158,'Employee Reports - Employee Basic Details','Test the header and body.',157,157),(159,159,'Employee Reports - Employee Basic Details Header','Is the header text is correct?',158,158),(160,160,'Employee Reports - Employee Basic Details Body','Does it have a title? Is it title correct?',158,158),(162,162,'Employee Reports - Employee Basic Details (Grid View)','Test the header and body.',157,157),(163,163,'Employee Reports - Employee Basic Details (Grid View) - Card Header','Is the header text is correct?',162,162),(164,164,'Employee Reports - Employee Basic Details (Grid View) - Card Body','Does it have a title? Is it title correct?',162,162),(166,166,'Payroll Reports','Test all elements of the card [header/group/element(s)/element header/body/body title].',150,150),(167,167,'Payroll Reports - Card Group','Test all elements in the group',166,166),(168,168,'Payroll Reports - Payroll Statistics - Gross/Tax/NI','Test the header and body.',166,166),(170,170,'Payroll Reports - Payroll Statistics - Gross/Tax/NI Body','Does it have a title? Is it title correct?',168,168),(172,172,'Payroll Reports - Payroll Statistics - Extras Breakdown Report','Test the header and body.',231,231),(173,173,'Payroll Statistics - Extras Breakdown Report Header','Is the header text is correct?',172,172),(174,174,'Payroll Statistics - Extras Breakdown Report Body','Does it have a title? Is it title correct?',172,172),(176,176,'Payroll Reports - Payroll - Extras Breakdown by Cost Center','Test the header and body.',166,166),(177,177,'Payroll Reports - Payroll - Extras Breakdown by Cost Center - Card Header','Is the header text is correct?',176,176),(178,178,'Payroll Reports - Payroll - Extras Breakdown by Cost Center - Card Body','Does it have a title? Is it title correct?',176,176),(180,180,'Payroll Reports - Payroll - Allowances Breakdown','Test the header and body.',166,166),(181,181,'Payroll Reports - Payroll - Allowances Breakdown - Element Header','Is the header text is correct?',180,180),(182,182,'Payroll Reports - Payroll - Allowances Breakdown - Card Body','Does it have a title? Is it title correct?',181,181),(184,184,'Payroll Reports - Payroll Statistics - Bank Cash Payments','Test the header and body.',166,166),(185,185,'Payroll Reports - Payroll Statistics - Bank Cash Payments - Element Header','Is the header text is correct?',184,184),(186,186,'Payroll Reports - Payroll Statistics - Bank Cash Payments - Card Body','Does it have a title? Is it title correct?',185,185),(188,188,'Payroll Reports - Payroll Statistics - Unions','Test the header and body.',166,166),(189,189,'Payroll Reports - Payroll Statistics - Unions - Element Header','Is the header text is correct?',188,188),(190,190,'Payroll Reports - Payroll Statistics - Unions - Card Body','Does it have a title? Is it title correct?',189,189),(192,192,'Payroll Changes','Test all elements of the card [header/group/element(s)/element header/body/body title].',150,150),(193,193,'Payroll Changes - Card Group','Test all elements in the group',192,192),(194,194,'2020 Payroll Changes - Card Element','Test the header and body.',193,193),(195,195,'2020 Payroll Changes - Element Header','Is the header text is correct?',194,194),(196,196,'2020 Payroll Changes - Card Body','Does it have a title? Is it title correct?',195,195),(198,198,'2019 Payroll Changes - Card Element','Test the header and body.',192,192),(199,199,'2019 Payroll Changes - Element Header','Is the header text is correct?',198,198),(200,200,'2019 Payroll Changes - Card Element - Card Body','Does it have a title? Is it title correct?',199,199),(202,202,'Absences','Test all elements of the card [header/group/element(s)/element header/body/body title].',150,150),(203,203,'Absences - Card Group','Test all elements in the group',202,202),(204,204,'Absences Consumed - Card Element','Test the header and body.',203,203),(205,205,'Absences Consumed - Element Header','Is the header text is correct?',204,204),(206,206,'Absences Consumed - Card Body','Does it have a title? Is it title correct?',205,205),(208,208,'Absence Entitlements','Test the header and body.',203,203),(209,209,'Absence Entitlements - Element Header','Is the header text is correct?',208,208),(210,210,'Absence Entitlements - Card Body','Does it have a title? Is it title correct?',209,209),(212,212,'Absence Entitlements (Grid View)','Test the header and body.',203,203),(213,213,'Absence Entitlements (Grid View) - Element Header','Is the header text is correct?',212,212),(214,214,'Absence Entitlements (Grid View) - Card Body','Does it have a title? Is it title correct?',213,213),(216,216,'Employee Reports - Card Header','Is the FaFa is correct?',151,151),(226,226,'Payroll Reports - Card Header','Is the FaFa is correct?',166,166),(229,229,'Payroll Reports - Element Header','Is the header text is correct?',168,168),(252,252,'My Company / Last Viewed - DropdownMenu','Are the correct panels available and is the user taken to them when clicking?',23,23),(253,253,'My Company / Last Viewed - DropdownMenu - Header','Does the header have the correct data?',252,252),(255,255,'My Company / Last Viewed - DropdownMenu - Row','Does the row contain all the correct cols & data etc?',252,252),(256,256,'My Company / Last Viewed - DropdownMenu - Row - Column 1','Does the column contain all the correct data?',255,255),(258,258,'My Company / Last Viewed - DropdownMenu - Row - Column 2','Does the column contain all the correct data?',255,255),(260,260,'My Company / Last Viewed - DropdownMenu - Row - Column 3','Does the column contain all the correct data?',255,255),(262,262,'All Notifications - DropdownMenu','Are the correct panels available and is the user taken to them when clicking?',24,24),(263,263,'All Notifications - DropdownMenu - Header','Does the header have the correct data?',262,262),(265,265,'All Notifications - DropdownMenu - Item 1','Does the item have the correct data?',262,262),(268,268,'All Notifications - DropdownMenu - Item 2','Does the item have the correct data?',262,262),(271,271,'All Notifications - DropdownMenu - Item 3','Does the item have the correct data?',262,262),(274,274,'New Employments - DropdownMenu','Are the correct panels available and is the user taken to them when clicking?',25,25),(275,275,'New Employments - DropdownMenu - Header','Does the header have the correct data?',274,274),(277,277,'Terminations - DropdownMenu','Are the correct panels available and is the user taken to them when clicking?',26,26),(278,278,'Terminations - DropdownMenu - Header','Does the header have the correct data?',277,277),(280,280,'User Management','Does the link have the correct FaFa and tooltip?',15,15),(284,284,'User Management - Dropdown Menu','Are the correct panels available and is the user taken to them when clicking?',280,280),(285,285,'User Management - Dropdown Menu - Header','Does the header have the correct data?',284,284),(287,287,'User Management - DropdownMenu - Item 1','Does the item have the correct data?',284,284),(290,290,'Group Authorisations - DropdownMenu - Item 2','Does the item have the correct data?',284,284),(293,293,'Quick Links - Payroll','Does the link have the correct FaFa and tooltip?',15,15),(295,295,'Quick Links - Dropdown Menu - Header','Does the header have the correct data?',293,293),(297,297,'Quick Links - Grid','Does the grid have the correct items?',293,293),(298,298,'Quick Links - Grid - JSDropdownMenuHeader','Does the header have the correct data?',297,297),(300,300,'Quick Links - Grid- Quick Link Grid Item 1','Does the grid item have the correct FaFa & Text?',297,297),(303,303,'Quick Links - Grid- Quick Link Grid Item 2','Does the grid item have the correct FaFa & Text?',297,297),(306,306,'Quick Links - Grid- Quick Link Grid Item 3','Does the grid item have the correct FaFa & Text?',297,297),(309,309,'Quick Links - Grid- Quick Link Grid Item 4','Does the grid item have the correct FaFa & Text?',297,297),(312,312,'User Avatar - Dropdwon Menu','Are the correct panels available and is the user taken to them when clicking?',28,28),(313,313,'User Avatar - Dropdown Menu - Header','Does the header have the correct data?',312,312),(314,314,'User Avatar - Dropdown Menu - Header - Media Obj','Is the alignemnt correct? Are the correct elements displayed?',313,313),(316,316,'User Avatar - Dropdown Menu - Header - Media Object Body','Are the correct elements displayed?',314,314),(321,31,'Employee List','Is the FaFa & Text correct? Is the link correct?',30,30),(325,324,'Employee List - ClickRedirect','Is the correct page displayed after clicking?',321,31),(329,328,'Documents - ClickRedirect','Is the correct page displayed after clicking?',330,32),(330,32,'Documents','Is the FaFa & Text correct? Is the link correct?',30,30),(331,329,'Employees','Is the FaFa & Text correct? Does it have the correct elements?',30,30),(341,339,'Employees - DisplayBlock','Is the icon correct?',331,329),(342,340,'Employees - Employee Details','Is the FaFa & Text correct? Is the link correct?',341,339),(346,344,'Employees - MobileLeftSideHider - ClickRedirect','Is the correct page displayed after clicking?',342,340),(347,33,'Employee Others','Is the FaFa & Text correct? Does it have the correct elements?',30,30),(351,349,'Employee Others - DisplayBlock','Is the icon correct?',347,33),(352,350,'Employee Others - Absence Entitlements','Is the FaFa & Text correct? Is the link correct?',347,33),(356,354,'Employee Others - Absence Entitlements - ClickRedirect','Is the correct page displayed after clicking?',352,350),(357,34,'Payroll','Is the FaFa & Text correct? Does it have the correct elements?',30,30),(361,359,'Payroll - DisplayBlock','Is the icon correct?',357,34),(362,35,'Payroll Statistics','Is the FaFa & Text correct? Is the link correct?',30,30),(365,363,'Payroll Statistics - ClickRedirect','Is the correct page displayed after clicking?',362,35),(366,364,'Employee Statistics','Is the FaFa & Text correct? Does it have the correct elements?',30,30),(370,368,'Employee Statistics - DisplayBlock','Is the icon correct?',366,364),(371,36,'Absence Statistics','Is the FaFa & Text correct? Does it have the correct elements?',30,30),(375,373,'Absence Statistics - DisplayBlock','Is the icon correct?',371,36),(376,37,'Reports','Is the FaFa & Text correct? Does it have the correct elements?',30,30),(380,378,'Reports - DisplayBlock','Is the icon correct?',376,37),(381,38,'Monthly Reports','Is the FaFa & Text correct? Is the link correct?',30,30),(384,382,'Monthly Reports - ClickRedirect','Is the correct page displayed after clicking?',381,38),(385,39,'Yearly Reports','Is the FaFa & Text correct? Is the link correct?',30,30),(388,386,'Yearly Reports - ClickRedirect','Is the correct page displayed after clicking?',385,39),(389,40,'Bulk Updates','Is the FaFa & Text correct? Does it have the correct elements?',30,30),(394,391,'Bulk Updates - DisplayBlock','Is the icon correct?',389,40),(395,41,'Settings','Is the FaFa & Text correct? Is the link correct?',30,30),(398,395,'Settings - ClickRedirect','Is the correct page displayed after clicking?',395,41),(399,396,'Employees - Contact Numbers','Is the FaFa & Text correct? Is the link correct?',331,329),(402,399,'Employees - Contact Numbers - ClickRedirect','Is the correct page displayed after clicking?',399,396),(403,400,'Employees - Banks','Is the FaFa & Text correct? Is the link correct?',331,329),(406,403,'Employees - Banks - ClickRedirect','Is the correct page displayed after clicking?',403,400),(407,404,'Employees - Salary Details','Is the FaFa & Text correct? Is the link correct?',331,329),(410,407,'Employees - Salary Details - ClickRedirect','Is the correct page displayed after clicking?',407,404),(411,408,'Employees - Career Progression','Is the FaFa & Text correct? Is the link correct?',331,329),(414,411,'Employees - Career Progression - ClickRedirect','Is the correct page displayed after clicking?',411,408),(415,412,'Employees - Schedule','Is the FaFa & Text correct? Is the link correct?',331,329),(418,415,'Employees - Schedule - ClickRedirect','Is the correct page displayed after clicking?',415,412),(419,416,'Employees - Permanent Allowances','Is the FaFa & Text correct? Is the link correct?',331,329),(422,419,'Employees - Permanent Allowances - ClickRedirect','Is the correct page displayed after clicking?',419,416),(423,420,'Employees - Previous Employment','Is the FaFa & Text correct? Is the link correct?',331,329),(426,423,'Employees - Previous Employment - ClickRedirect','Is the correct page displayed after clicking?',423,420),(427,424,'Employees - Unions','Is the FaFa & Text correct? Is the link correct?',331,329),(430,427,'Employees - Unions - ClickRedirect','Is the correct page displayed after clicking?',427,424),(431,428,'Employee Others - Advances & Payments','Is the FaFa & Text correct? Is the link correct?',347,33),(434,431,'Employee Others - Advances & Payment - ClickRedirect','Is the correct page displayed after clicking?',431,428),(435,432,'Employee Others - Tax Arrears','Is the FaFa & Text correct? Is the link correct?',347,33),(438,435,'Employee Others - Tax Arrears - ClickRedirect','Is the correct page displayed after clicking?',435,432),(439,436,'Employee Others - Loans','Is the FaFa & Text correct? Is the link correct?',347,33),(442,439,'Employee Others - Loans - ClickRedirect','Is the correct page displayed after clicking?',439,436),(443,440,'Employee Others - Pensions','Is the FaFa & Text correct? Is the link correct?',347,33),(446,443,'Employee Others - Pensions - ClickRedirect','Is the correct page displayed after clicking?',443,440),(447,444,'Employee Others - Covid-19 Supplement','Is the FaFa & Text correct? Is the link correct?',347,33),(450,447,'Employee Others - Covid-19 Supplement - Display form','Is the correct page displayed after clicking?',447,444),(451,448,'Payroll - Initialise Payroll','Is the FaFa & Text correct? Is the link correct?',357,34),(454,451,'Payroll - Initialise Payroll - ClickRedirect','Is the correct page displayed after clicking?',451,448),(455,452,'Payroll - Payroll Details DrillDown','Is the FaFa & Text correct? Is the link correct?',357,34),(458,455,'Payroll - Payroll Details DrillDown - ClickRedirect','Is the correct page displayed after clicking?',455,452),(459,456,'Payroll - Detailed Adjustments','Is the FaFa & Text correct? Is the link correct?',357,34),(462,459,'Payroll - Detailed Adjustments - ClickRedirect','Is the correct page displayed after clicking?',459,456),(463,460,'Payroll - Global Adjustments','Is the FaFa & Text correct? Is the link correct?',357,34),(466,463,'Payroll - Global Adjustments - ClickRedirect','Is the correct page displayed after clicking?',463,460),(467,464,'Payroll - Global Absences','Is the FaFa & Text correct? Is the link correct?',357,34),(470,467,'Payroll - Global Absences - Display form','Is the correct page displayed after clicking?',467,464),(471,468,'Payroll - Global Extras','Is the FaFa & Text correct? Is the link correct?',357,34),(474,471,'Payroll - Global Extras - ClickRedirect','Is the correct page displayed after clicking?',471,468),(475,472,'Payroll - Calculate Payroll','Is the FaFa & Text correct? Is the link correct?',357,34),(478,475,'Payroll - Calculate Payroll - ClickRedirect','Is the correct page displayed after clicking?',475,472),(479,476,'Payroll - Close & Lock Payroll','Is the FaFa & Text correct? Is the link correct?',357,34),(482,479,'Payroll - Close & Lock Payroll - ClickRedirect','Is the correct page displayed after clicking?',479,476),(483,480,'Payroll - Payroll Details','Is the FaFa & Text correct? Is the link correct?',357,34),(486,483,'Payroll - Payroll Details - ClickRedirect','Is the correct page displayed after clicking?',483,480),(487,484,'Payroll - Excel Payroll Uploads','Is the FaFa & Text correct? Is the link correct?',357,34),(490,487,'Payroll - Excel Payroll Uploads - ClickRedirect','Is the correct page displayed after clicking?',487,484),(491,488,'Payroll - Calculation Statistics','Is the FaFa & Text correct? Is the link correct?',357,34),(494,491,'Payroll - Calculation Statistics - ClickRedirect','Is the correct page displayed after clicking?',491,488),(495,492,'Employee Statistics - Payslip Quick View','Is the FaFa & Text correct? Is the link correct?',370,368),(498,495,'Employee Statistics - Payslip Quick View - ClickRedirect','Is the correct page displayed after clicking?',495,492),(499,496,'Employee Statistics - FS3 Quick View','Is the FaFa & Text correct? Is the link correct?',370,368),(502,499,'Employee Statistics - FS3 Quick View - ClickRedirect','Is the correct page displayed after clicking?',499,496),(503,500,'Employee Statistics - Employee Payroll Statistics','Is the FaFa & Text correct? Is the link correct?',370,368),(506,503,'Employee Statistics - Employee Payroll Statistics - ClickRedirect','Is the correct page displayed after clicking?',503,500),(507,504,'Absence Statistics - Employee Accruals','Is the FaFa & Text correct? Is the link correct?',375,373),(510,507,'Absence Statistics - Employee Accruals - ClickRedirect','Is the correct page displayed after clicking?',507,504),(511,508,'Absence Statistics - Other Absence Statistics','Is the FaFa & Text correct? Is the link correct?',375,373),(514,511,'Absence Statistics - Other Absence Statistics - ClickRedirect','Is the correct page displayed after clicking?',511,508),(515,512,'Reports - Payroll Reports','Is the FaFa & Text correct? Is the link correct?',380,378),(518,515,'Reports - Payroll Reports - ClickRedirect','Is the correct page displayed after clicking?',515,512),(519,516,'Reports - Payslips','Is the FaFa & Text correct? Is the link correct?',380,378),(522,519,'Reports - Payslips - ClickRedirect','Is the correct page displayed after clicking?',519,516),(523,520,'Reports - Direct Credits','Is the FaFa & Text correct? Is the link correct?',380,378),(526,523,'Reports - Direct Credits - ClickRedirect','Is the correct page displayed after clicking?',523,520),(527,524,'Reports - Global Payroll Analysis','Is the FaFa & Text correct? Is the link correct?',380,378),(530,527,'Reports - Global Payroll Analysis - ClickRedirect','Is the correct page displayed after clicking?',527,524),(531,528,'Reports - Cheque Printing','Is the FaFa & Text correct? Is the link correct?',380,378),(534,531,'Reports - Cheque Printing - ClickRedirect','Is the correct page displayed after clicking?',531,528),(535,532,'Reports - Adjustments Reports','Is the FaFa & Text correct? Is the link correct?',380,378),(538,535,'Reports - Adjustments Reports - ClickRedirect','Is the correct page displayed after clicking?',535,532),(539,536,'Reports - HR Related Reports','Is the FaFa & Text correct? Is the link correct?',380,378),(542,539,'Reports - HR Related Reports - ClickRedirect','Is the correct page displayed after clicking?',539,536),(543,540,'Reports - Absence Related Reports','Is the FaFa & Text correct? Is the link correct?',380,378),(546,543,'Reports - Absence Related Reports - ClickRedirect','Is the correct page displayed after clicking?',543,540),(547,544,'Bulk Updates - COLA Salary Updates','Is the FaFa & Text correct? Is the link correct?',394,391),(550,547,'Bulk Updates - COLA Salary Updates - ClickRedirect','Is the correct page displayed after clicking?',547,544),(551,548,'Bulk Updates - Employee Creation','Is the FaFa & Text correct? Is the link correct?',394,391),(554,551,'Bulk Updates - Employee Creation - ClickRedirect','Is the correct page displayed after clicking?',551,548),(9000,9000,'JSPanel','Test JS Panel',1,1),(9001,9001,'JSPanel Standard','Test JS Panel standard',9000,9000),(9002,9002,'JSPanel Header','Test JS Panel header',9000,9000),(9004,9004,'JS Content','Test JS Panel content',9000,9000),(9008,9008,'JSTitlebar','Test JS Panel title bar',9002,9002),(9009,9009,'JSControlbar','Test JS Panel controlbar',9002,9002),(9010,9010,'JSHeaderToolbarActive','Test JS Panel header toolbar',9002,9002),(9011,9011,'JSDropdown','Test JS Panel dropdown',9000,9000),(9018,9018,'DKGrid','Test Dakar grid',1,1);
/*!40000 ALTER TABLE `test_suite` ENABLE KEYS */;
UNLOCK TABLES;

--
-- Table structure for table `test_suite_has_entity_test`
--

DROP TABLE IF EXISTS `test_suite_has_entity_test`;
/*!40101 SET @saved_cs_client     = @@character_set_client */;
 SET character_set_client = utf8mb4 ;
CREATE TABLE `test_suite_has_entity_test` (
  `id` int(11) NOT NULL AUTO_INCREMENT,
  `test_suite_row_id` int(10) unsigned NOT NULL,
  `test_suite_id` int(10) unsigned NOT NULL,
  `entity_test_id` int(10) unsigned NOT NULL,
  `entity_test_entity_test_id` int(10) unsigned NOT NULL,
  `entity_test_entity_id` int(10) unsigned NOT NULL,
  `entity_test_entity_entity_id` int(10) unsigned NOT NULL,
  PRIMARY KEY (`id`),
  UNIQUE KEY `id_UNIQUE` (`id`),
  KEY `fk_test_suite_has_entity_test_entity_test1_idx` (`entity_test_id`,`entity_test_entity_test_id`,`entity_test_entity_id`,`entity_test_entity_entity_id`),
  KEY `fk_test_suite_has_entity_test_test_suite1` (`test_suite_row_id`,`test_suite_id`),
  CONSTRAINT `fk_test_suite_has_entity_test_entity_test1` FOREIGN KEY (`entity_test_id`, `entity_test_entity_test_id`, `entity_test_entity_id`, `entity_test_entity_entity_id`) REFERENCES `entity_test` (`id`, `entity_test_id`, `entity_id`, `entity_entity_id`),
  CONSTRAINT `fk_test_suite_has_entity_test_test_suite1` FOREIGN KEY (`test_suite_row_id`, `test_suite_id`) REFERENCES `test_suite` (`id`, `test_suite_id`)
) ENGINE=InnoDB AUTO_INCREMENT=1275 DEFAULT CHARSET=utf8;
/*!40101 SET character_set_client = @saved_cs_client */;

--
-- Dumping data for table `test_suite_has_entity_test`
--

LOCK TABLES `test_suite_has_entity_test` WRITE;
/*!40000 ALTER TABLE `test_suite_has_entity_test` DISABLE KEYS */;
INSERT INTO `test_suite_has_entity_test` VALUES (1,1,1,2,2,2,2),(2,2,2,3,3,3,3),(4,3,3,5,5,5,5),(6,3,3,7,7,7,7),(7,3,3,8,8,8,8),(8,2,2,9,9,9,9),(9,9,9,10,10,10,10),(10,10,10,12,12,12,12),(11,10,10,14,14,14,14),(12,10,10,13,13,13,13),(13,9,9,15,15,15,15),(14,15,15,16,16,16,16),(15,15,15,17,17,17,17),(16,15,15,18,18,18,18),(17,15,15,19,19,19,19),(18,15,15,20,20,20,20),(19,15,15,21,21,21,21),(20,15,15,22,22,22,22),(21,15,15,23,23,23,23),(22,15,15,24,24,24,24),(23,15,15,25,25,25,25),(24,15,15,26,26,26,26),(25,15,15,27,27,27,27),(26,15,15,28,28,28,28),(27,9,9,29,29,29,29),(28,29,29,30,30,30,30),(29,30,30,31,31,31,31),(30,30,30,32,32,32,32),(31,30,30,33,33,33,33),(32,30,30,34,34,34,34),(33,30,30,35,35,35,35),(34,30,30,36,36,36,36),(35,30,30,37,37,37,37),(36,30,30,38,38,38,38),(37,30,30,39,39,39,39),(38,30,30,40,40,40,40),(39,30,30,41,41,41,41),(47,16,16,42,42,42,42),(48,42,42,43,43,43,43),(49,42,42,44,44,44,44),(50,42,42,45,45,45,45),(51,42,42,46,46,46,46),(52,42,42,47,47,47,47),(53,42,42,48,48,48,48),(113,17,17,106,106,106,106),(114,106,106,107,107,107,107),(115,106,106,49,49,49,49),(116,49,49,101,101,101,101),(117,49,49,50,50,50,50),(118,49,49,51,51,51,51),(119,49,49,52,52,52,52),(120,49,49,53,53,53,53),(121,49,49,54,54,54,54),(122,49,49,55,55,55,55),(123,49,49,56,56,56,56),(124,49,49,57,57,57,57),(125,49,49,58,58,58,58),(126,49,49,59,59,59,59),(127,49,49,60,60,60,60),(128,106,106,61,61,61,61),(129,61,61,102,102,102,102),(130,61,61,62,62,62,62),(131,61,61,63,63,63,63),(132,61,61,64,64,64,64),(133,61,61,65,65,65,65),(134,61,61,66,66,66,66),(135,61,61,67,67,67,67),(136,61,61,68,68,68,68),(137,61,61,69,69,69,69),(138,61,61,70,70,70,70),(139,61,61,71,71,71,71),(140,61,61,72,72,72,72),(141,106,106,73,73,73,73),(142,73,73,103,103,103,103),(143,73,73,74,74,74,74),(144,73,73,75,75,75,75),(145,73,73,76,76,76,76),(146,73,73,77,77,77,77),(147,73,73,78,78,78,78),(148,73,73,79,79,79,79),(149,73,73,80,80,80,80),(150,73,73,81,81,81,81),(151,73,73,82,82,82,82),(152,73,73,83,83,83,83),(153,73,73,84,84,84,84),(154,73,73,85,85,85,85),(155,106,106,86,86,86,86),(156,86,86,104,104,104,104),(157,86,86,87,87,87,87),(158,86,86,88,88,88,88),(159,86,86,89,89,89,89),(160,86,86,90,90,90,90),(161,86,86,91,91,91,91),(162,86,86,92,92,92,92),(163,86,86,93,93,93,93),(164,86,86,94,94,94,94),(165,86,86,95,95,95,95),(166,106,106,96,96,96,96),(167,96,96,105,105,105,105),(168,96,96,97,97,97,97),(169,96,96,98,98,98,98),(170,96,96,99,99,99,99),(171,96,96,100,100,100,100),(232,18,18,108,108,108,108),(233,108,108,109,109,109,109),(234,108,108,110,110,110,110),(235,108,108,111,111,111,111),(236,108,108,112,112,112,112),(237,108,108,113,113,113,113),(238,108,108,114,114,114,114),(239,108,108,115,115,115,115),(240,108,108,116,116,116,116),(241,116,116,117,117,117,117),(242,108,108,118,118,118,118),(243,118,118,120,120,120,120),(244,118,118,121,121,121,121),(245,118,118,122,122,122,122),(246,118,118,123,123,123,123),(247,118,118,124,124,124,124),(248,118,118,125,125,125,125),(249,118,118,126,126,126,126),(250,118,118,127,127,127,127),(251,108,108,128,128,128,128),(252,128,128,129,129,129,129),(253,129,129,130,130,130,130),(254,128,128,131,131,131,131),(255,131,131,132,132,132,132),(256,128,128,133,133,133,133),(257,133,133,134,134,134,134),(262,128,128,135,135,135,135),(263,135,135,136,136,136,136),(264,128,128,137,137,137,137),(265,137,137,138,138,138,138),(266,108,108,139,139,139,139),(267,139,139,140,140,140,140),(268,140,140,141,141,141,141),(269,141,141,142,142,142,142),(270,140,140,143,143,143,143),(271,140,140,144,144,144,144),(272,144,144,145,145,145,145),(273,144,144,146,146,146,146),(276,148,148,147,147,147,147),(277,19,19,148,148,148,148),(335,1,1,9000,9000,9000,9000),(336,9000,9000,9003,9003,9003,9003),(337,9000,9000,9005,9005,9005,9005),(338,9000,9000,9006,9006,9006,9006),(339,9000,9000,9001,9001,9001,9001),(340,9000,9000,9002,9002,9002,9002),(341,9002,9002,9007,9007,9007,9007),(342,9000,9000,9004,9004,9004,9004),(343,9002,9002,9008,9008,9008,9008),(344,9002,9002,9009,9009,9009,9009),(345,9009,9009,9015,9015,9015,9015),(346,9009,9009,9016,9016,9016,9016),(347,9009,9009,9017,9017,9017,9017),(348,9002,9002,9010,9010,9010,9010),(349,9010,9010,9014,9014,9014,9014),(350,9000,9000,9011,9011,9011,9011),(351,9011,9011,9012,9012,9012,9012),(352,9011,9011,9013,9013,9013,9013),(353,1,1,9018,9018,9018,9018),(428,20,20,149,149,149,149),(429,21,21,150,150,150,150),(430,150,150,151,151,151,151),(431,151,151,216,216,216,216),(432,216,216,220,220,220,220),(433,216,216,221,221,221,221),(434,151,151,157,157,157,157),(435,157,157,158,158,158,158),(436,158,158,161,161,161,161),(437,158,158,159,159,159,159),(438,159,159,223,223,223,223),(439,158,158,160,160,160,160),(440,157,157,162,162,162,162),(441,162,162,165,165,165,165),(442,162,162,163,163,163,163),(443,163,163,225,225,225,225),(444,162,162,164,164,164,164),(445,150,150,166,166,166,166),(446,166,166,226,226,226,226),(447,226,226,227,227,227,227),(448,226,226,228,228,228,228),(456,166,166,167,167,167,167),(457,166,166,168,168,168,168),(458,168,168,171,171,171,171),(459,168,168,229,229,229,229),(460,229,229,230,230,230,230),(461,168,168,170,170,170,170),(462,170,170,172,172,172,172),(463,172,172,175,175,175,175),(464,172,172,173,173,173,173),(465,173,173,233,233,233,233),(466,172,172,174,174,174,174),(467,166,166,176,176,176,176),(468,176,176,179,179,179,179),(469,176,176,177,177,177,177),(470,177,177,235,235,235,235),(471,176,176,178,178,178,178),(472,166,166,180,180,180,180),(538,180,180,183,183,183,183),(539,180,180,181,181,181,181),(540,181,181,237,237,237,237),(541,181,181,182,182,182,182),(542,166,166,184,184,184,184),(543,184,184,187,187,187,187),(544,184,184,185,185,185,185),(545,185,185,239,239,239,239),(546,185,185,186,186,186,186),(547,166,166,188,188,188,188),(548,188,188,191,191,191,191),(549,188,188,189,189,189,189),(550,189,189,241,241,241,241),(679,23,23,252,252,252,252),(680,252,252,253,253,253,253),(681,253,253,254,254,254,254),(682,252,252,255,255,255,255),(683,255,255,256,256,256,256),(684,255,255,258,258,258,258),(685,258,258,259,259,259,259),(686,255,255,260,260,260,260),(687,260,260,261,261,261,261),(688,24,24,262,262,262,262),(689,262,262,263,263,263,263),(690,263,263,264,264,264,264),(691,262,262,265,265,265,265),(692,265,265,266,266,266,266),(693,265,265,267,267,267,267),(694,262,262,268,268,268,268),(695,268,268,269,269,269,269),(696,268,268,270,270,270,270),(697,262,262,271,271,271,271),(698,271,271,272,272,272,272),(699,271,271,273,273,273,273),(700,25,25,274,274,274,274),(701,274,274,275,275,275,275),(702,275,275,276,276,276,276),(703,26,26,277,277,277,277),(704,277,277,278,278,278,278),(705,278,278,279,279,279,279),(706,15,15,280,280,280,280),(707,280,280,283,283,283,283),(708,280,280,284,284,284,284),(709,284,284,285,285,285,285),(710,285,285,286,286,286,286),(711,284,284,287,287,287,287),(712,287,287,288,288,288,288),(713,287,287,289,289,289,289),(714,284,284,290,290,290,290),(715,290,290,291,291,291,291),(716,290,290,292,292,292,292),(717,15,15,293,293,293,293),(718,293,293,294,294,294,294),(719,293,293,295,295,295,295),(720,295,295,296,296,296,296),(721,293,293,297,297,297,297),(722,297,297,298,298,298,298),(723,298,298,299,299,299,299),(724,297,297,300,300,300,300),(725,300,300,301,301,301,301),(726,300,300,302,302,302,302),(727,297,297,303,303,303,303),(728,303,303,304,304,304,304),(729,303,303,305,305,305,305),(730,297,297,306,306,306,306),(731,306,306,307,307,307,307),(732,306,306,308,308,308,308),(733,297,297,309,309,309,309),(734,309,309,310,310,310,310),(735,309,309,311,311,311,311),(736,28,28,312,312,312,312),(737,312,312,313,313,313,313),(738,313,313,314,314,314,314),(739,314,314,316,316,316,316),(740,316,316,318,318,318,318),(741,316,316,319,319,319,319),(742,316,316,320,320,320,320),(743,30,30,321,31,321,31),(744,321,31,323,322,323,322),(745,321,31,324,323,324,323),(746,321,31,325,324,325,324),(747,330,32,329,328,329,328),(748,30,30,330,32,330,32),(749,30,30,331,329,331,329),(750,331,329,338,336,338,336),(751,331,329,340,338,340,338),(752,331,329,341,339,341,339),(753,341,339,342,340,342,340),(754,342,340,344,342,344,342),(755,342,340,345,343,345,343),(756,342,340,346,344,346,344),(757,30,30,347,33,347,33),(758,347,33,348,346,348,346),(759,347,33,349,347,349,347),(760,347,33,350,348,350,348),(761,347,33,351,349,351,349),(762,347,33,352,350,352,350),(763,352,350,354,352,354,352),(764,352,350,355,353,355,353),(765,352,350,356,354,356,354),(766,30,30,357,34,357,34),(767,357,34,358,356,358,356),(768,357,34,359,357,359,357),(769,357,34,360,358,360,358),(770,357,34,361,359,361,359),(771,30,30,362,35,362,35),(772,362,35,363,361,363,361),(773,362,35,364,362,364,362),(774,362,35,365,363,365,363),(775,30,30,366,364,366,364),(776,366,364,367,365,367,365),(777,366,364,368,366,368,366),(778,366,364,369,367,369,367),(779,366,364,370,368,370,368),(780,30,30,371,36,371,36),(781,371,36,372,370,372,370),(782,371,36,373,371,373,371),(783,371,36,374,372,374,372),(784,371,36,375,373,375,373),(785,30,30,376,37,376,37),(786,376,37,377,375,377,375),(787,376,37,378,376,378,376),(788,376,37,379,377,379,377),(789,376,37,380,378,380,378),(790,30,30,381,38,381,38),(791,381,38,382,380,382,380),(792,381,38,383,381,383,381),(793,381,38,384,382,384,382),(794,30,30,385,39,385,39),(795,385,39,386,384,386,384),(796,385,39,387,385,387,385),(797,385,39,388,386,388,386),(798,30,30,389,40,389,40),(799,389,40,391,388,391,388),(800,389,40,392,389,392,389),(801,389,40,393,390,393,390),(802,389,40,394,391,394,391),(803,30,30,395,41,395,41),(804,395,41,396,393,396,393),(805,395,41,397,394,397,394),(806,395,41,398,395,398,395),(1119,331,329,399,396,399,396),(1120,399,396,400,397,400,397),(1121,399,396,401,398,401,398),(1122,399,396,402,399,402,399),(1123,331,329,403,400,403,400),(1124,403,400,404,401,404,401),(1125,403,400,405,402,405,402),(1126,403,400,406,403,406,403),(1127,331,329,407,404,407,404),(1128,407,404,408,405,408,405),(1129,407,404,409,406,409,406),(1130,407,404,410,407,410,407),(1131,331,329,411,408,411,408),(1132,411,408,412,409,412,409),(1133,411,408,413,410,413,410),(1134,411,408,414,411,414,411),(1135,331,329,415,412,415,412),(1136,415,412,416,413,416,413),(1137,415,412,417,414,417,414),(1138,415,412,418,415,418,415),(1139,331,329,419,416,419,416),(1140,419,416,420,417,420,417),(1141,419,416,421,418,421,418),(1142,419,416,422,419,422,419),(1143,331,329,423,420,423,420),(1144,423,420,424,421,424,421),(1145,423,420,425,422,425,422),(1146,423,420,426,423,426,423),(1147,331,329,427,424,427,424),(1148,427,424,428,425,428,425),(1149,427,424,429,426,429,426),(1150,427,424,430,427,430,427),(1151,347,33,431,428,431,428),(1152,431,428,432,429,432,429),(1153,431,428,433,430,433,430),(1154,431,428,434,431,434,431),(1155,347,33,435,432,435,432),(1156,435,432,436,433,436,433),(1157,435,432,437,434,437,434),(1158,435,432,438,435,438,435),(1159,347,33,439,436,439,436),(1160,439,436,440,437,440,437),(1161,439,436,441,438,441,438),(1162,439,436,442,439,442,439),(1163,347,33,443,440,443,440),(1164,443,440,444,441,444,441),(1165,443,440,445,442,445,442),(1166,443,440,446,443,446,443),(1167,347,33,447,444,447,444),(1168,447,444,448,445,448,445),(1169,447,444,449,446,449,446),(1170,447,444,450,447,450,447),(1171,357,34,451,448,451,448),(1172,451,448,452,449,452,449),(1173,451,448,453,450,453,450),(1174,451,448,454,451,454,451),(1175,357,34,455,452,455,452),(1176,455,452,456,453,456,453),(1177,455,452,457,454,457,454),(1178,455,452,458,455,458,455),(1179,357,34,459,456,459,456),(1180,459,456,460,457,460,457),(1181,459,456,461,458,461,458),(1182,459,456,462,459,462,459),(1183,357,34,463,460,463,460),(1184,463,460,464,461,464,461),(1185,463,460,465,462,465,462),(1186,463,460,466,463,466,463),(1187,357,34,467,464,467,464),(1188,467,464,468,465,468,465),(1189,467,464,469,466,469,466),(1190,467,464,470,467,470,467),(1191,357,34,471,468,471,468),(1192,471,468,472,469,472,469),(1193,471,468,473,470,473,470),(1194,471,468,474,471,474,471),(1195,357,34,475,472,475,472),(1196,475,472,476,473,476,473),(1197,475,472,477,474,477,474),(1198,475,472,478,475,478,475),(1199,357,34,479,476,479,476),(1200,479,476,480,477,480,477),(1201,479,476,481,478,481,478),(1202,479,476,482,479,482,479),(1203,357,34,483,480,483,480),(1204,483,480,484,481,484,481),(1205,483,480,485,482,485,482),(1206,483,480,486,483,486,483),(1207,357,34,487,484,487,484),(1208,487,484,488,485,488,485),(1209,487,484,489,486,489,486),(1210,487,484,490,487,490,487),(1211,357,34,491,488,491,488),(1212,491,488,492,489,492,489),(1213,491,488,493,490,493,490),(1214,491,488,494,491,494,491),(1215,370,368,495,492,495,492),(1216,495,492,496,493,496,493),(1217,495,492,497,494,497,494),(1218,495,492,498,495,498,495),(1219,370,368,499,496,499,496),(1220,499,496,500,497,500,497),(1221,499,496,501,498,501,498),(1222,499,496,502,499,502,499),(1223,370,368,503,500,503,500),(1224,503,500,504,501,504,501),(1225,503,500,505,502,505,502),(1226,503,500,506,503,506,503),(1227,375,373,507,504,507,504),(1228,507,504,508,505,508,505),(1229,507,504,509,506,509,506),(1230,507,504,510,507,510,507),(1231,375,373,511,508,511,508),(1232,511,508,512,509,512,509),(1233,511,508,513,510,513,510),(1234,511,508,514,511,514,511),(1235,380,378,515,512,515,512),(1236,515,512,516,513,516,513),(1237,515,512,517,514,517,514),(1238,515,512,518,515,518,515),(1239,380,378,519,516,519,516),(1240,519,516,520,517,520,517),(1241,519,516,521,518,521,518),(1242,519,516,522,519,522,519),(1243,380,378,523,520,523,520),(1244,523,520,524,521,524,521),(1245,523,520,525,522,525,522),(1246,523,520,526,523,526,523),(1247,380,378,527,524,527,524),(1248,527,524,528,525,528,525),(1249,527,524,529,526,529,526),(1250,527,524,530,527,530,527),(1251,380,378,531,528,531,528),(1252,531,528,532,529,532,529),(1253,531,528,533,530,533,530),(1254,531,528,534,531,534,531),(1255,380,378,535,532,535,532),(1256,535,532,536,533,536,533),(1257,535,532,537,534,537,534),(1258,535,532,538,535,538,535),(1259,380,378,539,536,539,536),(1260,539,536,540,537,540,537),(1261,539,536,541,538,541,538),(1262,539,536,542,539,542,539),(1263,380,378,543,540,543,540),(1264,543,540,544,541,544,541),(1265,543,540,545,542,545,542),(1266,543,540,546,543,546,543),(1267,394,391,547,544,547,544),(1268,547,544,548,545,548,545),(1269,547,544,549,546,549,546),(1270,547,544,550,547,550,547),(1271,394,391,551,548,551,548),(1272,551,548,552,549,552,549),(1273,551,548,553,550,553,550),(1274,551,548,554,551,554,551);
/*!40000 ALTER TABLE `test_suite_has_entity_test` ENABLE KEYS */;
UNLOCK TABLES;

--
-- Table structure for table `test_suite_has_version`
--

DROP TABLE IF EXISTS `test_suite_has_version`;
/*!40101 SET @saved_cs_client     = @@character_set_client */;
 SET character_set_client = utf8mb4 ;
CREATE TABLE `test_suite_has_version` (
  `version_id` int(10) unsigned NOT NULL,
  `test_suite_id` int(10) unsigned NOT NULL,
  `test_suite_test_suite_id` int(10) unsigned NOT NULL,
  PRIMARY KEY (`version_id`,`test_suite_id`,`test_suite_test_suite_id`),
  KEY `fk_test_suite_has_version_version1_idx` (`version_id`),
  KEY `fk_test_suite_has_version_test_suite1_idx` (`test_suite_id`,`test_suite_test_suite_id`),
  CONSTRAINT `fk_test_suite_has_version_test_suite1` FOREIGN KEY (`test_suite_id`, `test_suite_test_suite_id`) REFERENCES `test_suite` (`id`, `test_suite_id`),
  CONSTRAINT `fk_test_suite_has_version_version1` FOREIGN KEY (`version_id`) REFERENCES `version` (`id`) ON DELETE CASCADE ON UPDATE CASCADE
) ENGINE=InnoDB DEFAULT CHARSET=utf8;
/*!40101 SET character_set_client = @saved_cs_client */;

--
-- Dumping data for table `test_suite_has_version`
--

LOCK TABLES `test_suite_has_version` WRITE;
/*!40000 ALTER TABLE `test_suite_has_version` DISABLE KEYS */;
INSERT INTO `test_suite_has_version` VALUES (42,1,1),(43,2,2),(44,3,3),(45,8,8),(46,9,9),(47,10,10),(48,13,13),(49,15,15),(50,16,16),(51,17,17),(52,18,18),(53,19,19),(54,20,20),(55,21,21),(56,22,22),(57,23,23),(58,24,24),(59,25,25),(60,26,26),(61,27,27),(62,28,28),(63,29,29),(64,30,30),(65,31,31),(66,32,32),(67,33,33),(68,34,34),(69,35,35),(70,36,36),(71,37,37),(72,38,38),(73,39,39),(74,40,40),(75,41,41),(123,42,42),(124,47,47),(125,48,48),(192,106,106),(193,49,49),(194,59,59),(195,60,60),(196,61,61),(197,71,71),(198,72,72),(199,73,73),(200,84,84),(201,85,85),(202,86,86),(203,94,94),(204,95,95),(205,96,96),(206,99,99),(207,100,100),(308,108,108),(309,116,116),(310,118,118),(311,127,127),(312,128,128),(313,129,129),(314,130,130),(315,131,131),(316,132,132),(317,133,133),(318,134,134),(319,135,135),(320,136,136),(321,137,137),(322,138,138),(323,139,139),(324,140,140),(325,141,141),(326,143,143),(327,144,144),(328,145,145),(329,146,146),(389,147,147),(390,148,148),(393,9000,9000),(394,9001,9001),(395,9002,9002),(396,9004,9004),(397,9008,9008),(398,9009,9009),(399,9010,9010),(400,9011,9011),(401,9018,9018),(537,149,149),(538,150,150),(539,151,151),(540,216,216),(541,157,157),(542,158,158),(543,159,159),(544,160,160),(545,162,162),(546,163,163),(547,164,164),(548,166,166),(549,226,226),(550,167,167),(551,168,168),(552,229,229),(553,170,170),(554,172,172),(555,173,173),(556,174,174),(557,176,176),(558,177,177),(559,178,178),(560,180,180),(561,181,181),(562,182,182),(563,184,184),(564,185,185),(565,186,186),(566,188,188),(567,189,189),(568,190,190),(569,192,192),(570,193,193),(571,194,194),(572,195,195),(573,196,196),(574,198,198),(575,199,199),(576,200,200),(577,202,202),(578,203,203),(579,204,204),(580,205,205),(581,206,206),(582,208,208),(583,209,209),(584,210,210),(585,212,212),(586,213,213),(587,214,214),(798,252,252),(799,253,253),(800,255,255),(801,256,256),(802,258,258),(803,260,260),(804,262,262),(805,263,263),(806,265,265),(807,268,268),(808,271,271),(809,274,274),(810,275,275),(811,277,277),(812,278,278),(813,280,280),(814,284,284),(815,285,285),(816,287,287),(817,290,290),(818,293,293),(819,295,295),(820,297,297),(821,298,298),(822,300,300),(823,303,303),(824,306,306),(825,309,309),(826,312,312),(827,313,313),(828,314,314),(829,316,316),(830,321,31),(831,325,324),(832,329,328),(833,330,32),(834,331,329),(835,341,339),(836,342,340),(837,346,344),(838,347,33),(839,351,349),(840,352,350),(841,356,354),(842,357,34),(843,361,359),(844,362,35),(845,365,363),(846,366,364),(847,370,368),(848,371,36),(849,375,373),(850,376,37),(851,380,378),(852,381,38),(853,384,382),(854,385,39),(855,388,386),(856,389,40),(857,394,391),(858,395,41),(859,398,395),(1144,399,396),(1145,402,399),(1146,403,400),(1147,406,403),(1148,407,404),(1149,410,407),(1150,411,408),(1151,414,411),(1152,415,412),(1153,418,415),(1154,419,416),(1155,422,419),(1156,423,420),(1157,426,423),(1158,427,424),(1159,430,427),(1160,431,428),(1161,434,431),(1162,435,432),(1163,438,435),(1164,439,436),(1165,442,439),(1166,443,440),(1167,446,443),(1168,447,444),(1169,450,447),(1170,451,448),(1171,454,451),(1172,455,452),(1173,458,455),(1174,459,456),(1175,462,459),(1176,463,460),(1177,466,463),(1178,467,464),(1179,470,467),(1180,471,468),(1181,474,471),(1182,475,472),(1183,478,475),(1184,479,476),(1185,482,479),(1186,483,480),(1187,486,483),(1188,487,484),(1189,490,487),(1190,491,488),(1191,494,491),(1192,495,492),(1193,498,495),(1194,499,496),(1195,502,499),(1196,503,500),(1197,506,503),(1198,507,504),(1199,510,507),(1200,511,508),(1201,514,511),(1202,515,512),(1203,518,515),(1204,519,516),(1205,522,519),(1206,523,520),(1207,526,523),(1208,527,524),(1209,530,527),(1210,531,528),(1211,534,531),(1212,535,532),(1213,538,535),(1214,539,536),(1215,542,539),(1216,543,540),(1217,546,543),(1218,547,544),(1219,550,547),(1220,551,548),(1221,554,551);
/*!40000 ALTER TABLE `test_suite_has_version` ENABLE KEYS */;
UNLOCK TABLES;

--
-- Table structure for table `ts_has_child`
--

DROP TABLE IF EXISTS `ts_has_child`;
/*!40101 SET @saved_cs_client     = @@character_set_client */;
 SET character_set_client = utf8mb4 ;
CREATE TABLE `ts_has_child` (
  `id` int(10) unsigned NOT NULL,
  `test_suite_id` int(10) unsigned NOT NULL,
  `test_suite_name` varchar(250) NOT NULL,
  `parent_id` int(10) unsigned NOT NULL,
  `parent_test_suite_id` varchar(45) NOT NULL,
  `test_suite_notes` text,
  `version_number` varchar(15) DEFAULT NULL,
  PRIMARY KEY (`id`,`test_suite_id`,`parent_id`,`parent_test_suite_id`)
) ENGINE=InnoDB DEFAULT CHARSET=utf8;
/*!40101 SET character_set_client = @saved_cs_client */;

--
-- Dumping data for table `ts_has_child`
--

LOCK TABLES `ts_has_child` WRITE;
/*!40000 ALTER TABLE `ts_has_child` DISABLE KEYS */;
INSERT INTO `ts_has_child` VALUES (16,16,'Authorisations',15,'15','ADD TEST SUITE NOTES','1.0.0'),(17,17,'Employee Creation Wizard',15,'15','ADD TEST SUITE NOTES','1.0.0'),(18,18,'Employee CV',15,'15','ADD TEST SUITE NOTES','1.0.0'),(19,19,'Employee Grid View',15,'15','ADD TEST SUITE NOTES','1.0.0'),(20,20,'Visual Reports',15,'15','ADD TEST SUITE NOTES','1.0.0'),(21,21,'Dakar Intelligence',15,'15','ADD TEST SUITE NOTES','1.0.0'),(22,22,'Organisation Chart',15,'15','ADD TEST SUITE NOTES','1.0.0'),(23,23,'My Company / Last Viewed',15,'15','ADD TEST SUITE NOTES','1.0.0'),(24,24,'All Notifications',15,'15','ADD TEST SUITE NOTES','1.0.0'),(25,25,'New Employments',15,'15','ADD TEST SUITE NOTES','1.0.0'),(26,26,'Terminations',15,'15','ADD TEST SUITE NOTES','1.0.0'),(27,27,'Quick Links',15,'15','ADD TEST SUITE NOTES','1.0.0'),(28,28,'User Avatar',15,'15','ADD TEST SUITE NOTES','1.0.0'),(42,42,'Authorisations Form',16,'16','ADD TEST SUITE NOTES','1.0.0'),(47,47,'Accept Criteria',42,'42','ADD TEST SUITE NOTES','1.0.0'),(48,48,'Authorisations Grid',42,'42','ADD TEST SUITE NOTES','1.0.0'),(49,49,'Employee Creation Wizard - Step 1',106,'106','Step 1 of ECW','1.0.0'),(59,59,'Back',49,'49','Go back a step','1.0.0'),(60,60,'Continue',49,'49','Go forward a step','1.0.0'),(61,61,'Employee Creation Wizard - Step 2',106,'106','Step 2 of ECW','1.0.0'),(71,71,'Back',61,'61','Go back a step','1.0.0'),(72,72,'Continue',61,'61','Go forward a step','1.0.0'),(73,73,'Employee Creation Wizard - Step 3',106,'106','Step 3 of ECW','1.0.0'),(84,84,'Back',73,'73','Go back a step','1.0.0'),(85,85,'Continue',73,'73','Go forward a step','1.0.0'),(86,86,'Employee Creation Wizard - Step 4',106,'106','Step 4 of ECW','1.0.0'),(94,94,'Back',86,'86','Go back a step','1.0.0'),(95,95,'Continue',86,'86','Go forward a step','1.0.0'),(96,96,'Employee Creation Wizard - Step 5',106,'106','Step 5 of ECW','1.0.0'),(99,99,'Back',96,'96','Go back a step','1.0.0'),(100,100,'Create Employee',96,'96','Create the employee if all the data is valid','1.0.0'),(106,106,'Employee Creation Wizard',17,'17','Top level of ECW','1.0.0'),(108,108,'Employee CV',18,'18','Overall test for the employee CV form','1.0.0'),(116,116,'Accept Criteria',108,'108','Test the function of the accept criteria button','1.0.0'),(118,118,'Bio Info',108,'108','Test all the bio info','1.0.0'),(127,127,'Bio Content',118,'118','Test all the bio content','1.0.0'),(128,128,'Accordion - CV',108,'108','Test accordion CV','1.0.0'),(129,129,'Accordion - CV - Career',128,'128','Test accordion key: career','1.0.0'),(130,130,'Grid - Career',129,'129','Top level of grid','1.0.0'),(131,131,'Acc Key - CV - Allowance',128,'128','Test accordion key: allowance','1.0.0'),(132,132,'Grid - Allowance',131,'131','Top level of grid','1.0.0'),(133,133,'Acc Key - CV - Salary',128,'128','Test accordion key: salary','1.0.0'),(134,134,'Grid - Salary',133,'133','Top level of grid','1.0.0'),(135,135,'Acc Key - Emp Schedule',128,'128','Test accordion key: schedule','1.0.0'),(136,136,'Grid - Emp Schedule',135,'135','Top level of grid','1.0.0'),(137,137,'Acc Key - Working Permit',128,'128','Test accordion key: work permit','1.0.0'),(139,139,'Save',108,'108','Test save button and modal form after','1.0.0'),(140,140,'Form - Save',139,'139','Save form','1.0.0'),(141,141,'Form - Save - Header',140,'140','Test the modal form header','1.0.0'),(143,143,'Form - Save - Body',140,'140','Test the modal form body','1.0.0'),(144,144,'Form - Save - Footer',140,'140','Test the modal form footer','1.0.0'),(145,145,'Button Ok',144,'144','Test the function of the Ok button','1.0.0'),(146,146,'Button Cancel',144,'144','Test the function of the save button','1.0.0'),(147,147,'Employee Grid View - Grid',148,'148','Test the grid.','1.0.0'),(148,148,'Employee Grid View - Form',19,'19','Test the form.','1.0.0'),(149,149,'Visual Reports - Form',20,'20','Test all elements of the form.','1.0.0'),(150,150,'Dakar Intelligence - Form',21,'21','Test all elements of the form.','1.0.0'),(151,151,'Employee Reports',150,'150','Test all elements of the card [header/group/element(s)/element header/body/body title].','1.0.0'),(157,157,'Employee Reports - Card Group',151,'151','Test all elements in the group','1.0.0'),(158,158,'Employee Reports - Employee Basic Details',157,'157','Test the header and body.','1.0.0'),(159,159,'Employee Reports - Employee Basic Details Header',158,'158','Is the header text is correct?','1.0.0'),(160,160,'Employee Reports - Employee Basic Details Body',158,'158','Does it have a title? Is it title correct?','1.0.0'),(162,162,'Employee Reports - Employee Basic Details (Grid View)',157,'157','Test the header and body.','1.0.0'),(163,163,'Employee Reports - Employee Basic Details (Grid View) - Card Header',162,'162','Is the header text is correct?','1.0.0'),(164,164,'Employee Reports - Employee Basic Details (Grid View) - Card Body',162,'162','Does it have a title? Is it title correct?','1.0.0'),(166,166,'Payroll Reports',150,'150','Test all elements of the card [header/group/element(s)/element header/body/body title].','1.0.0'),(167,167,'Payroll Reports - Card Group',166,'166','Test all elements in the group','1.0.0'),(168,168,'Payroll Reports - Payroll Statistics - Gross/Tax/NI',166,'166','Test the header and body.','1.0.0'),(170,170,'Payroll Reports - Payroll Statistics - Gross/Tax/NI Body',168,'168','Does it have a title? Is it title correct?','1.0.0'),(176,176,'Payroll Reports - Payroll - Extras Breakdown by Cost Center',166,'166','Test the header and body.','1.0.0'),(177,177,'Payroll Reports - Payroll - Extras Breakdown by Cost Center - Card Header',176,'176','Is the header text is correct?','1.0.0'),(178,178,'Payroll Reports - Payroll - Extras Breakdown by Cost Center - Card Body',176,'176','Does it have a title? Is it title correct?','1.0.0'),(180,180,'Payroll Reports - Payroll - Allowances Breakdown',166,'166','Test the header and body.','1.0.0'),(181,181,'Payroll Reports - Payroll - Allowances Breakdown - Element Header',180,'180','Is the header text is correct?','1.0.0'),(182,182,'Payroll Reports - Payroll - Allowances Breakdown - Card Body',181,'181','Does it have a title? Is it title correct?','1.0.0'),(184,184,'Payroll Reports - Payroll Statistics - Bank Cash Payments',166,'166','Test the header and body.','1.0.0'),(185,185,'Payroll Reports - Payroll Statistics - Bank Cash Payments - Element Header',184,'184','Is the header text is correct?','1.0.0'),(186,186,'Payroll Reports - Payroll Statistics - Bank Cash Payments - Card Body',185,'185','Does it have a title? Is it title correct?','1.0.0'),(188,188,'Payroll Reports - Payroll Statistics - Unions',166,'166','Test the header and body.','1.0.0'),(189,189,'Payroll Reports - Payroll Statistics - Unions - Element Header',188,'188','Is the header text is correct?','1.0.0'),(190,190,'Payroll Reports - Payroll Statistics - Unions - Card Body',189,'189','Does it have a title? Is it title correct?','1.0.0'),(192,192,'Payroll Changes',150,'150','Test all elements of the card [header/group/element(s)/element header/body/body title].','1.0.0'),(193,193,'Payroll Changes - Card Group',192,'192','Test all elements in the group','1.0.0'),(194,194,'2020 Payroll Changes - Card Element',193,'193','Test the header and body.','1.0.0'),(195,195,'2020 Payroll Changes - Element Header',194,'194','Is the header text is correct?','1.0.0'),(196,196,'2020 Payroll Changes - Card Body',195,'195','Does it have a title? Is it title correct?','1.0.0'),(198,198,'2019 Payroll Changes - Card Element',192,'192','Test the header and body.','1.0.0'),(199,199,'2019 Payroll Changes - Element Header',198,'198','Is the header text is correct?','1.0.0'),(200,200,'2019 Payroll Changes - Card Element - Card Body',199,'199','Does it have a title? Is it title correct?','1.0.0'),(202,202,'Absences',150,'150','Test all elements of the card [header/group/element(s)/element header/body/body title].','1.0.0'),(203,203,'Absences - Card Group',202,'202','Test all elements in the group','1.0.0'),(204,204,'Absences Consumed - Card Element',203,'203','Test the header and body.','1.0.0'),(205,205,'Absences Consumed - Element Header',204,'204','Is the header text is correct?','1.0.0'),(206,206,'Absences Consumed - Card Body',205,'205','Does it have a title? Is it title correct?','1.0.0'),(208,208,'Absence Entitlements',203,'203','Test the header and body.','1.0.0'),(209,209,'Absence Entitlements - Element Header',208,'208','Is the header text is correct?','1.0.0'),(210,210,'Absence Entitlements - Card Body',209,'209','Does it have a title? Is it title correct?','1.0.0'),(212,212,'Absence Entitlements (Grid View)',203,'203','Test the header and body.','1.0.0'),(213,213,'Absence Entitlements (Grid View) - Element Header',212,'212','Is the header text is correct?','1.0.0'),(214,214,'Absence Entitlements (Grid View) - Card Body',213,'213','Does it have a title? Is it title correct?','1.0.0'),(216,216,'Employee Reports - Card Header',151,'151','Is the FaFa is correct?','1.0.0'),(226,226,'Payroll Reports - Card Header',166,'166','Is the FaFa is correct?','1.0.0'),(229,229,'Payroll Reports - Element Header',168,'168','Is the header text is correct?','1.0.0'),(252,252,'My Company / Last Viewed - DropdownMenu',23,'23','Are the correct panels available and is the user taken to them when clicking?','1.0.0'),(253,253,'My Company / Last Viewed - DropdownMenu - Header',252,'252','Does the header have the correct data?','1.0.0'),(255,255,'My Company / Last Viewed - DropdownMenu - Row',252,'252','Does the row contain all the correct cols & data etc?','1.0.0'),(256,256,'My Company / Last Viewed - DropdownMenu - Row - Column 1',255,'255','Does the column contain all the correct data?','1.0.0'),(258,258,'My Company / Last Viewed - DropdownMenu - Row - Column 2',255,'255','Does the column contain all the correct data?','1.0.0'),(260,260,'My Company / Last Viewed - DropdownMenu - Row - Column 3',255,'255','Does the column contain all the correct data?','1.0.0'),(262,262,'All Notifications - DropdownMenu',24,'24','Are the correct panels available and is the user taken to them when clicking?','1.0.0'),(263,263,'All Notifications - DropdownMenu - Header',262,'262','Does the header have the correct data?','1.0.0'),(265,265,'All Notifications - DropdownMenu - Item 1',262,'262','Does the item have the correct data?','1.0.0'),(268,268,'All Notifications - DropdownMenu - Item 2',262,'262','Does the item have the correct data?','1.0.0'),(271,271,'All Notifications - DropdownMenu - Item 3',262,'262','Does the item have the correct data?','1.0.0'),(274,274,'New Employments - DropdownMenu',25,'25','Are the correct panels available and is the user taken to them when clicking?','1.0.0'),(275,275,'New Employments - DropdownMenu - Header',274,'274','Does the header have the correct data?','1.0.0'),(277,277,'Terminations - DropdownMenu',26,'26','Are the correct panels available and is the user taken to them when clicking?','1.0.0'),(278,278,'Terminations - DropdownMenu - Header',277,'277','Does the header have the correct data?','1.0.0'),(280,280,'User Management',15,'15','Does the link have the correct FaFa and tooltip?','1.0.0'),(284,284,'User Management - Dropdown Menu',280,'280','Are the correct panels available and is the user taken to them when clicking?','1.0.0'),(285,285,'User Management - Dropdown Menu - Header',284,'284','Does the header have the correct data?','1.0.0'),(287,287,'User Management - DropdownMenu - Item 1',284,'284','Does the item have the correct data?','1.0.0'),(290,290,'Group Authorisations - DropdownMenu - Item 2',284,'284','Does the item have the correct data?','1.0.0'),(293,293,'Quick Links - Payroll',15,'15','Does the link have the correct FaFa and tooltip?','1.0.0'),(295,295,'Quick Links - Dropdown Menu - Header',293,'293','Does the header have the correct data?','1.0.0'),(297,297,'Quick Links - Grid',293,'293','Does the grid have the correct items?','1.0.0'),(298,298,'Quick Links - Grid - JSDropdownMenuHeader',297,'297','Does the header have the correct data?','1.0.0'),(300,300,'Quick Links - Grid- Quick Link Grid Item 1',297,'297','Does the grid item have the correct FaFa & Text?','1.0.0'),(303,303,'Quick Links - Grid- Quick Link Grid Item 2',297,'297','Does the grid item have the correct FaFa & Text?','1.0.0'),(306,306,'Quick Links - Grid- Quick Link Grid Item 3',297,'297','Does the grid item have the correct FaFa & Text?','1.0.0'),(309,309,'Quick Links - Grid- Quick Link Grid Item 4',297,'297','Does the grid item have the correct FaFa & Text?','1.0.0'),(312,312,'User Avatar - Dropdwon Menu',28,'28','Are the correct panels available and is the user taken to them when clicking?','1.0.0'),(313,313,'User Avatar - Dropdown Menu - Header',312,'312','Does the header have the correct data?','1.0.0'),(314,314,'User Avatar - Dropdown Menu - Header - Media Obj',313,'313','Is the alignemnt correct? Are the correct elements displayed?','1.0.0'),(316,316,'User Avatar - Dropdown Menu - Header - Media Object Body',314,'314','Are the correct elements displayed?','1.0.0');
/*!40000 ALTER TABLE `ts_has_child` ENABLE KEYS */;
UNLOCK TABLES;

--
-- Table structure for table `version`
--

DROP TABLE IF EXISTS `version`;
/*!40101 SET @saved_cs_client     = @@character_set_client */;
 SET character_set_client = utf8mb4 ;
CREATE TABLE `version` (
  `id` int(10) unsigned NOT NULL AUTO_INCREMENT,
  `entity_name` varchar(200) NOT NULL COMMENT 'Either the test name of the entity name',
  `version_note` text NOT NULL,
  `version_type` enum('ENTITY','TEST','TEST_SUITE') NOT NULL,
  `major` smallint(6) NOT NULL DEFAULT '1',
  `minor` smallint(6) NOT NULL DEFAULT '0',
  `build` smallint(6) NOT NULL DEFAULT '1',
  PRIMARY KEY (`id`),
  UNIQUE KEY `id_UNIQUE` (`id`)
) ENGINE=InnoDB AUTO_INCREMENT=1378 DEFAULT CHARSET=utf8;
/*!40101 SET character_set_client = @saved_cs_client */;

--
-- Dumping data for table `version`
--

LOCK TABLES `version` WRITE;
/*!40000 ALTER TABLE `version` DISABLE KEYS */;
INSERT INTO `version` VALUES (1,'Bulk Updates - Employee Creation - ClickRedirect','','ENTITY',1,0,0),(2,'Dakar Web','','ENTITY',1,0,0),(3,'Login Screen','','ENTITY',1,0,0),(5,'User Name','','ENTITY',1,0,0),(7,'User Password','','ENTITY',1,0,0),(8,'Login Button','','ENTITY',1,0,0),(9,'Home Page','','ENTITY',1,0,0),(10,'Home Page Info Bar','','ENTITY',1,0,0),(11,'Dakar Logo','','ENTITY',1,0,0),(12,'Current Module Indicator','','ENTITY',1,0,0),(13,'Menu Toggle','','ENTITY',1,0,0),(14,'Current Company','','ENTITY',1,0,0),(15,'Home Page Top Right Nav Bar','','ENTITY',1,0,0),(16,'Authorisations','','ENTITY',1,0,0),(17,'Employee Creation Wizard','','ENTITY',1,0,0),(18,'Employee CV','','ENTITY',1,0,0),(19,'Employee Grid View','','ENTITY',1,0,0),(20,'Visual Reports','','ENTITY',1,0,0),(21,'Dakar Intelligence','','ENTITY',1,0,0),(22,'Organisation Chart','','ENTITY',1,0,0),(23,'My Company / Last Viewed','','ENTITY',1,0,0),(24,'All Notifications','','ENTITY',1,0,0),(25,'New Employments','','ENTITY',1,0,0),(26,'Terminations','','ENTITY',1,0,0),(27,'Quick Links','','ENTITY',1,0,0),(28,'User Avatar','','ENTITY',1,0,0),(29,'Main Menu','','ENTITY',1,0,0),(30,'Main Menu - Payroll','','ENTITY',1,0,0),(31,'Employee List','','ENTITY',1,0,0),(32,'Documents','','ENTITY',1,0,0),(33,'Employee Others','','ENTITY',1,0,0),(34,'Payroll','','ENTITY',1,0,0),(35,'Payroll Statistics','','ENTITY',1,0,0),(36,'Absence Statistics','','ENTITY',1,0,0),(37,'Reports','','ENTITY',1,0,0),(38,'Monthly Reports','','ENTITY',1,0,0),(39,'Yearly Reports','','ENTITY',1,0,0),(40,'Bulk Updates','','ENTITY',1,0,0),(41,'Settings','','ENTITY',1,0,0),(42,'Root','No existing version. New major version of Root','TEST_SUITE',1,0,0),(43,'Dakar Web','No existing version. New major version of Dakar Web','TEST_SUITE',1,0,0),(44,'Login Screen','No existing version. New major version of Login Screen','TEST_SUITE',1,0,0),(45,'Login Button','No existing version. New major version of Login Button','TEST_SUITE',1,0,0),(46,'Home Page','No existing version. New major version of Home Page','TEST_SUITE',1,0,0),(47,'Home Page Info Bar','No existing version. New major version of Home Page Info Bar','TEST_SUITE',1,0,0),(48,'Menu Toggle','No existing version. New major version of Menu Toggle','TEST_SUITE',1,0,0),(49,'Home Page Top Right Nav Bar','No existing version. New major version of Home Page Top Right Nav Bar','TEST_SUITE',1,0,0),(50,'Authorisations','No existing version. New major version of Authorisations','TEST_SUITE',1,0,0),(51,'Employee Creation Wizard','No existing version. New major version of Employee Creation Wizard','TEST_SUITE',1,0,0),(52,'Employee CV','No existing version. New major version of Employee CV','TEST_SUITE',1,0,0),(53,'Employee Grid View','No existing version. New major version of Employee Grid View','TEST_SUITE',1,0,0),(54,'Visual Reports','No existing version. New major version of Visual Reports','TEST_SUITE',1,0,0),(55,'Dakar Intelligence','No existing version. New major version of Dakar Intelligence','TEST_SUITE',1,0,0),(56,'Organisation Chart','No existing version. New major version of Organisation Chart','TEST_SUITE',1,0,0),(57,'My Company / Last Viewed','No existing version. New major version of My Company / Last Viewed','TEST_SUITE',1,0,0),(58,'All Notifications','No existing version. New major version of All Notifications','TEST_SUITE',1,0,0),(59,'New Employments','No existing version. New major version of New Employments','TEST_SUITE',1,0,0),(60,'Terminations','No existing version. New major version of Terminations','TEST_SUITE',1,0,0),(61,'Quick Links','No existing version. New major version of Quick Links','TEST_SUITE',1,0,0),(62,'User Avatar','No existing version. New major version of User Avatar','TEST_SUITE',1,0,0),(63,'Main Menu','No existing version. New major version of Main Menu','TEST_SUITE',1,0,0),(64,'Main Menu - Payroll','No existing version. New major version of Main Menu - Payroll','TEST_SUITE',1,0,0),(65,'Employee List','No existing version. New major version of Employee List','TEST_SUITE',1,0,0),(66,'Documents','No existing version. New major version of Documents','TEST_SUITE',1,0,0),(67,'Employee Others','No existing version. New major version of Employee Others','TEST_SUITE',1,0,0),(68,'Payroll','No existing version. New major version of Payroll','TEST_SUITE',1,0,0),(69,'Payroll Statistics','No existing version. New major version of Payroll Statistics','TEST_SUITE',1,0,0),(70,'Absence Statistics','No existing version. New major version of Absence Statistics','TEST_SUITE',1,0,0),(71,'Reports','No existing version. New major version of Reports','TEST_SUITE',1,0,0),(72,'Monthly Reports','No existing version. New major version of Monthly Reports','TEST_SUITE',1,0,0),(73,'Yearly Reports','No existing version. New major version of Yearly Reports','TEST_SUITE',1,0,0),(74,'Bulk Updates','No existing version. New major version of Bulk Updates','TEST_SUITE',1,0,0),(75,'Settings','No existing version. New major version of Settings','TEST_SUITE',1,0,0),(76,'Top Level of: Root','No existing version. New major version of Top Level of: Root','TEST',1,0,0),(77,'Top Level of: Dakar Web','No existing version. New major version of Top Level of: Dakar Web','TEST',1,0,0),(78,'Top Level of: Login Screen','No existing version. New major version of Top Level of: Login Screen','TEST',1,0,0),(80,'User Name','No existing version. New major version of User Name','TEST',1,0,0),(82,'User Password','No existing version. New major version of User Password','TEST',1,0,0),(83,'Top Level of: Login Button','No existing version. New major version of Top Level of: Login Button','TEST',1,0,0),(84,'Top Level of: Home Page','No existing version. New major version of Top Level of: Home Page','TEST',1,0,0),(85,'Top Level of: Home Page Info Bar','No existing version. New major version of Top Level of: Home Page Info Bar','TEST',1,0,0),(86,'Current Module Indicator','No existing version. New major version of Current Module Indicator','TEST',1,0,0),(87,'Current Company','No existing version. New major version of Current Company','TEST',1,0,0),(88,'Top Level of: Menu Toggle','No existing version. New major version of Top Level of: Menu Toggle','TEST',1,0,0),(89,'Top Level of: Home Page Top Right Nav Bar','No existing version. New major version of Top Level of: Home Page Top Right Nav Bar','TEST',1,0,0),(90,'Top Level of: Authorisations','No existing version. New major version of Top Level of: Authorisations','TEST',1,0,0),(91,'Top Level of: Employee Creation Wizard','No existing version. New major version of Top Level of: Employee Creation Wizard','TEST',1,0,0),(92,'Top Level of: Employee CV','No existing version. New major version of Top Level of: Employee CV','TEST',1,0,0),(93,'Top Level of: Employee Grid View','No existing version. New major version of Top Level of: Employee Grid View','TEST',1,0,0),(94,'Top Level of: Visual Reports','No existing version. New major version of Top Level of: Visual Reports','TEST',1,0,0),(95,'Top Level of: Dakar Intelligence','No existing version. New major version of Top Level of: Dakar Intelligence','TEST',1,0,0),(96,'Top Level of: Organisation Chart','No existing version. New major version of Top Level of: Organisation Chart','TEST',1,0,0),(97,'Top Level of: My Company / Last Viewed','No existing version. New major version of Top Level of: My Company / Last Viewed','TEST',1,0,0),(98,'Top Level of: All Notifications','No existing version. New major version of Top Level of: All Notifications','TEST',1,0,0),(99,'Top Level of: New Employments','No existing version. New major version of Top Level of: New Employments','TEST',1,0,0),(100,'Top Level of: Terminations','No existing version. New major version of Top Level of: Terminations','TEST',1,0,0),(101,'Top Level of: Quick Links','No existing version. New major version of Top Level of: Quick Links','TEST',1,0,0),(102,'Top Level of: User Avatar','No existing version. New major version of Top Level of: User Avatar','TEST',1,0,0),(103,'Top Level of: Main Menu','No existing version. New major version of Top Level of: Main Menu','TEST',1,0,0),(104,'Top Level of: Main Menu - Payroll','No existing version. New major version of Top Level of: Main Menu - Payroll','TEST',1,0,0),(105,'Top Level of: Employee List','No existing version. New major version of Top Level of: Employee List','TEST',1,0,0),(106,'Top Level of: Documents','No existing version. New major version of Top Level of: Documents','TEST',1,0,0),(107,'Top Level of: Employee Others','No existing version. New major version of Top Level of: Employee Others','TEST',1,0,0),(108,'Top Level of: Payroll','No existing version. New major version of Top Level of: Payroll','TEST',1,0,0),(109,'Top Level of: Payroll Statistics','No existing version. New major version of Top Level of: Payroll Statistics','TEST',1,0,0),(110,'Top Level of: Absence Statistics','No existing version. New major version of Top Level of: Absence Statistics','TEST',1,0,0),(111,'Top Level of: Reports','No existing version. New major version of Top Level of: Reports','TEST',1,0,0),(112,'Top Level of: Monthly Reports','No existing version. New major version of Top Level of: Monthly Reports','TEST',1,0,0),(113,'Top Level of: Yearly Reports','No existing version. New major version of Top Level of: Yearly Reports','TEST',1,0,0),(114,'Top Level of: Bulk Updates','No existing version. New major version of Top Level of: Bulk Updates','TEST',1,0,0),(115,'Top Level of: Settings','No existing version. New major version of Top Level of: Settings','TEST',1,0,0),(116,'Authorisations Form','','ENTITY',1,0,0),(117,'Company','','ENTITY',1,0,0),(118,'Company Combo','','ENTITY',1,0,0),(119,'Grouping View ','','ENTITY',1,0,0),(120,'Grouping View Combo','','ENTITY',1,0,0),(121,'Accept Criteria','','ENTITY',1,0,0),(122,'Authorisations Grid','','ENTITY',1,0,0),(123,'Authorisations Form','No existing version. New major version of Authorisations Form','TEST_SUITE',1,0,0),(124,'Accept Criteria','No existing version. New major version of Accept Criteria','TEST_SUITE',1,0,0),(125,'Authorisations Grid','No existing version. New major version of Authorisations Grid','TEST_SUITE',1,0,0),(126,'Top Level of: Authorisations Form','No existing version. New major version of Top Level of: Authorisations Form','TEST',1,0,0),(127,'Company','No existing version. New major version of Company','TEST',1,0,0),(128,'Company Combo','No existing version. New major version of Company Combo','TEST',1,0,0),(129,'Grouping View ','No existing version. New major version of Grouping View ','TEST',1,0,0),(130,'Grouping View Combo','No existing version. New major version of Grouping View Combo','TEST',1,0,0),(131,'Top Level of: Accept Criteria','No existing version. New major version of Top Level of: Accept Criteria','TEST',1,0,0),(132,'Top Level of: Authorisations Grid','No existing version. New major version of Top Level of: Authorisations Grid','TEST',1,0,0),(133,'Employee Creation Wizard - Step 1','','ENTITY',1,0,0),(134,'Name','','ENTITY',1,0,0),(135,'Surname','','ENTITY',1,0,0),(136,'Identity Card Number','','ENTITY',1,0,0),(137,'Employee Code','','ENTITY',1,0,0),(138,'Address','','ENTITY',1,0,0),(139,'Street','','ENTITY',1,0,0),(140,'Post Code','','ENTITY',1,0,0),(141,'Select A Town','','ENTITY',1,0,0),(142,'Select A Country','','ENTITY',1,0,0),(143,'Back','','ENTITY',1,0,0),(144,'Continue','','ENTITY',1,0,0),(145,'Employee Creation Wizard - Step 2','','ENTITY',1,0,0),(146,'Select A Gender','','ENTITY',1,0,0),(147,'Date Of Birth','','ENTITY',1,0,0),(148,'Date Of Employment','','ENTITY',1,0,0),(149,'Tax Number','','ENTITY',1,0,0),(150,'NI Number','','ENTITY',1,0,0),(151,'Select A Bank','','ENTITY',1,0,0),(152,'IBAN Number','','ENTITY',1,0,0),(153,'Email Address','','ENTITY',1,0,0),(154,'Mobile Number','','ENTITY',1,0,0),(155,'Back','','ENTITY',1,0,0),(156,'Continue','','ENTITY',1,0,0),(157,'Employee Creation Wizard - Step 3','','ENTITY',1,0,0),(158,'Select A Tax Status','','ENTITY',1,0,0),(159,'Select An Employment Type','','ENTITY',1,0,0),(160,'Select Company','','ENTITY',1,0,0),(161,'Select A Paygroup','','ENTITY',1,0,0),(162,'Select A Department','','ENTITY',1,0,0),(163,'Select a Schedule','','ENTITY',1,0,0),(164,'Full or Part Timer ?','','ENTITY',1,0,0),(165,'Special Part Timer','','ENTITY',1,0,0),(166,'Select a Grade','','ENTITY',1,0,0),(167,'Select a Cost Center','','ENTITY',1,0,0),(168,'Back','','ENTITY',1,0,0),(169,'Continue','','ENTITY',1,0,0),(170,'Employee Creation Wizard - Step 4','','ENTITY',1,0,0),(171,'Taxable Allowance (Permenant)','','ENTITY',1,0,0),(172,'Allowance Amount - Permanent','','ENTITY',1,0,0),(173,'Taxable Allowance 2 (Permenant)','','ENTITY',1,0,0),(174,'Allowance Amount - Permanent','','ENTITY',1,0,0),(175,'Non Taxable Allowance 1 (Permenant)','','ENTITY',1,0,0),(176,'Allowance Amount - Permanent','','ENTITY',1,0,0),(177,'Non Taxable Allowance 2 (Permenant)','','ENTITY',1,0,0),(178,'Back','','ENTITY',1,0,0),(179,'Continue','','ENTITY',1,0,0),(180,'Employee Creation Wizard - Step 5','','ENTITY',1,0,0),(181,'Annual Salary','','ENTITY',1,0,0),(182,'Hourly Rate','','ENTITY',1,0,0),(183,'Back','','ENTITY',1,0,0),(184,'Create Employee','','ENTITY',1,0,0),(185,'Heading ECW Step 1','','ENTITY',1,0,0),(186,'Heading ECW Step 2','','ENTITY',1,0,0),(187,'Heading ECW Step 3','','ENTITY',1,0,0),(188,'Heading ECW Step 4','','ENTITY',1,0,0),(189,'Heading ECW Step 5','','ENTITY',1,0,0),(190,'Employee Creation Wizard','','ENTITY',1,0,0),(191,'Employee Creation Wizard - Title','','ENTITY',1,0,0),(192,'Employee Creation Wizard','No existing version. New major version of Employee Creation Wizard','TEST_SUITE',1,0,0),(193,'Employee Creation Wizard - Step 1','No existing version. New major version of Employee Creation Wizard - Step 1','TEST_SUITE',1,0,0),(194,'Back','No existing version. New major version of Back','TEST_SUITE',1,0,0),(195,'Continue','No existing version. New major version of Continue','TEST_SUITE',1,0,0),(196,'Employee Creation Wizard - Step 2','No existing version. New major version of Employee Creation Wizard - Step 2','TEST_SUITE',1,0,0),(197,'Back','No existing version. New major version of Back','TEST_SUITE',1,0,0),(198,'Continue','No existing version. New major version of Continue','TEST_SUITE',1,0,0),(199,'Employee Creation Wizard - Step 3','No existing version. New major version of Employee Creation Wizard - Step 3','TEST_SUITE',1,0,0),(200,'Back','No existing version. New major version of Back','TEST_SUITE',1,0,0),(201,'Continue','No existing version. New major version of Continue','TEST_SUITE',1,0,0),(202,'Employee Creation Wizard - Step 4','No existing version. New major version of Employee Creation Wizard - Step 4','TEST_SUITE',1,0,0),(203,'Back','No existing version. New major version of Back','TEST_SUITE',1,0,0),(204,'Continue','No existing version. New major version of Continue','TEST_SUITE',1,0,0),(205,'Employee Creation Wizard - Step 5','No existing version. New major version of Employee Creation Wizard - Step 5','TEST_SUITE',1,0,0),(206,'Back','No existing version. New major version of Back','TEST_SUITE',1,0,0),(207,'Create Employee','No existing version. New major version of Create Employee','TEST_SUITE',1,0,0),(208,'Top Level of: Employee Creation Wizard','No existing version. New major version of Top Level of: Employee Creation Wizard','TEST',1,0,0),(209,'Employee Creation Wizard - Title','No existing version. New major version of Employee Creation Wizard - Title','TEST',1,0,0),(210,'Top Level of: Employee Creation Wizard - Step 1','No existing version. New major version of Top Level of: Employee Creation Wizard - Step 1','TEST',1,0,0),(211,'Heading ECW Step 1','No existing version. New major version of Heading ECW Step 1','TEST',1,0,0),(212,'Name','No existing version. New major version of Name','TEST',1,0,0),(213,'Surname','No existing version. New major version of Surname','TEST',1,0,0),(214,'Identity Card Number','No existing version. New major version of Identity Card Number','TEST',1,0,0),(215,'Employee Code','No existing version. New major version of Employee Code','TEST',1,0,0),(216,'Address','No existing version. New major version of Address','TEST',1,0,0),(217,'Street','No existing version. New major version of Street','TEST',1,0,0),(218,'Post Code','No existing version. New major version of Post Code','TEST',1,0,0),(219,'Select A Town','No existing version. New major version of Select A Town','TEST',1,0,0),(220,'Select A Country','No existing version. New major version of Select A Country','TEST',1,0,0),(221,'Top Level of: Back','No existing version. New major version of Top Level of: Back','TEST',1,0,0),(222,'Top Level of: Continue','No existing version. New major version of Top Level of: Continue','TEST',1,0,0),(223,'Top Level of: Employee Creation Wizard - Step 2','No existing version. New major version of Top Level of: Employee Creation Wizard - Step 2','TEST',1,0,0),(224,'Heading ECW Step 2','No existing version. New major version of Heading ECW Step 2','TEST',1,0,0),(225,'Select A Gender','No existing version. New major version of Select A Gender','TEST',1,0,0),(226,'Date Of Birth','No existing version. New major version of Date Of Birth','TEST',1,0,0),(227,'Date Of Employment','No existing version. New major version of Date Of Employment','TEST',1,0,0),(228,'Tax Number','No existing version. New major version of Tax Number','TEST',1,0,0),(229,'NI Number','No existing version. New major version of NI Number','TEST',1,0,0),(230,'Select A Bank','No existing version. New major version of Select A Bank','TEST',1,0,0),(231,'IBAN Number','No existing version. New major version of IBAN Number','TEST',1,0,0),(232,'Email Address','No existing version. New major version of Email Address','TEST',1,0,0),(233,'Mobile Number','No existing version. New major version of Mobile Number','TEST',1,0,0),(234,'Top Level of: Back','No existing version. New major version of Top Level of: Back','TEST',1,0,0),(235,'Top Level of: Continue','No existing version. New major version of Top Level of: Continue','TEST',1,0,0),(236,'Top Level of: Employee Creation Wizard - Step 3','No existing version. New major version of Top Level of: Employee Creation Wizard - Step 3','TEST',1,0,0),(237,'Heading ECW Step 3','No existing version. New major version of Heading ECW Step 3','TEST',1,0,0),(238,'Select A Tax Status','No existing version. New major version of Select A Tax Status','TEST',1,0,0),(239,'Select An Employment Type','No existing version. New major version of Select An Employment Type','TEST',1,0,0),(240,'Select Company','No existing version. New major version of Select Company','TEST',1,0,0),(241,'Select A Paygroup','No existing version. New major version of Select A Paygroup','TEST',1,0,0),(242,'Select A Department','No existing version. New major version of Select A Department','TEST',1,0,0),(243,'Select a Schedule','No existing version. New major version of Select a Schedule','TEST',1,0,0),(244,'Full or Part Timer ?','No existing version. New major version of Full or Part Timer ?','TEST',1,0,0),(245,'Special Part Timer','No existing version. New major version of Special Part Timer','TEST',1,0,0),(246,'Select a Grade','No existing version. New major version of Select a Grade','TEST',1,0,0),(247,'Select a Cost Center','No existing version. New major version of Select a Cost Center','TEST',1,0,0),(248,'Top Level of: Back','No existing version. New major version of Top Level of: Back','TEST',1,0,0),(249,'Top Level of: Continue','No existing version. New major version of Top Level of: Continue','TEST',1,0,0),(250,'Top Level of: Employee Creation Wizard - Step 4','No existing version. New major version of Top Level of: Employee Creation Wizard - Step 4','TEST',1,0,0),(251,'Heading ECW Step 4','No existing version. New major version of Heading ECW Step 4','TEST',1,0,0),(252,'Taxable Allowance 1 (Permenant)','No existing version. New major version of Taxable Allowance 1 (Permenant)','TEST',1,0,0),(253,'Allowance Amount - Permanent','No existing version. New major version of Allowance Amount - Permanent','TEST',1,0,0),(254,'Taxable Allowance 2 (Permenant)','No existing version. New major version of Taxable Allowance 2 (Permenant)','TEST',1,0,0),(255,'Allowance Amount - Permanent','No existing version. New major version of Allowance Amount - Permanent','TEST',1,0,0),(256,'Non Taxable Allowance 1 (Permenant)','No existing version. New major version of Non Taxable Allowance 1 (Permenant)','TEST',1,0,0),(257,'Allowance Amount - Permanent','No existing version. New major version of Allowance Amount - Permanent','TEST',1,0,0),(258,'Non Taxable Allowance 2 (Permenant)','No existing version. New major version of Non Taxable Allowance 2 (Permenant)','TEST',1,0,0),(259,'Top Level of: Back','No existing version. New major version of Top Level of: Back','TEST',1,0,0),(260,'Top Level of: Continue','No existing version. New major version of Top Level of: Continue','TEST',1,0,0),(261,'Top Level of: Employee Creation Wizard - Step 5','No existing version. New major version of Top Level of: Employee Creation Wizard - Step 5','TEST',1,0,0),(262,'Heading ECW Step 5','No existing version. New major version of Heading ECW Step 5','TEST',1,0,0),(263,'Annual Salary','No existing version. New major version of Annual Salary','TEST',1,0,0),(264,'Hourly Rate','No existing version. New major version of Hourly Rate','TEST',1,0,0),(265,'Top Level of: Back','No existing version. New major version of Top Level of: Back','TEST',1,0,0),(266,'Top Level of: Create Employee','No existing version. New major version of Top Level of: Create Employee','TEST',1,0,0),(267,'Employee CV','','ENTITY',1,0,0),(268,'Employee CV - Title','','ENTITY',1,0,0),(269,'Company','','ENTITY',1,0,0),(270,'Company List','','ENTITY',1,0,0),(271,'Paygroup - Label','','ENTITY',1,0,0),(272,'Paygroup - List','','ENTITY',1,0,0),(273,'Employee - Label','','ENTITY',1,0,0),(274,'Employee - List','','ENTITY',1,0,0),(275,'Accept Criteria','','ENTITY',1,0,0),(276,'Accept Criteria - Text','','ENTITY',1,0,0),(277,'Bio Info','','ENTITY',1,0,0),(278,'Bio Info - Image','','ENTITY',1,0,0),(279,'Employee Name','','ENTITY',1,0,0),(280,'Employee Name With Salutation','','ENTITY',1,0,0),(281,'Employee Company','','ENTITY',1,0,0),(282,'Employee Birthday','','ENTITY',1,0,0),(283,'User FaFa','','ENTITY',1,0,0),(284,'Company FaFa','','ENTITY',1,0,0),(285,'Birthday FaFa','','ENTITY',1,0,0),(286,'Bio Content','','ENTITY',1,0,0),(287,'Accordion - CV','','ENTITY',1,0,0),(288,'Accordion - CV - Career','','ENTITY',1,0,0),(289,'Grid - Career','','ENTITY',1,0,0),(290,'Acc Key - CV - Allowance','','ENTITY',1,0,0),(291,'Grid - Allowance','','ENTITY',1,0,0),(292,'Acc Key - CV - Salary','','ENTITY',1,0,0),(293,'Grid - Salary','','ENTITY',1,0,0),(294,'Acc Key - Emp Schedule','','ENTITY',1,0,0),(296,'Grid - Emp Schedule','','ENTITY',1,0,0),(297,'Grid - Emp Schedule','','ENTITY',1,0,0),(298,'Acc Key - Working Permit','','ENTITY',1,0,0),(299,'Grid - Work Permit','','ENTITY',1,0,0),(300,'Save','','ENTITY',1,0,0),(301,'Form - Save','','ENTITY',1,0,0),(302,'Form - Save - Header','','ENTITY',1,0,0),(303,'Form - Save - Title','','ENTITY',1,0,0),(304,'Form - Save - Body','','ENTITY',1,0,0),(305,'Form - Save - Footer','','ENTITY',1,0,0),(306,'Button Ok','','ENTITY',1,0,0),(307,'Button Cancel','','ENTITY',1,0,0),(308,'Employee CV','No existing version. New major version of Employee CV','TEST_SUITE',1,0,0),(309,'Accept Criteria','No existing version. New major version of Accept Criteria','TEST_SUITE',1,0,0),(310,'Bio Info','No existing version. New major version of Bio Info','TEST_SUITE',1,0,0),(311,'Bio Content','No existing version. New major version of Bio Content','TEST_SUITE',1,0,0),(312,'Accordion - CV','No existing version. New major version of Accordion - CV','TEST_SUITE',1,0,0),(313,'Accordion - CV - Career','No existing version. New major version of Accordion - CV - Career','TEST_SUITE',1,0,0),(314,'Grid - Career','No existing version. New major version of Grid - Career','TEST_SUITE',1,0,0),(315,'Acc Key - CV - Allowance','No existing version. New major version of Acc Key - CV - Allowance','TEST_SUITE',1,0,0),(316,'Grid - Allowance','No existing version. New major version of Grid - Allowance','TEST_SUITE',1,0,0),(317,'Acc Key - CV - Salary','No existing version. New major version of Acc Key - CV - Salary','TEST_SUITE',1,0,0),(318,'Grid - Salary','No existing version. New major version of Grid - Salary','TEST_SUITE',1,0,0),(319,'Acc Key - Emp Schedule','No existing version. New major version of Acc Key - Emp Schedule','TEST_SUITE',1,0,0),(320,'Grid - Emp Schedule','No existing version. New major version of Grid - Emp Schedule','TEST_SUITE',1,0,0),(321,'Acc Key - Working Permit','No existing version. New major version of Acc Key - Working Permit','TEST_SUITE',1,0,0),(322,'Grid - Work Permit','No existing version. New major version of Grid - Work Permit','TEST_SUITE',1,0,0),(323,'Save','No existing version. New major version of Save','TEST_SUITE',1,0,0),(324,'Form - Save','No existing version. New major version of Form - Save','TEST_SUITE',1,0,0),(325,'Form - Save - Header','No existing version. New major version of Form - Save - Header','TEST_SUITE',1,0,0),(326,'Form - Save - Body','No existing version. New major version of Form - Save - Body','TEST_SUITE',1,0,0),(327,'Form - Save - Footer','No existing version. New major version of Form - Save - Footer','TEST_SUITE',1,0,0),(328,'Button Ok','No existing version. New major version of Button Ok','TEST_SUITE',1,0,0),(329,'Button Cancel','No existing version. New major version of Button Cancel','TEST_SUITE',1,0,0),(330,'Top Level of: Employee CV','No existing version. New major version of Top Level of: Employee CV','TEST',1,0,0),(331,'Employee CV - Title','No existing version. New major version of Employee CV - Title','TEST',1,0,0),(332,'Company - Label','No existing version. New major version of Company - Label','TEST',1,0,0),(333,'Company - List','No existing version. New major version of Company - List','TEST',1,0,0),(334,'Paygroup - Label','No existing version. New major version of Paygroup - Label','TEST',1,0,0),(335,'Paygroup - List','No existing version. New major version of Paygroup - List','TEST',1,0,0),(336,'Employee - Label','No existing version. New major version of Employee - Label','TEST',1,0,0),(337,'Employee - List','No existing version. New major version of Employee - List','TEST',1,0,0),(338,'Top Level of: Accept Criteria','No existing version. New major version of Top Level of: Accept Criteria','TEST',1,0,0),(339,'Accept Criteria - Text','No existing version. New major version of Accept Criteria - Text','TEST',1,0,0),(340,'Top Level of: Bio Info','No existing version. New major version of Top Level of: Bio Info','TEST',1,0,0),(341,'Employee Name','No existing version. New major version of Employee Name','TEST',1,0,0),(342,'Employee Name With Salutation','No existing version. New major version of Employee Name With Salutation','TEST',1,0,0),(343,'Employee Company','No existing version. New major version of Employee Company','TEST',1,0,0),(344,'Employee Birthday','No existing version. New major version of Employee Birthday','TEST',1,0,0),(345,'User FaFa','No existing version. New major version of User FaFa','TEST',1,0,0),(346,'Company FaFa','No existing version. New major version of Company FaFa','TEST',1,0,0),(347,'Birthday FaFa','No existing version. New major version of Birthday FaFa','TEST',1,0,0),(348,'Top Level of: Bio Content','No existing version. New major version of Top Level of: Bio Content','TEST',1,0,0),(349,'Top Level of: Accordion - CV','No existing version. New major version of Top Level of: Accordion - CV','TEST',1,0,0),(350,'Top Level of: Accordion - CV - Career','No existing version. New major version of Top Level of: Accordion - CV - Career','TEST',1,0,0),(351,'Top Level of: Grid - Career','No existing version. New major version of Top Level of: Grid - Career','TEST',1,0,0),(352,'Top Level of: Acc Key - CV - Allowance','No existing version. New major version of Top Level of: Acc Key - CV - Allowance','TEST',1,0,0),(353,'Top Level of: Grid - Allowance','No existing version. New major version of Top Level of: Grid - Allowance','TEST',1,0,0),(354,'Top Level of: Acc Key - CV - Salary','No existing version. New major version of Top Level of: Acc Key - CV - Salary','TEST',1,0,0),(355,'Top Level of: Grid - Salary','No existing version. New major version of Top Level of: Grid - Salary','TEST',1,0,0),(356,'Top Level of: Acc Key - Emp Schedule','No existing version. New major version of Top Level of: Acc Key - Emp Schedule','TEST',1,0,0),(357,'Top Level of: Grid - Emp Schedule','No existing version. New major version of Top Level of: Grid - Emp Schedule','TEST',1,0,0),(358,'Top Level of: Acc Key - Working Permit','No existing version. New major version of Top Level of: Acc Key - Working Permit','TEST',1,0,0),(359,'Top Level of: Grid - Work Permit','No existing version. New major version of Top Level of: Grid - Work Permit','TEST',1,0,0),(360,'Top Level of: Save','No existing version. New major version of Top Level of: Save','TEST',1,0,0),(361,'Top Level of: Form - Save','No existing version. New major version of Top Level of: Form - Save','TEST',1,0,0),(362,'Top Level of: Form - Save - Header','No existing version. New major version of Top Level of: Form - Save - Header','TEST',1,0,0),(363,'Form - Save - Title','No existing version. New major version of Form - Save - Title','TEST',1,0,0),(364,'Top Level of: Form - Save - Body','No existing version. New major version of Top Level of: Form - Save - Body','TEST',1,0,0),(365,'Top Level of: Form - Save - Footer','No existing version. New major version of Top Level of: Form - Save - Footer','TEST',1,0,0),(366,'Top Level of: Button Ok','No existing version. New major version of Top Level of: Button Ok','TEST',1,0,0),(367,'Top Level of: Button Cancel','No existing version. New major version of Top Level of: Button Cancel','TEST',1,0,0),(368,'Employee Grid View - Grid','','ENTITY',1,0,0),(369,'Employee Grid View - Form','','ENTITY',1,0,0),(370,'JSPanel','','ENTITY',1,0,0),(371,'JSPanel Standard','','ENTITY',1,0,0),(372,'JSPanel Header','','ENTITY',1,0,0),(373,'JS Footer','','ENTITY',1,0,0),(374,'JS Content','','ENTITY',1,0,0),(375,'JSMinBox','','ENTITY',1,0,0),(376,'JSResizeit','','ENTITY',1,0,0),(377,'JSHeaderLogo','','ENTITY',1,0,0),(378,'JSTitlebar','','ENTITY',1,0,0),(379,'JSControlbar','','ENTITY',1,0,0),(380,'JSHeaderToolbarActive','','ENTITY',1,0,0),(381,'JSDropdown','','ENTITY',1,0,0),(382,'JSDropdownToggle','','ENTITY',1,0,0),(383,'JSDropdownMenu','','ENTITY',1,0,0),(384,'JSPanelSwitchRotate','','ENTITY',1,0,0),(385,'JSPanelBtn','','ENTITY',1,0,0),(386,'JSPanelBtnNormalise','','ENTITY',1,0,0),(387,'JSPanelBtnExpand','','ENTITY',1,0,0),(388,'DKGrid','','ENTITY',1,0,0),(389,'Employee Grid View - Grid','No existing version. New major version of Employee Grid View - Grid','TEST_SUITE',1,0,0),(390,'Employee Grid View - Form','No existing version. New major version of Employee Grid View - Form','TEST_SUITE',1,0,0),(391,'Top Level of: Employee Grid View - Grid','No existing version. New major version of Top Level of: Employee Grid View - Grid','TEST',1,0,0),(392,'Top Level of: Employee Grid View - Form','No existing version. New major version of Top Level of: Employee Grid View - Form','TEST',1,0,0),(393,'JSPanel','No existing version. New major version of JSPanel','TEST_SUITE',1,0,0),(394,'JSPanel Standard','No existing version. New major version of JSPanel Standard','TEST_SUITE',1,0,0),(395,'JSPanel Header','No existing version. New major version of JSPanel Header','TEST_SUITE',1,0,0),(396,'JS Content','No existing version. New major version of JS Content','TEST_SUITE',1,0,0),(397,'JSTitlebar','No existing version. New major version of JSTitlebar','TEST_SUITE',1,0,0),(398,'JSControlbar','No existing version. New major version of JSControlbar','TEST_SUITE',1,0,0),(399,'JSHeaderToolbarActive','No existing version. New major version of JSHeaderToolbarActive','TEST_SUITE',1,0,0),(400,'JSDropdown','No existing version. New major version of JSDropdown','TEST_SUITE',1,0,0),(401,'DKGrid','No existing version. New major version of DKGrid','TEST_SUITE',1,0,0),(402,'Top Level of: JSPanel','No existing version. New major version of Top Level of: JSPanel','TEST',1,0,0),(403,'JS Footer','No existing version. New major version of JS Footer','TEST',1,0,0),(404,'JSMinBox','No existing version. New major version of JSMinBox','TEST',1,0,0),(405,'JSResizeit','No existing version. New major version of JSResizeit','TEST',1,0,0),(406,'Top Level of: JSPanel Standard','No existing version. New major version of Top Level of: JSPanel Standard','TEST',1,0,0),(407,'Top Level of: JSPanel Header','No existing version. New major version of Top Level of: JSPanel Header','TEST',1,0,0),(408,'JSHeaderLogo','No existing version. New major version of JSHeaderLogo','TEST',1,0,0),(409,'Top Level of: JS Content','No existing version. New major version of Top Level of: JS Content','TEST',1,0,0),(410,'Top Level of: JSTitlebar','No existing version. New major version of Top Level of: JSTitlebar','TEST',1,0,0),(411,'Top Level of: JSControlbar','No existing version. New major version of Top Level of: JSControlbar','TEST',1,0,0),(412,'JSPanelBtn','No existing version. New major version of JSPanelBtn','TEST',1,0,0),(413,'JSPanelBtnNormalise','No existing version. New major version of JSPanelBtnNormalise','TEST',1,0,0),(414,'JSPanelBtnExpand','No existing version. New major version of JSPanelBtnExpand','TEST',1,0,0),(415,'Top Level of: JSHeaderToolbarActive','No existing version. New major version of Top Level of: JSHeaderToolbarActive','TEST',1,0,0),(416,'JSPanelSwitchRotate','No existing version. New major version of JSPanelSwitchRotate','TEST',1,0,0),(417,'Top Level of: JSDropdown','No existing version. New major version of Top Level of: JSDropdown','TEST',1,0,0),(418,'JSDropdownToggle','No existing version. New major version of JSDropdownToggle','TEST',1,0,0),(419,'JSDropdownMenu','No existing version. New major version of JSDropdownMenu','TEST',1,0,0),(420,'Top Level of: DKGrid','No existing version. New major version of Top Level of: DKGrid','TEST',1,0,0),(421,'Visual Reports - Form','','ENTITY',1,0,0),(422,'Visual Reports - Form','','ENTITY',1,0,0),(423,'Visual Reports - Form','','ENTITY',1,0,0),(424,'Dakar Intelligence - Form','','ENTITY',1,0,0),(425,'Employee Reports','','ENTITY',1,0,0),(433,'Employee Reports','','ENTITY',1,0,0),(437,'Container','','ENTITY',1,0,0),(438,'Card','','ENTITY',1,0,0),(439,'Card Group','','ENTITY',1,0,0),(440,'Card Element','','ENTITY',1,0,0),(441,'Card Header','','ENTITY',1,0,0),(442,'Card Body','','ENTITY',1,0,0),(443,'Card Title','','ENTITY',1,0,0),(444,'Form','','ENTITY',1,0,0),(445,'Form','','ENTITY',1,0,0),(446,'Employee Reports','','ENTITY',1,0,0),(452,'Employee Reports - Card Group','','ENTITY',1,0,0),(453,'Employee Reports - Employee Basic Details','','ENTITY',1,0,0),(454,'Employee Reports - Employee Basic Details Header','','ENTITY',1,0,0),(455,'Employee Reports - Employee Basic Details Body','','ENTITY',1,0,0),(456,'Employee Reports - Employee Basic Details Title','','ENTITY',1,0,0),(457,'Employee Reports - Employee Basic Details (Grid View)','','ENTITY',1,0,0),(458,'Employee Reports - Employee Basic Details (Grid View) - Card Header TODO','','ENTITY',1,0,0),(459,'Employee Reports - Employee Basic Details (Grid View) - Card Body TODO','','ENTITY',1,0,0),(460,'Employee Reports - Employee Basic Details (Grid View) - Card Title TODO','','ENTITY',1,0,0),(461,'Payroll Reports - Card Group TODO','','ENTITY',1,0,0),(463,'Payroll Reports - Card Element TODO - Card Body TODO','','ENTITY',1,0,0),(464,'Payroll Reports - Card Element TODO - Card Title TODO','','ENTITY',1,0,0),(465,'Payroll Reports - Card Element TODO','','ENTITY',1,0,0),(466,'Payroll Reports','','ENTITY',1,0,0),(467,'ENTER ENTITY NAME - Card Header TODO','','ENTITY',1,0,0),(468,'ENTER ENTITY NAME - Card Body TODO','','ENTITY',1,0,0),(469,'ENTER ENTITY NAME - Card Title TODO','','ENTITY',1,0,0),(470,'Payroll Reports - Payroll Statistics - Extras Breakdown Report','','ENTITY',1,0,0),(471,'Payroll Reports - Payroll - Extras Breakdown by Cost Center - Card Header TODO','','ENTITY',1,0,0),(472,'Payroll Reports - Payroll - Extras Breakdown by Cost Center - Card Body TODO','','ENTITY',1,0,0),(473,'Payroll Reports - Payroll - Extras Breakdown by Cost Center - Card Title TODO','','ENTITY',1,0,0),(474,'Payroll Reports - Payroll - Extras Breakdown by Cost Center','','ENTITY',1,0,0),(475,'Payroll Reports - Payroll - Allowances Breakdown - Card Header','','ENTITY',1,0,0),(476,'Payroll Reports - Payroll - Allowances Breakdown - Card Body','','ENTITY',1,0,0),(477,'Payroll Reports - Payroll - Allowances Breakdown - Card Title','','ENTITY',1,0,0),(478,'Payroll Reports - Payroll - Allowances Breakdown','','ENTITY',1,0,0),(479,'Payroll Reports - Payroll - Bank Breakdown Report - Card Header','','ENTITY',1,0,0),(480,'Payroll Reports - Payroll - Bank Breakdown Report - Card Body','','ENTITY',1,0,0),(481,'Payroll Reports - Payroll - Bank Breakdown Report - Card Title','','ENTITY',1,0,0),(482,'Payroll Reports - Payroll - Bank Breakdown Report','','ENTITY',1,0,0),(483,'Payroll Reports - Payroll - Bank Breakdown Report - Card Header','','ENTITY',1,0,0),(484,'Payroll Reports - Payroll - Bank Breakdown Report - Card Body','','ENTITY',1,0,0),(485,'Payroll Reports - Payroll - Bank Breakdown Report - Card Title','','ENTITY',1,0,0),(486,'Payroll Reports - Payroll - Bank Breakdown Report','','ENTITY',1,0,0),(487,'Payroll Changes - Card Group','','ENTITY',1,0,0),(488,'Payroll Changes - Card Element','','ENTITY',1,0,0),(489,'Payroll Changes - Card Header','','ENTITY',1,0,0),(490,'Payroll Changes - Card Body','','ENTITY',1,0,0),(491,'Payroll Changes - Card Title','','ENTITY',1,0,0),(492,'Payroll Changes','','ENTITY',1,0,0),(493,'2019 Payroll Changes - Card Element - Card Header','','ENTITY',1,0,0),(494,'2019 Payroll Changes - Card Element - Card Body','','ENTITY',1,0,0),(495,'2019 Payroll Changes - Card Element - Card Title','','ENTITY',1,0,0),(496,'2019 Payroll Changes - Card Element','','ENTITY',1,0,0),(497,'Absences - Card Group','','ENTITY',1,0,0),(498,'Absences - Card Element','','ENTITY',1,0,0),(499,'Absences - Card Header','','ENTITY',1,0,0),(500,'Absences - Card Body','','ENTITY',1,0,0),(501,'Absences - Card Title','','ENTITY',1,0,0),(502,'Absences','','ENTITY',1,0,0),(503,'Absence Entitlements - Card Header','','ENTITY',1,0,0),(504,'Absence Entitlements - Card Body','','ENTITY',1,0,0),(505,'Absence Entitlements - Card Title','','ENTITY',1,0,0),(506,'Absence Entitlements','','ENTITY',1,0,0),(507,'Absence Entitlements (Grid View) - Card Header','','ENTITY',1,0,0),(508,'Absence Entitlements (Grid View) - Card Body','','ENTITY',1,0,0),(509,'Absence Entitlements (Grid View) - Card Title','','ENTITY',1,0,0),(510,'Absence Entitlements (Grid View)','','ENTITY',1,0,0),(511,'ENTER ENTITY NAME','','ENTITY',1,0,0),(512,'FaFa','','ENTITY',1,0,0),(513,'Element Header','','ENTITY',1,0,0),(516,'Employee Reports - Card Header - FaFa','','ENTITY',1,0,0),(517,'Employee Reports - Card Header - Text Element','','ENTITY',1,0,0),(518,'Employee Reports - Card Header','','ENTITY',1,0,0),(519,'Employee Reports - Employee Basic Details Header - FaFa','','ENTITY',1,0,0),(520,'Employee Reports - Employee Basic Details (Grid View) - Card Header - FaFa','','ENTITY',1,0,0),(521,'Payroll Reports - Card Header - FaFa','','ENTITY',1,0,0),(522,'Payroll Reports - Card Header - Text Element','','ENTITY',1,0,0),(523,'Payroll Reports - Card Header','','ENTITY',1,0,0),(524,'Payroll Reports - Element Header - FaFa','','ENTITY',1,0,0),(525,'Payroll Reports - Element Header','','ENTITY',1,0,0),(527,'Payroll Statistics - Extras Breakdown Report Header - FaFa','','ENTITY',1,0,0),(528,'Payroll Reports - Payroll - Extras Breakdown by Cost Center - Card Header - FaFa','','ENTITY',1,0,0),(529,'Payroll Reports - Payroll - Allowances Breakdown - Card Header - FaFa','','ENTITY',1,0,0),(530,'Payroll Reports - Payroll Statistics - Bank Cash Payments - Card Header - FaFa','','ENTITY',1,0,0),(531,'Payroll Reports - Payroll Statistics - Unions - Card Header - FaFa','','ENTITY',1,0,0),(532,'2020 Payroll Changes - Element Header - FaFa','','ENTITY',1,0,0),(533,'2019 Payroll Changes - Element Header - FaFa','','ENTITY',1,0,0),(534,'Absences Consumed - Element Header - FaFa','','ENTITY',1,0,0),(535,'Absence Entitlements - Element Header - FaFa','','ENTITY',1,0,0),(536,'Absence Entitlements (Grid View) - Element Header - FaFa','','ENTITY',1,0,0),(537,'Visual Reports - Form','No existing version. New major version of Visual Reports - Form','TEST_SUITE',1,0,0),(538,'Dakar Intelligence - Form','No existing version. New major version of Dakar Intelligence - Form','TEST_SUITE',1,0,0),(539,'Employee Reports','No existing version. New major version of Employee Reports','TEST_SUITE',1,0,0),(540,'Employee Reports - Card Header','No existing version. New major version of Employee Reports - Card Header','TEST_SUITE',1,0,0),(541,'Employee Reports - Card Group','No existing version. New major version of Employee Reports - Card Group','TEST_SUITE',1,0,0),(542,'Employee Reports - Employee Basic Details','No existing version. New major version of Employee Reports - Employee Basic Details','TEST_SUITE',1,0,0),(543,'Employee Reports - Employee Basic Details Header','No existing version. New major version of Employee Reports - Employee Basic Details Header','TEST_SUITE',1,0,0),(544,'Employee Reports - Employee Basic Details Body','No existing version. New major version of Employee Reports - Employee Basic Details Body','TEST_SUITE',1,0,0),(545,'Employee Reports - Employee Basic Details (Grid View)','No existing version. New major version of Employee Reports - Employee Basic Details (Grid View)','TEST_SUITE',1,0,0),(546,'Employee Reports - Employee Basic Details (Grid View) - Card Header','No existing version. New major version of Employee Reports - Employee Basic Details (Grid View) - Card Header','TEST_SUITE',1,0,0),(547,'Employee Reports - Employee Basic Details (Grid View) - Card Body','No existing version. New major version of Employee Reports - Employee Basic Details (Grid View) - Card Body','TEST_SUITE',1,0,0),(548,'Payroll Reports','No existing version. New major version of Payroll Reports','TEST_SUITE',1,0,0),(549,'Payroll Reports - Card Header','No existing version. New major version of Payroll Reports - Card Header','TEST_SUITE',1,0,0),(550,'Payroll Reports - Card Group','No existing version. New major version of Payroll Reports - Card Group','TEST_SUITE',1,0,0),(551,'Payroll Reports - Payroll Statistics - Gross/Tax/NI','No existing version. New major version of Payroll Reports - Payroll Statistics - Gross/Tax/NI','TEST_SUITE',1,0,0),(552,'Payroll Reports - Element Header','No existing version. New major version of Payroll Reports - Element Header','TEST_SUITE',1,0,0),(553,'Payroll Reports - Payroll Statistics - Gross/Tax/NI Body','No existing version. New major version of Payroll Reports - Payroll Statistics - Gross/Tax/NI Body','TEST_SUITE',1,0,0),(554,'Payroll Reports - Payroll Statistics - Extras Breakdown Report','No existing version. New major version of Payroll Reports - Payroll Statistics - Extras Breakdown Report','TEST_SUITE',1,0,0),(555,'Payroll Statistics - Extras Breakdown Report Header','No existing version. New major version of Payroll Statistics - Extras Breakdown Report Header','TEST_SUITE',1,0,0),(556,'Payroll Statistics - Extras Breakdown Report Body','No existing version. New major version of Payroll Statistics - Extras Breakdown Report Body','TEST_SUITE',1,0,0),(557,'Payroll Reports - Payroll - Extras Breakdown by Cost Center','No existing version. New major version of Payroll Reports - Payroll - Extras Breakdown by Cost Center','TEST_SUITE',1,0,0),(558,'Payroll Reports - Payroll - Extras Breakdown by Cost Center - Card Header','No existing version. New major version of Payroll Reports - Payroll - Extras Breakdown by Cost Center - Card Header','TEST_SUITE',1,0,0),(559,'Payroll Reports - Payroll - Extras Breakdown by Cost Center - Card Body','No existing version. New major version of Payroll Reports - Payroll - Extras Breakdown by Cost Center - Card Body','TEST_SUITE',1,0,0),(560,'Payroll Reports - Payroll - Allowances Breakdown','No existing version. New major version of Payroll Reports - Payroll - Allowances Breakdown','TEST_SUITE',1,0,0),(561,'Payroll Reports - Payroll - Allowances Breakdown - Element Header','No existing version. New major version of Payroll Reports - Payroll - Allowances Breakdown - Element Header','TEST_SUITE',1,0,0),(562,'Payroll Reports - Payroll - Allowances Breakdown - Card Body','No existing version. New major version of Payroll Reports - Payroll - Allowances Breakdown - Card Body','TEST_SUITE',1,0,0),(563,'Payroll Reports - Payroll Statistics - Bank Cash Payments','No existing version. New major version of Payroll Reports - Payroll Statistics - Bank Cash Payments','TEST_SUITE',1,0,0),(564,'Payroll Reports - Payroll Statistics - Bank Cash Payments - Element Header','No existing version. New major version of Payroll Reports - Payroll Statistics - Bank Cash Payments - Element Header','TEST_SUITE',1,0,0),(565,'Payroll Reports - Payroll Statistics - Bank Cash Payments - Card Body','No existing version. New major version of Payroll Reports - Payroll Statistics - Bank Cash Payments - Card Body','TEST_SUITE',1,0,0),(566,'Payroll Reports - Payroll Statistics - Unions','No existing version. New major version of Payroll Reports - Payroll Statistics - Unions','TEST_SUITE',1,0,0),(567,'Payroll Reports - Payroll Statistics - Unions - Element Header','No existing version. New major version of Payroll Reports - Payroll Statistics - Unions - Element Header','TEST_SUITE',1,0,0),(568,'Payroll Reports - Payroll Statistics - Unions - Card Body','No existing version. New major version of Payroll Reports - Payroll Statistics - Unions - Card Body','TEST_SUITE',1,0,0),(569,'Payroll Changes','No existing version. New major version of Payroll Changes','TEST_SUITE',1,0,0),(570,'Payroll Changes - Card Group','No existing version. New major version of Payroll Changes - Card Group','TEST_SUITE',1,0,0),(571,'2020 Payroll Changes - Card Element','No existing version. New major version of 2020 Payroll Changes - Card Element','TEST_SUITE',1,0,0),(572,'2020 Payroll Changes - Element Header','No existing version. New major version of 2020 Payroll Changes - Element Header','TEST_SUITE',1,0,0),(573,'2020 Payroll Changes - Card Body','No existing version. New major version of 2020 Payroll Changes - Card Body','TEST_SUITE',1,0,0),(574,'2019 Payroll Changes - Card Element','No existing version. New major version of 2019 Payroll Changes - Card Element','TEST_SUITE',1,0,0),(575,'2019 Payroll Changes - Element Header','No existing version. New major version of 2019 Payroll Changes - Element Header','TEST_SUITE',1,0,0),(576,'2019 Payroll Changes - Card Element - Card Body','No existing version. New major version of 2019 Payroll Changes - Card Element - Card Body','TEST_SUITE',1,0,0),(577,'Absences','No existing version. New major version of Absences','TEST_SUITE',1,0,0),(578,'Absences - Card Group','No existing version. New major version of Absences - Card Group','TEST_SUITE',1,0,0),(579,'Absences Consumed - Card Element','No existing version. New major version of Absences Consumed - Card Element','TEST_SUITE',1,0,0),(580,'Absences Consumed - Element Header','No existing version. New major version of Absences Consumed - Element Header','TEST_SUITE',1,0,0),(581,'Absences Consumed - Card Body','No existing version. New major version of Absences Consumed - Card Body','TEST_SUITE',1,0,0),(582,'Absence Entitlements','No existing version. New major version of Absence Entitlements','TEST_SUITE',1,0,0),(583,'Absence Entitlements - Element Header','No existing version. New major version of Absence Entitlements - Element Header','TEST_SUITE',1,0,0),(584,'Absence Entitlements - Card Body','No existing version. New major version of Absence Entitlements - Card Body','TEST_SUITE',1,0,0),(585,'Absence Entitlements (Grid View)','No existing version. New major version of Absence Entitlements (Grid View)','TEST_SUITE',1,0,0),(586,'Absence Entitlements (Grid View) - Element Header','No existing version. New major version of Absence Entitlements (Grid View) - Element Header','TEST_SUITE',1,0,0),(587,'Absence Entitlements (Grid View) - Card Body','No existing version. New major version of Absence Entitlements (Grid View) - Card Body','TEST_SUITE',1,0,0),(588,'Top Level of: Visual Reports - Form','No existing version. New major version of Top Level of: Visual Reports - Form','TEST',1,0,0),(589,'Top Level of: Dakar Intelligence - Form','No existing version. New major version of Top Level of: Dakar Intelligence - Form','TEST',1,0,0),(590,'Top Level of: Employee Reports','No existing version. New major version of Top Level of: Employee Reports','TEST',1,0,0),(591,'Top Level of: Employee Reports - Card Header','No existing version. New major version of Top Level of: Employee Reports - Card Header','TEST',1,0,0),(592,'Employee Reports - Card Header - FaFa','No existing version. New major version of Employee Reports - Card Header - FaFa','TEST',1,0,0),(593,'Employee Reports - Card Header - Text Element','No existing version. New major version of Employee Reports - Card Header - Text Element','TEST',1,0,0),(594,'Top Level of: Employee Reports - Card Group','No existing version. New major version of Top Level of: Employee Reports - Card Group','TEST',1,0,0),(595,'Top Level of: Employee Reports - Employee Basic Details','No existing version. New major version of Top Level of: Employee Reports - Employee Basic Details','TEST',1,0,0),(596,'Employee Reports - Employee Basic Details Title','No existing version. New major version of Employee Reports - Employee Basic Details Title','TEST',1,0,0),(597,'Top Level of: Employee Reports - Employee Basic Details Header','No existing version. New major version of Top Level of: Employee Reports - Employee Basic Details Header','TEST',1,0,0),(598,'Employee Reports - Employee Basic Details Header - FaFa','No existing version. New major version of Employee Reports - Employee Basic Details Header - FaFa','TEST',1,0,0),(599,'Top Level of: Employee Reports - Employee Basic Details Body','No existing version. New major version of Top Level of: Employee Reports - Employee Basic Details Body','TEST',1,0,0),(600,'Top Level of: Employee Reports - Employee Basic Details (Grid View)','No existing version. New major version of Top Level of: Employee Reports - Employee Basic Details (Grid View)','TEST',1,0,0),(601,'Employee Reports - Employee Basic Details (Grid View) - Card Title','No existing version. New major version of Employee Reports - Employee Basic Details (Grid View) - Card Title','TEST',1,0,0),(602,'Top Level of: Employee Reports - Employee Basic Details (Grid View) - Card Header','No existing version. New major version of Top Level of: Employee Reports - Employee Basic Details (Grid View) - Card Header','TEST',1,0,0),(603,'Employee Reports - Employee Basic Details (Grid View) - Card Header - FaFa','No existing version. New major version of Employee Reports - Employee Basic Details (Grid View) - Card Header - FaFa','TEST',1,0,0),(604,'Top Level of: Employee Reports - Employee Basic Details (Grid View) - Card Body','No existing version. New major version of Top Level of: Employee Reports - Employee Basic Details (Grid View) - Card Body','TEST',1,0,0),(605,'Top Level of: Payroll Reports','No existing version. New major version of Top Level of: Payroll Reports','TEST',1,0,0),(606,'Top Level of: Payroll Reports - Card Header','No existing version. New major version of Top Level of: Payroll Reports - Card Header','TEST',1,0,0),(607,'Payroll Reports - Card Header - FaFa','No existing version. New major version of Payroll Reports - Card Header - FaFa','TEST',1,0,0),(608,'Payroll Reports - Card Header - Text Element','No existing version. New major version of Payroll Reports - Card Header - Text Element','TEST',1,0,0),(609,'Top Level of: Payroll Reports - Card Group','No existing version. New major version of Top Level of: Payroll Reports - Card Group','TEST',1,0,0),(610,'Top Level of: Payroll Reports - Payroll Statistics - Gross/Tax/NI','No existing version. New major version of Top Level of: Payroll Reports - Payroll Statistics - Gross/Tax/NI','TEST',1,0,0),(611,'Payroll Reports - Payroll Statistics - Gross/Tax/NI Title','No existing version. New major version of Payroll Reports - Payroll Statistics - Gross/Tax/NI Title','TEST',1,0,0),(612,'Top Level of: Payroll Reports - Element Header','No existing version. New major version of Top Level of: Payroll Reports - Element Header','TEST',1,0,0),(613,'Payroll Reports - Element Header - FaFa','No existing version. New major version of Payroll Reports - Element Header - FaFa','TEST',1,0,0),(614,'Top Level of: Payroll Reports - Payroll Statistics - Gross/Tax/NI Body','No existing version. New major version of Top Level of: Payroll Reports - Payroll Statistics - Gross/Tax/NI Body','TEST',1,0,0),(615,'Top Level of: Payroll Reports - Payroll Statistics - Extras Breakdown Report','No existing version. New major version of Top Level of: Payroll Reports - Payroll Statistics - Extras Breakdown Report','TEST',1,0,0),(616,'Payroll Statistics - Extras Breakdown Report Title','No existing version. New major version of Payroll Statistics - Extras Breakdown Report Title','TEST',1,0,0),(617,'Top Level of: Payroll Statistics - Extras Breakdown Report Header','No existing version. New major version of Top Level of: Payroll Statistics - Extras Breakdown Report Header','TEST',1,0,0),(618,'Payroll Statistics - Extras Breakdown Report Header - FaFa','No existing version. New major version of Payroll Statistics - Extras Breakdown Report Header - FaFa','TEST',1,0,0),(619,'Top Level of: Payroll Statistics - Extras Breakdown Report Body','No existing version. New major version of Top Level of: Payroll Statistics - Extras Breakdown Report Body','TEST',1,0,0),(620,'Top Level of: Payroll Reports - Payroll - Extras Breakdown by Cost Center','No existing version. New major version of Top Level of: Payroll Reports - Payroll - Extras Breakdown by Cost Center','TEST',1,0,0),(621,'Payroll Reports - Payroll - Extras Breakdown by Cost Center - Card Title','No existing version. New major version of Payroll Reports - Payroll - Extras Breakdown by Cost Center - Card Title','TEST',1,0,0),(622,'Top Level of: Payroll Reports - Payroll - Extras Breakdown by Cost Center - Card Header','No existing version. New major version of Top Level of: Payroll Reports - Payroll - Extras Breakdown by Cost Center - Card Header','TEST',1,0,0),(623,'Payroll Reports - Payroll - Extras Breakdown by Cost Center - Card Header - FaFa','No existing version. New major version of Payroll Reports - Payroll - Extras Breakdown by Cost Center - Card Header - FaFa','TEST',1,0,0),(624,'Top Level of: Payroll Reports - Payroll - Extras Breakdown by Cost Center - Card Body','No existing version. New major version of Top Level of: Payroll Reports - Payroll - Extras Breakdown by Cost Center - Card Body','TEST',1,0,0),(625,'Top Level of: Payroll Reports - Payroll - Allowances Breakdown','No existing version. New major version of Top Level of: Payroll Reports - Payroll - Allowances Breakdown','TEST',1,0,0),(626,'Payroll Reports - Payroll - Allowances Breakdown - Card Title','No existing version. New major version of Payroll Reports - Payroll - Allowances Breakdown - Card Title','TEST',1,0,0),(627,'Top Level of: Payroll Reports - Payroll - Allowances Breakdown - Element Header','No existing version. New major version of Top Level of: Payroll Reports - Payroll - Allowances Breakdown - Element Header','TEST',1,0,0),(628,'Payroll Reports - Payroll - Allowances Breakdown - Card Header - FaFa','No existing version. New major version of Payroll Reports - Payroll - Allowances Breakdown - Card Header - FaFa','TEST',1,0,0),(629,'Top Level of: Payroll Reports - Payroll - Allowances Breakdown - Card Body','No existing version. New major version of Top Level of: Payroll Reports - Payroll - Allowances Breakdown - Card Body','TEST',1,0,0),(630,'Top Level of: Payroll Reports - Payroll Statistics - Bank Cash Payments','No existing version. New major version of Top Level of: Payroll Reports - Payroll Statistics - Bank Cash Payments','TEST',1,0,0),(631,'Payroll Reports - Payroll Statistics - Bank Cash Payments - Card Title','No existing version. New major version of Payroll Reports - Payroll Statistics - Bank Cash Payments - Card Title','TEST',1,0,0),(632,'Top Level of: Payroll Reports - Payroll Statistics - Bank Cash Payments - Element Header','No existing version. New major version of Top Level of: Payroll Reports - Payroll Statistics - Bank Cash Payments - Element Header','TEST',1,0,0),(633,'Payroll Reports - Payroll Statistics - Bank Cash Payments - Element Header - FaFa','No existing version. New major version of Payroll Reports - Payroll Statistics - Bank Cash Payments - Element Header - FaFa','TEST',1,0,0),(634,'Top Level of: Payroll Reports - Payroll Statistics - Bank Cash Payments - Card Body','No existing version. New major version of Top Level of: Payroll Reports - Payroll Statistics - Bank Cash Payments - Card Body','TEST',1,0,0),(635,'Top Level of: Payroll Reports - Payroll Statistics - Unions','No existing version. New major version of Top Level of: Payroll Reports - Payroll Statistics - Unions','TEST',1,0,0),(636,'Payroll Reports - Payroll Statistics - Unions - Card Title','No existing version. New major version of Payroll Reports - Payroll Statistics - Unions - Card Title','TEST',1,0,0),(637,'Top Level of: Payroll Reports - Payroll Statistics - Unions - Element Header','No existing version. New major version of Top Level of: Payroll Reports - Payroll Statistics - Unions - Element Header','TEST',1,0,0),(638,'Payroll Reports - Payroll Statistics - Unions - Element Header - FaFa','No existing version. New major version of Payroll Reports - Payroll Statistics - Unions - Element Header - FaFa','TEST',1,0,0),(639,'Row','','ENTITY',1,0,0),(640,'Column','','ENTITY',1,0,0),(641,'JSDropdownMenuHeader','','ENTITY',1,0,0),(642,'My Company / Last Viewed - DropdownMenu','','ENTITY',1,0,0),(643,'My Company / Last Viewed - DropdownMenu - Header - Text Element','','ENTITY',1,0,0),(644,'My Company / Last Viewed - DropdownMenu - Header','','ENTITY',1,0,0),(645,'My Company / Last Viewed - DropdownMenu - Row - Column','','ENTITY',1,0,0),(646,'My Company / Last Viewed - DropdownMenu - Row','','ENTITY',1,0,0),(647,'My Company / Last Viewed - DropdownMenu - Image','','ENTITY',1,0,0),(648,'My Company / Last Viewed - DropdownMenu - Row - Column 2','','ENTITY',1,0,0),(649,'My Company / Last Viewed - DropdownMenu - Text','','ENTITY',1,0,0),(650,'My Company / Last Viewed - DropdownMenu - Row - Column 3','','ENTITY',1,0,0),(651,'My Company / Last Viewed - DropdownMenu - Text','','ENTITY',1,0,0),(652,'All Notifications - DropdownMenu','','ENTITY',1,0,0),(653,'All Notifications - DropdownMenu - Header - Text Element','','ENTITY',1,0,0),(654,'All Notifications - DropdownMenu - Header','','ENTITY',1,0,0),(655,'JSDropdownMenuItem','','ENTITY',1,0,0),(656,'All Notifications - DropdownMenu - Item','','ENTITY',1,0,0),(657,'All Notifications - DropdownMenu - Item 1 - FaFa','','ENTITY',1,0,0),(658,'All Notifications - DropdownMenu - Item 1 - Text','','ENTITY',1,0,0),(659,'All Notifications - DropdownMenu - Item 2','','ENTITY',1,0,0),(660,'All Notifications - DropdownMenu - Item 2 - FaFa','','ENTITY',1,0,0),(661,'All Notifications - DropdownMenu - Item 2 - Text','','ENTITY',1,0,0),(662,'All Notifications - DropdownMenu - Item 3','','ENTITY',1,0,0),(663,'All Notifications - DropdownMenu - Item 3 - FaFa','','ENTITY',1,0,0),(664,'All Notifications - DropdownMenu - Item 3 - Text','','ENTITY',1,0,0),(665,'New Employments - DropdownMenu','','ENTITY',1,0,0),(666,'All Notifications - DropdownMenu - Header - Text Element','','ENTITY',1,0,0),(667,'All Notifications - DropdownMenu - Header','','ENTITY',1,0,0),(668,'Terminations - DropdownMenu','','ENTITY',1,0,0),(669,'Terminations - DropdownMenu - Header - Text Element','','ENTITY',1,0,0),(670,'Terminations - DropdownMenu - Header','','ENTITY',1,0,0),(672,'NavLink','','ENTITY',1,0,0),(673,'User Management - FaFa','','ENTITY',1,0,0),(674,'User Management','','ENTITY',1,0,0),(675,'User Management - Dropdown Menu','','ENTITY',1,0,0),(676,'User Management - Dropdown Menu - Header - Text Element','','ENTITY',1,0,0),(677,'User Management - Dropdown Menu - Header','','ENTITY',1,0,0),(678,'User Management - DropdownMenu - Item 1','','ENTITY',1,0,0),(679,'User Management - DropdownMenu - Item 1 - FaFA','','ENTITY',1,0,0),(680,'User Management - DropdownMenu - Item 1 - Text','','ENTITY',1,0,0),(681,'User Management - DropdownMenu - Item 2','','ENTITY',1,0,0),(682,'User Management - DropdownMenu - Item 2 - FaFa','','ENTITY',1,0,0),(683,'Group Authorisations - DropdownMenu - Item 2 - Text','','ENTITY',1,0,0),(684,'NavPill','','ENTITY',1,0,0),(685,'Quick Links - FaFa','','ENTITY',1,0,0),(686,'Quick Links','','ENTITY',1,0,0),(687,'Quick Links - Dropdown Menu - Header - Text Element','','ENTITY',1,0,0),(688,'Quick Links - Dropdown Menu - Header','','ENTITY',1,0,0),(689,'Quick Link Grid','','ENTITY',1,0,0),(690,'Quick Link Grid Item','','ENTITY',1,0,0),(691,'Quick Link Grid Item Title','','ENTITY',1,0,0),(694,'Quick Links - Grid - Quick Link Grid Item','','ENTITY',1,0,0),(695,'Quick Links - Grid - FaFa','','ENTITY',1,0,0),(696,'Quick Links - Grid - Quick Link Grid Item Title','','ENTITY',1,0,0),(697,'Quick Links - Grid','','ENTITY',1,0,0),(698,'Quick Links - Grid- Quick Link Grid Item 2 - FaFa','','ENTITY',1,0,0),(699,'Quick Links - Grid- Quick Link Grid Item 2 - Quick Link Grid Item Title','','ENTITY',1,0,0),(700,'Quick Links - Grid- Quick Link Grid Item 2','','ENTITY',1,0,0),(701,'Quick Links - Grid- Quick Link Grid Item 3 - FaFa','','ENTITY',1,0,0),(702,'Quick Links - Grid- Quick Link Grid Item 3 - Quick Link Grid Item Title','','ENTITY',1,0,0),(703,'Quick Links - Grid- Quick Link Grid Item 3','','ENTITY',1,0,0),(704,'Quick Links - Grid- Quick Link Grid Item 4 - FaFa','','ENTITY',1,0,0),(705,'Quick Links - Grid- Quick Link Grid Item 4 - Quick Link Grid Item Title','','ENTITY',1,0,0),(706,'Quick Links - Grid- Quick Link Grid Item 4','','ENTITY',1,0,0),(707,'User Avatar - Dropdwon Menu','','ENTITY',1,0,0),(708,'Media Object','','ENTITY',1,0,0),(709,'Media Object Body','','ENTITY',1,0,0),(710,'User Avatar - Dropdown Menu - Header - Text Element','','ENTITY',1,0,0),(711,'User Avatar - Dropdown Menu - Header','','ENTITY',1,0,0),(712,'User Avatar - Dropdown Menu - Header - Text Element - Media Object Body','','ENTITY',1,0,0),(713,'Media Body - Image','','ENTITY',1,0,0),(714,'Media Body - Header','','ENTITY',1,0,0),(715,'Media Body - Text','','ENTITY',1,0,0),(716,'Media Body - Text','','ENTITY',1,0,0),(717,'LeftSideBar','','ENTITY',1,0,0),(718,'NavAccordion','','ENTITY',1,0,0),(719,'MobileLeftSideHider','','ENTITY',1,0,0),(720,'SubMenu','','ENTITY',1,0,0),(721,'ClickRedirect','','ENTITY',1,0,0),(722,'ENTER ENTITY NAME','','ENTITY',1,0,0),(723,'DisplayBlock','','ENTITY',1,0,0),(724,'Employee List','Change type.','ENTITY',1,1,0),(726,'Employee List - Text Element','','ENTITY',1,0,0),(727,'Employee List - FaFa','','ENTITY',1,0,0),(728,'Employee List - ClickRedirect','','ENTITY',1,0,0),(729,'Documents','Change type.','ENTITY',1,1,0),(730,'Documents - Text Element','','ENTITY',1,0,0),(731,'Documents - FaFa','','ENTITY',1,0,0),(732,'Documents - ClickRedirect','','ENTITY',1,0,0),(733,'Documents','Correct version','ENTITY',1,2,0),(734,'Employees - Text Element','','ENTITY',1,0,0),(735,'Employees - FaFa','','ENTITY',1,0,0),(736,'Employees - DCJQIcon','','ENTITY',1,0,0),(737,'Employees - DisplayBlock','','ENTITY',1,0,0),(738,'Employees - MobileLeftSideHider','','ENTITY',1,0,0),(739,'Employees','','ENTITY',1,0,0),(740,'Employees - Text Element','','ENTITY',1,0,0),(741,'Employees - FaFa','','ENTITY',1,0,0),(742,'Employees - DCJQIcon','','ENTITY',1,0,0),(743,'Employees - DisplayBlock','','ENTITY',1,0,0),(744,'Employees - MobileLeftSideHider','','ENTITY',1,0,0),(745,'Employees - MobileLeftSideHider - Text Element','','ENTITY',1,0,0),(746,'Employees - MobileLeftSideHider - FaFa','','ENTITY',1,0,0),(747,'Employees - MobileLeftSideHider - ClickRedirect','','ENTITY',1,0,0),(748,'Employee Others - Text Element','','ENTITY',1,0,0),(749,'Employee Others - FaFa','','ENTITY',1,0,0),(750,'Employee Others - DCJQIcon','','ENTITY',1,0,0),(751,'Employee Others - DisplayBlock','','ENTITY',1,0,0),(752,'Employee Others - MobileLeftSideHider','','ENTITY',1,0,0),(753,'Employee Others','Change type.','ENTITY',1,1,0),(754,'Employee Others - Absence Entitlements - Text Element','','ENTITY',1,0,0),(755,'Employee Others - Absence Entitlements - FaFa','','ENTITY',1,0,0),(756,'Employee Others - Absence Entitlements - ClickRedirect','','ENTITY',1,0,0),(757,'Payroll - Text Element','','ENTITY',1,0,0),(758,'Payroll - FaFa','','ENTITY',1,0,0),(759,'Payroll - DCJQIcon','','ENTITY',1,0,0),(760,'Payroll - DisplayBlock','','ENTITY',1,0,0),(761,'Payroll','Change type.','ENTITY',1,1,0),(762,'Payroll Statistics - Text Element','','ENTITY',1,0,0),(763,'Payroll Statistics - FaFa','','ENTITY',1,0,0),(764,'Payroll Statistics - ClickRedirect','','ENTITY',1,0,0),(765,'Payroll Statistics','Change type.','ENTITY',1,1,0),(766,'Employee Statistics - Text Element','','ENTITY',1,0,0),(767,'Employee Statistics - FaFa','','ENTITY',1,0,0),(768,'Employee Statistics - DCJQIcon','','ENTITY',1,0,0),(769,'Employee Statistics - DisplayBlock','','ENTITY',1,0,0),(770,'Employee Statistics','','ENTITY',1,0,0),(771,'Absence Statistics - Text Element','','ENTITY',1,0,0),(772,'Absence Statistics - FaFa','','ENTITY',1,0,0),(773,'Absence Statistics - DCJQIcon','','ENTITY',1,0,0),(774,'Absence Statistics - DisplayBlock','','ENTITY',1,0,0),(775,'Absence Statistics','Change type.','ENTITY',1,1,0),(776,'Reports - Text Element','','ENTITY',1,0,0),(777,'Reports - FaFa','','ENTITY',1,0,0),(778,'Reports - DCJQIcon','','ENTITY',1,0,0),(779,'Reports - DisplayBlock','','ENTITY',1,0,0),(780,'Reports','Change type.','ENTITY',1,1,0),(781,'Monthly Reports - Text Element','','ENTITY',1,0,0),(782,'Monthly Reports - FaFa','','ENTITY',1,0,0),(783,'Monthly Reports - ClickRedirect','','ENTITY',1,0,0),(784,'Monthly Reports','Change type.','ENTITY',1,1,0),(785,'Yearly Reports - Text Element','','ENTITY',1,0,0),(786,'Yearly Reports - FaFa','','ENTITY',1,0,0),(787,'Yearly Reports - ClickRedirect','','ENTITY',1,0,0),(788,'Yearly Reports','Change type.','ENTITY',1,1,0),(789,'Bulk Updates','Change type.','ENTITY',1,1,0),(790,'Bulk Updates - Text Element','','ENTITY',1,0,0),(791,'Bulk Updates - FaFa','','ENTITY',1,0,0),(792,'Bulk Updates - DCJQIcon','','ENTITY',1,0,0),(793,'Bulk Updates - DisplayBlock','','ENTITY',1,0,0),(794,'Settings - Text Element','','ENTITY',1,0,0),(795,'Settings - FaFa','','ENTITY',1,0,0),(796,'Settings - ClickRedirect','','ENTITY',1,0,0),(797,'Settings','Change type.','ENTITY',1,1,0),(798,'My Company / Last Viewed - DropdownMenu','No existing version. New major version of My Company / Last Viewed - DropdownMenu','TEST_SUITE',1,0,0),(799,'My Company / Last Viewed - DropdownMenu - Header','No existing version. New major version of My Company / Last Viewed - DropdownMenu - Header','TEST_SUITE',1,0,0),(800,'My Company / Last Viewed - DropdownMenu - Row','No existing version. New major version of My Company / Last Viewed - DropdownMenu - Row','TEST_SUITE',1,0,0),(801,'My Company / Last Viewed - DropdownMenu - Row - Column 1','No existing version. New major version.','TEST_SUITE',1,0,0),(802,'My Company / Last Viewed - DropdownMenu - Row - Column 2','No existing version. New major version.','TEST_SUITE',1,0,0),(803,'My Company / Last Viewed - DropdownMenu - Row - Column 3','No existing version. New major version.','TEST_SUITE',1,0,0),(804,'All Notifications - DropdownMenu','No existing version. New major version.','TEST_SUITE',1,0,0),(805,'All Notifications - DropdownMenu - Header','No existing version. New major version.','TEST_SUITE',1,0,0),(806,'All Notifications - DropdownMenu - Item 1','No existing version. New major version.','TEST_SUITE',1,0,0),(807,'All Notifications - DropdownMenu - Item 2','No existing version. New major version.','TEST_SUITE',1,0,0),(808,'All Notifications - DropdownMenu - Item 3','No existing version. New major version.','TEST_SUITE',1,0,0),(809,'New Employments - DropdownMenu','No existing version. New major version.','TEST_SUITE',1,0,0),(810,'New Employments - DropdownMenu - Header','No existing version. New major version.','TEST_SUITE',1,0,0),(811,'Terminations - DropdownMenu','No existing version. New major version.','TEST_SUITE',1,0,0),(812,'Terminations - DropdownMenu - Header','No existing version. New major version.','TEST_SUITE',1,0,0),(813,'User Management','No existing version. New major version.','TEST_SUITE',1,0,0),(814,'User Management - Dropdown Menu','No existing version. New major version.','TEST_SUITE',1,0,0),(815,'User Management - Dropdown Menu - Header','No existing version. New major version.','TEST_SUITE',1,0,0),(816,'User Management - DropdownMenu - Item 1','No existing version. New major version.','TEST_SUITE',1,0,0),(817,'Group Authorisations - DropdownMenu - Item 2','No existing version. New major version.','TEST_SUITE',1,0,0),(818,'Quick Links - Payroll','No existing version. New major version.','TEST_SUITE',1,0,0),(819,'Quick Links - Dropdown Menu - Header','No existing version. New major version.','TEST_SUITE',1,0,0),(820,'Quick Links - Grid','No existing version. New major version.','TEST_SUITE',1,0,0),(821,'Quick Links - Grid - JSDropdownMenuHeader','No existing version. New major version.','TEST_SUITE',1,0,0),(822,'Quick Links - Grid- Quick Link Grid Item 1','No existing version. New major version.','TEST_SUITE',1,0,0),(823,'Quick Links - Grid- Quick Link Grid Item 2','No existing version. New major version.','TEST_SUITE',1,0,0),(824,'Quick Links - Grid- Quick Link Grid Item 3','No existing version. New major version.','TEST_SUITE',1,0,0),(825,'Quick Links - Grid- Quick Link Grid Item 4','No existing version. New major version.','TEST_SUITE',1,0,0),(826,'User Avatar - Dropdwon Menu','No existing version. New major version.','TEST_SUITE',1,0,0),(827,'User Avatar - Dropdown Menu - Header','No existing version. New major version.','TEST_SUITE',1,0,0),(828,'User Avatar - Dropdown Menu - Header - Media Obj','No existing version. New major version.','TEST_SUITE',1,0,0),(829,'User Avatar - Dropdown Menu - Header - Media Object Body','No existing version. New major version.','TEST_SUITE',1,0,0),(830,'Employee List','No existing version. New major version.','TEST_SUITE',1,0,0),(831,'Employee List - ClickRedirect','No existing version. New major version.','TEST_SUITE',1,0,0),(832,'Documents - ClickRedirect','No existing version. New major version.','TEST_SUITE',1,0,0),(833,'Documents','No existing version. New major version.','TEST_SUITE',1,0,0),(834,'Employees','No existing version. New major version.','TEST_SUITE',1,0,0),(835,'Employees - DisplayBlock','No existing version. New major version.','TEST_SUITE',1,0,0),(836,'Employees - Employee Details','No existing version. New major version.','TEST_SUITE',1,0,0),(837,'Employees - MobileLeftSideHider - ClickRedirect','No existing version. New major version.','TEST_SUITE',1,0,0),(838,'Employee Others','No existing version. New major version.','TEST_SUITE',1,0,0),(839,'Employee Others - DisplayBlock','No existing version. New major version.','TEST_SUITE',1,0,0),(840,'Employee Others - Absence Entitlements','No existing version. New major version.','TEST_SUITE',1,0,0),(841,'Employee Others - Absence Entitlements - ClickRedirect','No existing version. New major version.','TEST_SUITE',1,0,0),(842,'Payroll','No existing version. New major version.','TEST_SUITE',1,0,0),(843,'Payroll - DisplayBlock','No existing version. New major version.','TEST_SUITE',1,0,0),(844,'Payroll Statistics','No existing version. New major version.','TEST_SUITE',1,0,0),(845,'Payroll Statistics - ClickRedirect','No existing version. New major version.','TEST_SUITE',1,0,0),(846,'Employee Statistics','No existing version. New major version.','TEST_SUITE',1,0,0),(847,'Employee Statistics - DisplayBlock','No existing version. New major version.','TEST_SUITE',1,0,0),(848,'Absence Statistics','No existing version. New major version.','TEST_SUITE',1,0,0),(849,'Absence Statistics - DisplayBlock','No existing version. New major version.','TEST_SUITE',1,0,0),(850,'Reports','No existing version. New major version.','TEST_SUITE',1,0,0),(851,'Reports - DisplayBlock','No existing version. New major version.','TEST_SUITE',1,0,0),(852,'Monthly Reports','No existing version. New major version.','TEST_SUITE',1,0,0),(853,'Monthly Reports - ClickRedirect','No existing version. New major version.','TEST_SUITE',1,0,0),(854,'Yearly Reports','No existing version. New major version.','TEST_SUITE',1,0,0),(855,'Yearly Reports - ClickRedirect','No existing version. New major version.','TEST_SUITE',1,0,0),(856,'Bulk Updates','No existing version. New major version.','TEST_SUITE',1,0,0),(857,'Bulk Updates - DisplayBlock','No existing version. New major version.','TEST_SUITE',1,0,0),(858,'Settings','No existing version. New major version.','TEST_SUITE',1,0,0),(859,'Settings - ClickRedirect','No existing version. New major version.','TEST_SUITE',1,0,0),(860,'Top Level of: My Company / Last Viewed - DropdownMenu','No existing version. New major version.','TEST',1,0,0),(861,'Top Level of: My Company / Last Viewed - DropdownMenu - Header','No existing version. New major version.','TEST',1,0,0),(862,'My Company / Last Viewed - DropdownMenu - Header - Text Element','No existing version. New major version.','TEST',1,0,0),(863,'Top Level of: My Company / Last Viewed - DropdownMenu - Row','No existing version. New major version.','TEST',1,0,0),(864,'Top Level of: My Company / Last Viewed - DropdownMenu - Row - Column 1','No existing version. New major version.','TEST',1,0,0),(865,'Top Level of: My Company / Last Viewed - DropdownMenu - Row - Column 2','No existing version. New major version.','TEST',1,0,0),(866,'My Company / Last Viewed - DropdownMenu - Text','No existing version. New major version.','TEST',1,0,0),(867,'Top Level of: My Company / Last Viewed - DropdownMenu - Row - Column 3','No existing version. New major version.','TEST',1,0,0),(868,'My Company / Last Viewed - DropdownMenu - Text','No existing version. New major version.','TEST',1,0,0),(869,'Top Level of: All Notifications - DropdownMenu','No existing version. New major version.','TEST',1,0,0),(870,'Top Level of: All Notifications - DropdownMenu - Header','No existing version. New major version.','TEST',1,0,0),(871,'All Notifications - DropdownMenu - Header - Text Element','No existing version. New major version.','TEST',1,0,0),(872,'Top Level of: All Notifications - DropdownMenu - Item 1','No existing version. New major version.','TEST',1,0,0),(873,'All Notifications - DropdownMenu - Item 1 - FaFa','No existing version. New major version.','TEST',1,0,0),(874,'All Notifications - DropdownMenu - Item 1 - Text','No existing version. New major version.','TEST',1,0,0),(875,'Top Level of: All Notifications - DropdownMenu - Item 2','No existing version. New major version.','TEST',1,0,0),(876,'All Notifications - DropdownMenu - Item 2 - FaFa','No existing version. New major version.','TEST',1,0,0),(877,'All Notifications - DropdownMenu - Item 2 - Text','No existing version. New major version.','TEST',1,0,0),(878,'Top Level of: All Notifications - DropdownMenu - Item 3','No existing version. New major version.','TEST',1,0,0),(879,'All Notifications - DropdownMenu - Item 3 - FaFa','No existing version. New major version.','TEST',1,0,0),(880,'All Notifications - DropdownMenu - Item 3 - Text','No existing version. New major version.','TEST',1,0,0),(881,'Top Level of: New Employments - DropdownMenu','No existing version. New major version.','TEST',1,0,0),(882,'Top Level of: New Employments - DropdownMenu - Header','No existing version. New major version.','TEST',1,0,0),(883,'New Employments - DropdownMenu - Header - Text Element','No existing version. New major version.','TEST',1,0,0),(884,'Top Level of: Terminations - DropdownMenu','No existing version. New major version.','TEST',1,0,0),(885,'Top Level of: Terminations - DropdownMenu - Header','No existing version. New major version.','TEST',1,0,0),(886,'Terminations - DropdownMenu - Header - Text Element','No existing version. New major version.','TEST',1,0,0),(887,'Top Level of: User Management','No existing version. New major version.','TEST',1,0,0),(888,'User Management - FaFa','No existing version. New major version.','TEST',1,0,0),(889,'Top Level of: User Management - Dropdown Menu','No existing version. New major version.','TEST',1,0,0),(890,'Top Level of: User Management - Dropdown Menu - Header','No existing version. New major version.','TEST',1,0,0),(891,'User Management - Dropdown Menu - Header - Text Element','No existing version. New major version.','TEST',1,0,0),(892,'Top Level of: User Management - DropdownMenu - Item 1','No existing version. New major version.','TEST',1,0,0),(893,'User Management - DropdownMenu - Item 1 - FaFA','No existing version. New major version.','TEST',1,0,0),(894,'User Management - DropdownMenu - Item 1 - Text','No existing version. New major version.','TEST',1,0,0),(895,'Top Level of: Group Authorisations - DropdownMenu - Item 2','No existing version. New major version.','TEST',1,0,0),(896,'Group Authorisations - DropdownMenu - Item 2 - FaFa','No existing version. New major version.','TEST',1,0,0),(897,'Group Authorisations - DropdownMenu - Item 2 - Text','No existing version. New major version.','TEST',1,0,0),(898,'Top Level of: Quick Links - Payroll','No existing version. New major version.','TEST',1,0,0),(899,'Quick Links - FaFa','No existing version. New major version.','TEST',1,0,0),(900,'Top Level of: Quick Links - Dropdown Menu - Header','No existing version. New major version.','TEST',1,0,0),(901,'Quick Links - Dropdown Menu - Header - Text Element','No existing version. New major version.','TEST',1,0,0),(902,'Top Level of: Quick Links - Grid','No existing version. New major version.','TEST',1,0,0),(903,'Top Level of: Quick Links - Grid - JSDropdownMenuHeader','No existing version. New major version.','TEST',1,0,0),(904,'Quick Links - Grid - Text Element','No existing version. New major version.','TEST',1,0,0),(905,'Top Level of: Quick Links - Grid- Quick Link Grid Item 1','No existing version. New major version.','TEST',1,0,0),(906,'Quick Links - Grid Item 1 - FaFa','No existing version. New major version.','TEST',1,0,0),(907,'Quick Links - Grid Item 1 - Title','No existing version. New major version.','TEST',1,0,0),(908,'Top Level of: Quick Links - Grid- Quick Link Grid Item 2','No existing version. New major version.','TEST',1,0,0),(909,'Quick Links - Grid- Quick Link Grid Item 2 - FaFa','No existing version. New major version.','TEST',1,0,0),(910,'Quick Links - Grid- Quick Link Grid Item 2 - Quick Link Grid Item Title','No existing version. New major version.','TEST',1,0,0),(911,'Top Level of: Quick Links - Grid- Quick Link Grid Item 3','No existing version. New major version.','TEST',1,0,0),(912,'Quick Links - Grid- Quick Link Grid Item 3 - FaFa','No existing version. New major version.','TEST',1,0,0),(913,'Quick Links - Grid- Quick Link Grid Item 3 - Quick Link Grid Item Title','No existing version. New major version.','TEST',1,0,0),(914,'Top Level of: Quick Links - Grid- Quick Link Grid Item 4','No existing version. New major version.','TEST',1,0,0),(915,'Quick Links - Grid- Quick Link Grid Item 4 - FaFa','No existing version. New major version.','TEST',1,0,0),(916,'Quick Links - Grid- Quick Link Grid Item 4 - Quick Link Grid Item Title','No existing version. New major version.','TEST',1,0,0),(917,'Top Level of: User Avatar - Dropdwon Menu','No existing version. New major version.','TEST',1,0,0),(918,'Top Level of: User Avatar - Dropdown Menu - Header','No existing version. New major version.','TEST',1,0,0),(919,'Top Level of: User Avatar - Dropdown Menu - Header - Media Obj','No existing version. New major version.','TEST',1,0,0),(920,'Top Level of: User Avatar - Dropdown Menu - Header - Media Object Body','No existing version. New major version.','TEST',1,0,0),(921,'Media Body - Header','No existing version. New major version.','TEST',1,0,0),(922,'Media Body - Text','No existing version. New major version.','TEST',1,0,0),(923,'Media Body - Text','No existing version. New major version.','TEST',1,0,0),(924,'Top Level of: Employee List','No existing version. New major version.','TEST',1,0,0),(925,'Employee List - Text Element','No existing version. New major version.','TEST',1,0,0),(926,'Employee List - FaFa','No existing version. New major version.','TEST',1,0,0),(927,'Top Level of: Employee List - ClickRedirect','No existing version. New major version.','TEST',1,0,0),(928,'Top Level of: Documents - ClickRedirect','No existing version. New major version.','TEST',1,0,0),(929,'Top Level of: Documents','No existing version. New major version.','TEST',1,0,0),(930,'Top Level of: Employees','No existing version. New major version.','TEST',1,0,0),(931,'Employees - Text Element','No existing version. New major version.','TEST',1,0,0),(932,'Employees - DCJQIcon','No existing version. New major version.','TEST',1,0,0),(933,'Top Level of: Employees - DisplayBlock','No existing version. New major version.','TEST',1,0,0),(934,'Top Level of: Employees - Employee Details','No existing version. New major version.','TEST',1,0,0),(935,'Employees - MobileLeftSideHider - Text Element','No existing version. New major version.','TEST',1,0,0),(936,'Employees - MobileLeftSideHider - FaFa','No existing version. New major version.','TEST',1,0,0),(937,'Top Level of: Employees - MobileLeftSideHider - ClickRedirect','No existing version. New major version.','TEST',1,0,0),(938,'Top Level of: Employee Others','No existing version. New major version.','TEST',1,0,0),(939,'Employee Others - Text Element','No existing version. New major version.','TEST',1,0,0),(940,'Employee Others - FaFa','No existing version. New major version.','TEST',1,0,0),(941,'Employee Others - DCJQIcon','No existing version. New major version.','TEST',1,0,0),(942,'Top Level of: Employee Others - DisplayBlock','No existing version. New major version.','TEST',1,0,0),(943,'Top Level of: Employee Others - Absence Entitlements','No existing version. New major version.','TEST',1,0,0),(944,'Employee Others - Absence Entitlements - Text Element','No existing version. New major version.','TEST',1,0,0),(945,'Employee Others - Absence Entitlements - FaFa','No existing version. New major version.','TEST',1,0,0),(946,'Top Level of: Employee Others - Absence Entitlements - ClickRedirect','No existing version. New major version.','TEST',1,0,0),(947,'Top Level of: Payroll','No existing version. New major version.','TEST',1,0,0),(948,'Payroll - Text Element','No existing version. New major version.','TEST',1,0,0),(949,'Payroll - FaFa','No existing version. New major version.','TEST',1,0,0),(950,'Payroll - DCJQIcon','No existing version. New major version.','TEST',1,0,0),(951,'Top Level of: Payroll - DisplayBlock','No existing version. New major version.','TEST',1,0,0),(952,'Top Level of: Payroll Statistics','No existing version. New major version.','TEST',1,0,0),(953,'Payroll Statistics - Text Element','No existing version. New major version.','TEST',1,0,0),(954,'Payroll Statistics - FaFa','No existing version. New major version.','TEST',1,0,0),(955,'Top Level of: Payroll Statistics - ClickRedirect','No existing version. New major version.','TEST',1,0,0),(956,'Top Level of: Employee Statistics','No existing version. New major version.','TEST',1,0,0),(957,'Employee Statistics - Text Element','No existing version. New major version.','TEST',1,0,0),(958,'Employee Statistics - FaFa','No existing version. New major version.','TEST',1,0,0),(959,'Employee Statistics - DCJQIcon','No existing version. New major version.','TEST',1,0,0),(960,'Top Level of: Employee Statistics - DisplayBlock','No existing version. New major version.','TEST',1,0,0),(961,'Top Level of: Absence Statistics','No existing version. New major version.','TEST',1,0,0),(962,'Absence Statistics - Text Element','No existing version. New major version.','TEST',1,0,0),(963,'Absence Statistics - FaFa','No existing version. New major version.','TEST',1,0,0),(964,'Absence Statistics - DCJQIcon','No existing version. New major version.','TEST',1,0,0),(965,'Top Level of: Absence Statistics - DisplayBlock','No existing version. New major version.','TEST',1,0,0),(966,'Top Level of: Reports','No existing version. New major version.','TEST',1,0,0),(967,'Reports - Text Element','No existing version. New major version.','TEST',1,0,0),(968,'Reports - FaFa','No existing version. New major version.','TEST',1,0,0),(969,'Reports - DCJQIcon','No existing version. New major version.','TEST',1,0,0),(970,'Top Level of: Reports - DisplayBlock','No existing version. New major version.','TEST',1,0,0),(971,'Top Level of: Monthly Reports','No existing version. New major version.','TEST',1,0,0),(972,'Monthly Reports - Text Element','No existing version. New major version.','TEST',1,0,0),(973,'Monthly Reports - FaFa','No existing version. New major version.','TEST',1,0,0),(974,'Top Level of: Monthly Reports - ClickRedirect','No existing version. New major version.','TEST',1,0,0),(975,'Top Level of: Yearly Reports','No existing version. New major version.','TEST',1,0,0),(976,'Yearly Reports - Text Element','No existing version. New major version.','TEST',1,0,0),(977,'Yearly Reports - FaFa','No existing version. New major version.','TEST',1,0,0),(978,'Top Level of: Yearly Reports - ClickRedirect','No existing version. New major version.','TEST',1,0,0),(979,'Top Level of: Bulk Updates','No existing version. New major version.','TEST',1,0,0),(980,'Bulk Updates - Text Element','No existing version. New major version.','TEST',1,0,0),(981,'Bulk Updates - FaFa','No existing version. New major version.','TEST',1,0,0),(982,'Bulk Updates - DCJQIcon','No existing version. New major version.','TEST',1,0,0),(983,'Top Level of: Bulk Updates - DisplayBlock','No existing version. New major version.','TEST',1,0,0),(984,'Top Level of: Settings','No existing version. New major version.','TEST',1,0,0),(985,'Settings - Text Element','No existing version. New major version.','TEST',1,0,0),(986,'Settings - FaFa','No existing version. New major version.','TEST',1,0,0),(987,'Top Level of: Settings - ClickRedirect','No existing version. New major version.','TEST',1,0,0),(988,'Employees - Contact Numbers - Text Element','No existing version. New major version.','ENTITY',1,0,0),(989,'Employees - Contact Numbers - FaFa','No existing version. New major version.','ENTITY',1,0,0),(990,'Employees - Contact Numbers - ClickRedirect','No existing version. New major version.','ENTITY',1,0,0),(991,'Employees - Contact Numbers','No existing version. New major version.','ENTITY',1,0,0),(992,'Employees - Banks - Text Element','No existing version. New major version.','ENTITY',1,0,0),(993,'Employees - Banks - FaFa','No existing version. New major version.','ENTITY',1,0,0),(994,'Employees - Banks - ClickRedirect','No existing version. New major version.','ENTITY',1,0,0),(995,'Employees - Banks','No existing version. New major version.','ENTITY',1,0,0),(996,'Employees - Salary Details - Text Element','No existing version. New major version.','ENTITY',1,0,0),(997,'Employees - Salary Details - FaFa','No existing version. New major version.','ENTITY',1,0,0),(998,'Employees - Salary Details - ClickRedirect','No existing version. New major version.','ENTITY',1,0,0),(999,'Employees - Salary Details','No existing version. New major version.','ENTITY',1,0,0),(1000,'Employees - Career Progression - Text Element','No existing version. New major version.','ENTITY',1,0,0),(1001,'Employees - Career Progression - FaFa','No existing version. New major version.','ENTITY',1,0,0),(1002,'Employees - Career Progression - ClickRedirect','No existing version. New major version.','ENTITY',1,0,0),(1003,'Employees - Career Progression','No existing version. New major version.','ENTITY',1,0,0),(1004,'Employees - Schedule - Text Element','No existing version. New major version.','ENTITY',1,0,0),(1005,'Employees - Schedule - FaFa','No existing version. New major version.','ENTITY',1,0,0),(1006,'Employees - Schedule - ClickRedirect','No existing version. New major version.','ENTITY',1,0,0),(1007,'Employees - Schedule','No existing version. New major version.','ENTITY',1,0,0),(1008,'Employees - Permanent Allowances - Text Element','No existing version. New major version.','ENTITY',1,0,0),(1009,'Employees - Permanent Allowances - FaFa','No existing version. New major version.','ENTITY',1,0,0),(1010,'Employees - Permanent Allowances - ClickRedirect','No existing version. New major version.','ENTITY',1,0,0),(1011,'Employees - Permanent Allowances','No existing version. New major version.','ENTITY',1,0,0),(1012,'Employees - Previous Employment - Text Element','No existing version. New major version.','ENTITY',1,0,0),(1013,'Employees - Previous Employment - FaFa','No existing version. New major version.','ENTITY',1,0,0),(1014,'Employees - Previous Employment - ClickRedirect','No existing version. New major version.','ENTITY',1,0,0),(1015,'Employees - Previous Employment','No existing version. New major version.','ENTITY',1,0,0),(1016,'Employees - Unions - Text Element','No existing version. New major version.','ENTITY',1,0,0),(1017,'Employees - Unions - FaFa','No existing version. New major version.','ENTITY',1,0,0),(1018,'Employees - Unions - ClickRedirect','No existing version. New major version.','ENTITY',1,0,0),(1019,'Employees - Unions','No existing version. New major version.','ENTITY',1,0,0),(1020,'Employee Others - Advances & Payment - Text Element','No existing version. New major version.','ENTITY',1,0,0),(1021,'Employee Others - Advances & Payment - FaFa','No existing version. New major version.','ENTITY',1,0,0),(1022,'Employee Others - Advances & Payment - ClickRedirect','No existing version. New major version.','ENTITY',1,0,0),(1023,'Employee Others - Advances & Payments','No existing version. New major version.','ENTITY',1,0,0),(1024,'Employee Others - Tax Arrears - Text Element','No existing version. New major version.','ENTITY',1,0,0),(1025,'Employee Others - Tax Arrears - FaFa','No existing version. New major version.','ENTITY',1,0,0),(1026,'Employee Others - Tax Arrears - ClickRedirect','No existing version. New major version.','ENTITY',1,0,0),(1027,'Employee Others - Tax Arrears','No existing version. New major version.','ENTITY',1,0,0),(1028,'Employee Others - Loans - Text Element','No existing version. New major version.','ENTITY',1,0,0),(1029,'Employee Others - Loans - FaFa','No existing version. New major version.','ENTITY',1,0,0),(1030,'Employee Others - Loans - ClickRedirect','No existing version. New major version.','ENTITY',1,0,0),(1031,'Employee Others - Loans','No existing version. New major version.','ENTITY',1,0,0),(1032,'Employee Others - Pensions - Text Element','No existing version. New major version.','ENTITY',1,0,0),(1033,'Employee Others - Pensions - FaFa','No existing version. New major version.','ENTITY',1,0,0),(1034,'Employee Others - Pensions - ClickRedirect','No existing version. New major version.','ENTITY',1,0,0),(1035,'Employee Others - Pensions','No existing version. New major version.','ENTITY',1,0,0),(1036,'Employee Others - Covid-19 Supplement - Text Element','No existing version. New major version.','ENTITY',1,0,0),(1037,'Employee Others - Covid-19 Supplement - FaFa','No existing version. New major version.','ENTITY',1,0,0),(1038,'Employee Others - Covid-19 Supplement - ClickRedirect','No existing version. New major version.','ENTITY',1,0,0),(1039,'Employee Others - Covid-19 Supplement','No existing version. New major version.','ENTITY',1,0,0),(1040,'Payroll - Initialise Payroll - Text Element','No existing version. New major version.','ENTITY',1,0,0),(1041,'Payroll - Initialise Payroll - FaFa','No existing version. New major version.','ENTITY',1,0,0),(1042,'Payroll - Initialise Payroll - ClickRedirect','No existing version. New major version.','ENTITY',1,0,0),(1043,'Payroll - Initialise Payroll','No existing version. New major version.','ENTITY',1,0,0),(1044,'Payroll - Payroll Details DrillDown - Text Element','No existing version. New major version.','ENTITY',1,0,0),(1045,'Payroll - Payroll Details DrillDown - FaFa','No existing version. New major version.','ENTITY',1,0,0),(1046,'Payroll - Payroll Details DrillDown - ClickRedirect','No existing version. New major version.','ENTITY',1,0,0),(1047,'Payroll - Payroll Details DrillDown','No existing version. New major version.','ENTITY',1,0,0),(1048,'Payroll - Detailed Adjustments - Text Element','No existing version. New major version.','ENTITY',1,0,0),(1049,'Payroll - Detailed Adjustments - FaFa','No existing version. New major version.','ENTITY',1,0,0),(1050,'Payroll - Detailed Adjustments - ClickRedirect','No existing version. New major version.','ENTITY',1,0,0),(1051,'Payroll - Detailed Adjustments','No existing version. New major version.','ENTITY',1,0,0),(1052,'Payroll - Global Adjustments - Text Element','No existing version. New major version.','ENTITY',1,0,0),(1053,'Payroll - Global Adjustments - FaFa','No existing version. New major version.','ENTITY',1,0,0),(1054,'Payroll - Global Adjustments - ClickRedirect','No existing version. New major version.','ENTITY',1,0,0),(1055,'Payroll - Global Adjustments','No existing version. New major version.','ENTITY',1,0,0),(1056,'Payroll - Global Absences - Text Element','No existing version. New major version.','ENTITY',1,0,0),(1057,'Payroll - Global Absences - FaFa','No existing version. New major version.','ENTITY',1,0,0),(1058,'Payroll - Global Absences - ClickRedirect','No existing version. New major version.','ENTITY',1,0,0),(1059,'Payroll - Global Absences','No existing version. New major version.','ENTITY',1,0,0),(1060,'Payroll - Global Extras - Text Element','No existing version. New major version.','ENTITY',1,0,0),(1061,'Payroll - Global Extras - FaFa','No existing version. New major version.','ENTITY',1,0,0),(1062,'Payroll - Global Extras - ClickRedirect','No existing version. New major version.','ENTITY',1,0,0),(1063,'Payroll - Global Extras','No existing version. New major version.','ENTITY',1,0,0),(1064,'Payroll - Calculate Payroll - Text Element','No existing version. New major version.','ENTITY',1,0,0),(1065,'Payroll - Calculate Payroll - FaFa','No existing version. New major version.','ENTITY',1,0,0),(1066,'Payroll - Calculate Payroll - ClickRedirect','No existing version. New major version.','ENTITY',1,0,0),(1067,'Payroll - Calculate Payroll','No existing version. New major version.','ENTITY',1,0,0),(1068,'Payroll - Close & Lock Payroll - Text Element','No existing version. New major version.','ENTITY',1,0,0),(1069,'Payroll - Close & Lock Payroll - FaFa','No existing version. New major version.','ENTITY',1,0,0),(1070,'Payroll - Close & Lock Payroll - ClickRedirect','No existing version. New major version.','ENTITY',1,0,0),(1071,'Payroll - Close & Lock Payroll','No existing version. New major version.','ENTITY',1,0,0),(1072,'Payroll - Payroll Details - Text Element','No existing version. New major version.','ENTITY',1,0,0),(1073,'Payroll - Payroll Details - FaFa','No existing version. New major version.','ENTITY',1,0,0),(1074,'Payroll - Payroll Details - ClickRedirect','No existing version. New major version.','ENTITY',1,0,0),(1075,'Payroll - Payroll Details','No existing version. New major version.','ENTITY',1,0,0),(1076,'Payroll - Excel Payroll Uploads - Text Element','No existing version. New major version.','ENTITY',1,0,0),(1077,'Payroll - Excel Payroll Uploads - FaFa','No existing version. New major version.','ENTITY',1,0,0),(1078,'Payroll - Excel Payroll Uploads - ClickRedirect','No existing version. New major version.','ENTITY',1,0,0),(1079,'Payroll - Excel Payroll Uploads','No existing version. New major version.','ENTITY',1,0,0),(1080,'Payroll - Calculation Statistics - Text Element','No existing version. New major version.','ENTITY',1,0,0),(1081,'Payroll - Calculation Statistics - FaFa','No existing version. New major version.','ENTITY',1,0,0),(1082,'Payroll - Calculation Statistics - ClickRedirect','No existing version. New major version.','ENTITY',1,0,0),(1083,'Payroll - Calculation Statistics','No existing version. New major version.','ENTITY',1,0,0),(1084,'Employee Statistics - Payslip Quick View - Text Element','No existing version. New major version.','ENTITY',1,0,0),(1085,'Employee Statistics - Payslip Quick View - FaFa','No existing version. New major version.','ENTITY',1,0,0),(1086,'Employee Statistics - Payslip Quick View - ClickRedirect','No existing version. New major version.','ENTITY',1,0,0),(1087,'Employee Statistics - Payslip Quick View','No existing version. New major version.','ENTITY',1,0,0),(1088,'Employee Statistics - FS3 Quick View - Text Element','No existing version. New major version.','ENTITY',1,0,0),(1089,'Employee Statistics - FS3 Quick View - FaFa','No existing version. New major version.','ENTITY',1,0,0),(1090,'Employee Statistics - FS3 Quick View - ClickRedirect','No existing version. New major version.','ENTITY',1,0,0),(1091,'Employee Statistics - FS3 Quick View','No existing version. New major version.','ENTITY',1,0,0),(1092,'Employee Statistics - Employee Payroll Statistics - Text Element','No existing version. New major version.','ENTITY',1,0,0),(1093,'Employee Statistics - Employee Payroll Statistics - FaFa','No existing version. New major version.','ENTITY',1,0,0),(1094,'Employee Statistics - Employee Payroll Statistics - ClickRedirect','No existing version. New major version.','ENTITY',1,0,0),(1095,'Employee Statistics - Employee Payroll Statistics','No existing version. New major version.','ENTITY',1,0,0),(1096,'Absence Statistics - Employee Accrurals - Text Element','No existing version. New major version.','ENTITY',1,0,0),(1097,'Absence Statistics - Employee Accrurals - FaFa','No existing version. New major version.','ENTITY',1,0,0),(1098,'Absence Statistics - Employee Accrurals - ClickRedirect','No existing version. New major version.','ENTITY',1,0,0),(1099,'Absence Statistics - Employee Accruals','No existing version. New major version.','ENTITY',1,0,0),(1100,'Absence Statistics - Other Absence Statistics - Text Element','No existing version. New major version.','ENTITY',1,0,0),(1101,'Absence Statistics - Other Absence Statistics - FaFa','No existing version. New major version.','ENTITY',1,0,0),(1102,'Absence Statistics - Other Absence Statistics - ClickRedirect','No existing version. New major version.','ENTITY',1,0,0),(1103,'Absence Statistics - Other Absence Statistics','No existing version. New major version.','ENTITY',1,0,0),(1104,'Reports - Payroll Reports - Text Element','No existing version. New major version.','ENTITY',1,0,0),(1105,'Reports - Payroll Reports - FaFa','No existing version. New major version.','ENTITY',1,0,0),(1106,'Reports - Payroll Reports - ClickRedirect','No existing version. New major version.','ENTITY',1,0,0),(1107,'Reports - Payroll Reports','No existing version. New major version.','ENTITY',1,0,0),(1108,'Reports - Payslips - Text Element','No existing version. New major version.','ENTITY',1,0,0),(1109,'Reports - Payslips - FaFa','No existing version. New major version.','ENTITY',1,0,0),(1110,'Reports - Payslips - ClickRedirect','No existing version. New major version.','ENTITY',1,0,0),(1111,'Reports - Payslips','No existing version. New major version.','ENTITY',1,0,0),(1112,'Reports - Direct Credits - Text Element','No existing version. New major version.','ENTITY',1,0,0),(1113,'Reports - Direct Credits - FaFa','No existing version. New major version.','ENTITY',1,0,0),(1114,'Reports - Direct Credits - ClickRedirect','No existing version. New major version.','ENTITY',1,0,0),(1115,'Reports - Direct Credits','No existing version. New major version.','ENTITY',1,0,0),(1116,'Reports - Global Payroll Analysis - Text Element','No existing version. New major version.','ENTITY',1,0,0),(1117,'Reports - Global Payroll Analysis - FaFa','No existing version. New major version.','ENTITY',1,0,0),(1118,'Reports - Global Payroll Analysis - ClickRedirect','No existing version. New major version.','ENTITY',1,0,0),(1119,'Reports - Global Payroll Analysis','No existing version. New major version.','ENTITY',1,0,0),(1120,'Reports - Cheque Printing - Text Element','No existing version. New major version.','ENTITY',1,0,0),(1121,'Reports - Cheque Printing - FaFa','No existing version. New major version.','ENTITY',1,0,0),(1122,'Reports - Cheque Printing - ClickRedirect','No existing version. New major version.','ENTITY',1,0,0),(1123,'Reports - Cheque Printing','No existing version. New major version.','ENTITY',1,0,0),(1124,'Reports - Adjustments Reports - Text Element','No existing version. New major version.','ENTITY',1,0,0),(1125,'Reports - Adjustments Reports - FaFa','No existing version. New major version.','ENTITY',1,0,0),(1126,'Reports - Adjustments Reports - ClickRedirect','No existing version. New major version.','ENTITY',1,0,0),(1127,'Reports - Adjustments Reports','No existing version. New major version.','ENTITY',1,0,0),(1128,'Reports - HR Related Reports - Text Element','No existing version. New major version.','ENTITY',1,0,0),(1129,'Reports - HR Related Reports - FaFa','No existing version. New major version.','ENTITY',1,0,0),(1130,'Reports - HR Related Reports - ClickRedirect','No existing version. New major version.','ENTITY',1,0,0),(1131,'Reports - HR Related Reports','No existing version. New major version.','ENTITY',1,0,0),(1132,'Reports - Absence Related Reports - Text Element','No existing version. New major version.','ENTITY',1,0,0),(1133,'Reports - Absence Related Reports - FaFa','No existing version. New major version.','ENTITY',1,0,0),(1134,'Reports - Absence Related Reports - ClickRedirect','No existing version. New major version.','ENTITY',1,0,0),(1135,'Reports - Absence Related Reports','No existing version. New major version.','ENTITY',1,0,0),(1136,'Bulk Updates - COLA Salary Updates - Text Element','No existing version. New major version.','ENTITY',1,0,0),(1137,'Bulk Updates - COLA Salary Updates - FaFa','No existing version. New major version.','ENTITY',1,0,0),(1138,'Bulk Updates - COLA Salary Updates - ClickRedirect','No existing version. New major version.','ENTITY',1,0,0),(1139,'Bulk Updates - COLA Salary Updates','No existing version. New major version.','ENTITY',1,0,0),(1140,'Bulk Updates - Employee Creation - Text Element','No existing version. New major version.','ENTITY',1,0,0),(1141,'Bulk Updates - Employee Creation - FaFa','No existing version. New major version.','ENTITY',1,0,0),(1142,'Bulk Updates - Employee Creation - ClickRedirect','No existing version. New major version.','ENTITY',1,0,0),(1143,'Bulk Updates - Employee Creation','No existing version. New major version.','ENTITY',1,0,0),(1144,'Employees - Contact Numbers','No existing version. New major version.','TEST_SUITE',1,0,0),(1145,'Employees - Contact Numbers - ClickRedirect','No existing version. New major version.','TEST_SUITE',1,0,0),(1146,'Employees - Banks','No existing version. New major version.','TEST_SUITE',1,0,0),(1147,'Employees - Banks - ClickRedirect','No existing version. New major version.','TEST_SUITE',1,0,0),(1148,'Employees - Salary Details','No existing version. New major version.','TEST_SUITE',1,0,0),(1149,'Employees - Salary Details - ClickRedirect','No existing version. New major version.','TEST_SUITE',1,0,0),(1150,'Employees - Career Progression','No existing version. New major version.','TEST_SUITE',1,0,0),(1151,'Employees - Career Progression - ClickRedirect','No existing version. New major version.','TEST_SUITE',1,0,0),(1152,'Employees - Schedule','No existing version. New major version.','TEST_SUITE',1,0,0),(1153,'Employees - Schedule - ClickRedirect','No existing version. New major version.','TEST_SUITE',1,0,0),(1154,'Employees - Permanent Allowances','No existing version. New major version.','TEST_SUITE',1,0,0),(1155,'Employees - Permanent Allowances - ClickRedirect','No existing version. New major version.','TEST_SUITE',1,0,0),(1156,'Employees - Previous Employment','No existing version. New major version.','TEST_SUITE',1,0,0),(1157,'Employees - Previous Employment - ClickRedirect','No existing version. New major version.','TEST_SUITE',1,0,0),(1158,'Employees - Unions','No existing version. New major version.','TEST_SUITE',1,0,0),(1159,'Employees - Unions - ClickRedirect','No existing version. New major version.','TEST_SUITE',1,0,0),(1160,'Employee Others - Advances & Payments','No existing version. New major version.','TEST_SUITE',1,0,0),(1161,'Employee Others - Advances & Payment - ClickRedirect','No existing version. New major version.','TEST_SUITE',1,0,0),(1162,'Employee Others - Tax Arrears','No existing version. New major version.','TEST_SUITE',1,0,0),(1163,'Employee Others - Tax Arrears - ClickRedirect','No existing version. New major version.','TEST_SUITE',1,0,0),(1164,'Employee Others - Loans','No existing version. New major version.','TEST_SUITE',1,0,0),(1165,'Employee Others - Loans - ClickRedirect','No existing version. New major version.','TEST_SUITE',1,0,0),(1166,'Employee Others - Pensions','No existing version. New major version.','TEST_SUITE',1,0,0),(1167,'Employee Others - Pensions - ClickRedirect','No existing version. New major version.','TEST_SUITE',1,0,0),(1168,'Employee Others - Covid-19 Supplement','No existing version. New major version.','TEST_SUITE',1,0,0),(1169,'Employee Others - Covid-19 Supplement - Display form','No existing version. New major version.','TEST_SUITE',1,0,0),(1170,'Payroll - Initialise Payroll','No existing version. New major version.','TEST_SUITE',1,0,0),(1171,'Payroll - Initialise Payroll - ClickRedirect','No existing version. New major version.','TEST_SUITE',1,0,0),(1172,'Payroll - Payroll Details DrillDown','No existing version. New major version.','TEST_SUITE',1,0,0),(1173,'Payroll - Payroll Details DrillDown - ClickRedirect','No existing version. New major version.','TEST_SUITE',1,0,0),(1174,'Payroll - Detailed Adjustments','No existing version. New major version.','TEST_SUITE',1,0,0),(1175,'Payroll - Detailed Adjustments - ClickRedirect','No existing version. New major version.','TEST_SUITE',1,0,0),(1176,'Payroll - Global Adjustments','No existing version. New major version.','TEST_SUITE',1,0,0),(1177,'Payroll - Global Adjustments - ClickRedirect','No existing version. New major version.','TEST_SUITE',1,0,0),(1178,'Payroll - Global Absences','No existing version. New major version.','TEST_SUITE',1,0,0),(1179,'Payroll - Global Absences - Display form','No existing version. New major version.','TEST_SUITE',1,0,0),(1180,'Payroll - Global Extras','No existing version. New major version.','TEST_SUITE',1,0,0),(1181,'Payroll - Global Extras - ClickRedirect','No existing version. New major version.','TEST_SUITE',1,0,0),(1182,'Payroll - Calculate Payroll','No existing version. New major version.','TEST_SUITE',1,0,0),(1183,'Payroll - Calculate Payroll - ClickRedirect','No existing version. New major version.','TEST_SUITE',1,0,0),(1184,'Payroll - Close & Lock Payroll','No existing version. New major version.','TEST_SUITE',1,0,0),(1185,'Payroll - Close & Lock Payroll - ClickRedirect','No existing version. New major version.','TEST_SUITE',1,0,0),(1186,'Payroll - Payroll Details','No existing version. New major version.','TEST_SUITE',1,0,0),(1187,'Payroll - Payroll Details - ClickRedirect','No existing version. New major version.','TEST_SUITE',1,0,0),(1188,'Payroll - Excel Payroll Uploads','No existing version. New major version.','TEST_SUITE',1,0,0),(1189,'Payroll - Excel Payroll Uploads - ClickRedirect','No existing version. New major version.','TEST_SUITE',1,0,0),(1190,'Payroll - Calculation Statistics','No existing version. New major version.','TEST_SUITE',1,0,0),(1191,'Payroll - Calculation Statistics - ClickRedirect','No existing version. New major version.','TEST_SUITE',1,0,0),(1192,'Employee Statistics - Payslip Quick View','No existing version. New major version.','TEST_SUITE',1,0,0),(1193,'Employee Statistics - Payslip Quick View - ClickRedirect','No existing version. New major version.','TEST_SUITE',1,0,0),(1194,'Employee Statistics - FS3 Quick View','No existing version. New major version.','TEST_SUITE',1,0,0),(1195,'Employee Statistics - FS3 Quick View - ClickRedirect','No existing version. New major version.','TEST_SUITE',1,0,0),(1196,'Employee Statistics - Employee Payroll Statistics','No existing version. New major version.','TEST_SUITE',1,0,0),(1197,'Employee Statistics - Employee Payroll Statistics - ClickRedirect','No existing version. New major version.','TEST_SUITE',1,0,0),(1198,'Absence Statistics - Employee Accruals','No existing version. New major version.','TEST_SUITE',1,0,0),(1199,'Absence Statistics - Employee Accruals - ClickRedirect','No existing version. New major version.','TEST_SUITE',1,0,0),(1200,'Absence Statistics - Other Absence Statistics','No existing version. New major version.','TEST_SUITE',1,0,0),(1201,'Absence Statistics - Other Absence Statistics - ClickRedirect','No existing version. New major version.','TEST_SUITE',1,0,0),(1202,'Reports - Payroll Reports','No existing version. New major version.','TEST_SUITE',1,0,0),(1203,'Reports - Payroll Reports - ClickRedirect','No existing version. New major version.','TEST_SUITE',1,0,0),(1204,'Reports - Payslips','No existing version. New major version.','TEST_SUITE',1,0,0),(1205,'Reports - Payslips - ClickRedirect','No existing version. New major version.','TEST_SUITE',1,0,0),(1206,'Reports - Direct Credits','No existing version. New major version.','TEST_SUITE',1,0,0),(1207,'Reports - Direct Credits - ClickRedirect','No existing version. New major version.','TEST_SUITE',1,0,0),(1208,'Reports - Global Payroll Analysis','No existing version. New major version.','TEST_SUITE',1,0,0),(1209,'Reports - Global Payroll Analysis - ClickRedirect','No existing version. New major version.','TEST_SUITE',1,0,0),(1210,'Reports - Cheque Printing','No existing version. New major version.','TEST_SUITE',1,0,0),(1211,'Reports - Cheque Printing - ClickRedirect','No existing version. New major version.','TEST_SUITE',1,0,0),(1212,'Reports - Adjustments Reports','No existing version. New major version.','TEST_SUITE',1,0,0),(1213,'Reports - Adjustments Reports - ClickRedirect','No existing version. New major version.','TEST_SUITE',1,0,0),(1214,'Reports - HR Related Reports','No existing version. New major version.','TEST_SUITE',1,0,0),(1215,'Reports - HR Related Reports - ClickRedirect','No existing version. New major version.','TEST_SUITE',1,0,0),(1216,'Reports - Absence Related Reports','No existing version. New major version.','TEST_SUITE',1,0,0),(1217,'Reports - Absence Related Reports - ClickRedirect','No existing version. New major version.','TEST_SUITE',1,0,0),(1218,'Bulk Updates - COLA Salary Updates','No existing version. New major version.','TEST_SUITE',1,0,0),(1219,'Bulk Updates - COLA Salary Updates - ClickRedirect','No existing version. New major version.','TEST_SUITE',1,0,0),(1220,'Bulk Updates - Employee Creation','No existing version. New major version.','TEST_SUITE',1,0,0),(1221,'Bulk Updates - Employee Creation - ClickRedirect','No existing version. New major version.','TEST_SUITE',1,0,0),(1222,'Top Level of: Employees - Contact Numbers','No existing version. New major version.','TEST',1,0,0),(1223,'Employees - Contact Numbers - Text Element','No existing version. New major version.','TEST',1,0,0),(1224,'Employees - Contact Numbers - FaFa','No existing version. New major version.','TEST',1,0,0),(1225,'Top Level of: Employees - Contact Numbers - ClickRedirect','No existing version. New major version.','TEST',1,0,0),(1226,'Top Level of: Employees - Banks','No existing version. New major version.','TEST',1,0,0),(1227,'Employees - Banks - Text Element','No existing version. New major version.','TEST',1,0,0),(1228,'Employees - Banks - FaFa','No existing version. New major version.','TEST',1,0,0),(1229,'Top Level of: Employees - Banks - ClickRedirect','No existing version. New major version.','TEST',1,0,0),(1230,'Top Level of: Employees - Salary Details','No existing version. New major version.','TEST',1,0,0),(1231,'Employees - Salary Details - Text Element','No existing version. New major version.','TEST',1,0,0),(1232,'Employees - Salary Details - FaFa','No existing version. New major version.','TEST',1,0,0),(1233,'Top Level of: Employees - Salary Details - ClickRedirect','No existing version. New major version.','TEST',1,0,0),(1234,'Top Level of: Employees - Career Progression','No existing version. New major version.','TEST',1,0,0),(1235,'Employees - Career Progression - Text Element','No existing version. New major version.','TEST',1,0,0),(1236,'Employees - Career Progression - FaFa','No existing version. New major version.','TEST',1,0,0),(1237,'Top Level of: Employees - Career Progression - ClickRedirect','No existing version. New major version.','TEST',1,0,0),(1238,'Top Level of: Employees - Schedule','No existing version. New major version.','TEST',1,0,0),(1239,'Employees - Schedule - Text Element','No existing version. New major version.','TEST',1,0,0),(1240,'Employees - Schedule - FaFa','No existing version. New major version.','TEST',1,0,0),(1241,'Top Level of: Employees - Schedule - ClickRedirect','No existing version. New major version.','TEST',1,0,0),(1242,'Top Level of: Employees - Permanent Allowances','No existing version. New major version.','TEST',1,0,0),(1243,'Employees - Permanent Allowances - Text Element','No existing version. New major version.','TEST',1,0,0),(1244,'Employees - Permanent Allowances - FaFa','No existing version. New major version.','TEST',1,0,0),(1245,'Top Level of: Employees - Permanent Allowances - ClickRedirect','No existing version. New major version.','TEST',1,0,0),(1246,'Top Level of: Employees - Previous Employment','No existing version. New major version.','TEST',1,0,0),(1247,'Employees - Previous Employment - Text Element','No existing version. New major version.','TEST',1,0,0),(1248,'Employees - Previous Employment - FaFa','No existing version. New major version.','TEST',1,0,0),(1249,'Top Level of: Employees - Previous Employment - ClickRedirect','No existing version. New major version.','TEST',1,0,0),(1250,'Top Level of: Employees - Unions','No existing version. New major version.','TEST',1,0,0),(1251,'Employees - Unions - Text Element','No existing version. New major version.','TEST',1,0,0),(1252,'Employees - Unions - FaFa','No existing version. New major version.','TEST',1,0,0),(1253,'Top Level of: Employees - Unions - ClickRedirect','No existing version. New major version.','TEST',1,0,0),(1254,'Top Level of: Employee Others - Advances & Payments','No existing version. New major version.','TEST',1,0,0),(1255,'Employee Others - Advances & Payments - Text Element','No existing version. New major version.','TEST',1,0,0),(1256,'Employee Others - Advances & Payment - FaFa','No existing version. New major version.','TEST',1,0,0),(1257,'Top Level of: Employee Others - Advances & Payment - ClickRedirect','No existing version. New major version.','TEST',1,0,0),(1258,'Top Level of: Employee Others - Tax Arrears','No existing version. New major version.','TEST',1,0,0),(1259,'Employee Others - Tax Arrears - Text Element','No existing version. New major version.','TEST',1,0,0),(1260,'Employee Others - Tax Arrears - FaFa','No existing version. New major version.','TEST',1,0,0),(1261,'Top Level of: Employee Others - Tax Arrears - ClickRedirect','No existing version. New major version.','TEST',1,0,0),(1262,'Top Level of: Employee Others - Loans','No existing version. New major version.','TEST',1,0,0),(1263,'Employee Others - Loans - Text Element','No existing version. New major version.','TEST',1,0,0),(1264,'Employee Others - Loans - FaFa','No existing version. New major version.','TEST',1,0,0),(1265,'Top Level of: Employee Others - Loans - ClickRedirect','No existing version. New major version.','TEST',1,0,0),(1266,'Top Level of: Employee Others - Pensions','No existing version. New major version.','TEST',1,0,0),(1267,'Employee Others - Pensions - Text Element','No existing version. New major version.','TEST',1,0,0),(1268,'Employee Others - Pensions - FaFa','No existing version. New major version.','TEST',1,0,0),(1269,'Top Level of: Employee Others - Pensions - ClickRedirect','No existing version. New major version.','TEST',1,0,0),(1270,'Top Level of: Employee Others - Covid-19 Supplement','No existing version. New major version.','TEST',1,0,0),(1271,'Employee Others - Covid-19 Supplement - Text Element','No existing version. New major version.','TEST',1,0,0),(1272,'Employee Others - Covid-19 Supplement - FaFa','No existing version. New major version.','TEST',1,0,0),(1273,'Top Level of: Employee Others - Covid-19 Supplement - Display form','No existing version. New major version.','TEST',1,0,0),(1274,'Top Level of: Payroll - Initialise Payroll','No existing version. New major version.','TEST',1,0,0),(1275,'Payroll - Initialise Payroll - Text Element','No existing version. New major version.','TEST',1,0,0),(1276,'Payroll - Initialise Payroll - FaFa','No existing version. New major version.','TEST',1,0,0),(1277,'Top Level of: Payroll - Initialise Payroll - ClickRedirect','No existing version. New major version.','TEST',1,0,0),(1278,'Top Level of: Payroll - Payroll Details DrillDown','No existing version. New major version.','TEST',1,0,0),(1279,'Payroll - Payroll Details DrillDown - Text Element','No existing version. New major version.','TEST',1,0,0),(1280,'Payroll - Payroll Details DrillDown - FaFa','No existing version. New major version.','TEST',1,0,0),(1281,'Top Level of: Payroll - Payroll Details DrillDown - ClickRedirect','No existing version. New major version.','TEST',1,0,0),(1282,'Top Level of: Payroll - Detailed Adjustments','No existing version. New major version.','TEST',1,0,0),(1283,'Payroll - Detailed Adjustments - Text Element','No existing version. New major version.','TEST',1,0,0),(1284,'Payroll - Detailed Adjustments - FaFa','No existing version. New major version.','TEST',1,0,0),(1285,'Top Level of: Payroll - Detailed Adjustments - ClickRedirect','No existing version. New major version.','TEST',1,0,0),(1286,'Top Level of: Payroll - Global Adjustments','No existing version. New major version.','TEST',1,0,0),(1287,'Payroll - Global Adjustments - Text Element','No existing version. New major version.','TEST',1,0,0),(1288,'Payroll - Global Adjustments - FaFa','No existing version. New major version.','TEST',1,0,0),(1289,'Top Level of: Payroll - Global Adjustments - ClickRedirect','No existing version. New major version.','TEST',1,0,0),(1290,'Top Level of: Payroll - Global Absences','No existing version. New major version.','TEST',1,0,0),(1291,'Payroll - Global Absences - Text Element','No existing version. New major version.','TEST',1,0,0),(1292,'Payroll - Global Absences - FaFa','No existing version. New major version.','TEST',1,0,0),(1293,'Top Level of: Payroll - Global Absences - Display form','No existing version. New major version.','TEST',1,0,0),(1294,'Top Level of: Payroll - Global Extras','No existing version. New major version.','TEST',1,0,0),(1295,'Payroll - Global Extras - Text Element','No existing version. New major version.','TEST',1,0,0),(1296,'Payroll - Global Extras - FaFa','No existing version. New major version.','TEST',1,0,0),(1297,'Top Level of: Payroll - Global Extras - ClickRedirect','No existing version. New major version.','TEST',1,0,0),(1298,'Top Level of: Payroll - Calculate Payroll','No existing version. New major version.','TEST',1,0,0),(1299,'Payroll - Calculate Payroll - Text Element','No existing version. New major version.','TEST',1,0,0),(1300,'Payroll - Calculate Payroll - FaFa','No existing version. New major version.','TEST',1,0,0),(1301,'Top Level of: Payroll - Calculate Payroll - ClickRedirect','No existing version. New major version.','TEST',1,0,0),(1302,'Top Level of: Payroll - Close & Lock Payroll','No existing version. New major version.','TEST',1,0,0),(1303,'Payroll - Close & Lock Payroll - Text Element','No existing version. New major version.','TEST',1,0,0),(1304,'Payroll - Close & Lock Payroll - FaFa','No existing version. New major version.','TEST',1,0,0),(1305,'Top Level of: Payroll - Close & Lock Payroll - ClickRedirect','No existing version. New major version.','TEST',1,0,0),(1306,'Top Level of: Payroll - Payroll Details','No existing version. New major version.','TEST',1,0,0),(1307,'Payroll - Payroll Details - Text Element','No existing version. New major version.','TEST',1,0,0),(1308,'Payroll - Payroll Details - FaFa','No existing version. New major version.','TEST',1,0,0),(1309,'Top Level of: Payroll - Payroll Details - ClickRedirect','No existing version. New major version.','TEST',1,0,0),(1310,'Top Level of: Payroll - Excel Payroll Uploads','No existing version. New major version.','TEST',1,0,0),(1311,'Payroll - Excel Payroll Uploads - Text Element','No existing version. New major version.','TEST',1,0,0),(1312,'Payroll - Excel Payroll Uploads - FaFa','No existing version. New major version.','TEST',1,0,0),(1313,'Top Level of: Payroll - Excel Payroll Uploads - ClickRedirect','No existing version. New major version.','TEST',1,0,0),(1314,'Top Level of: Payroll - Calculation Statistics','No existing version. New major version.','TEST',1,0,0),(1315,'Payroll - Calculation Statistics - Text Element','No existing version. New major version.','TEST',1,0,0),(1316,'Payroll - Calculation Statistics - FaFa','No existing version. New major version.','TEST',1,0,0),(1317,'Top Level of: Payroll - Calculation Statistics - ClickRedirect','No existing version. New major version.','TEST',1,0,0),(1318,'Top Level of: Employee Statistics - Payslip Quick View','No existing version. New major version.','TEST',1,0,0),(1319,'Employee Statistics - Payslip Quick View - Text Element','No existing version. New major version.','TEST',1,0,0),(1320,'Employee Statistics - Payslip Quick View - FaFa','No existing version. New major version.','TEST',1,0,0),(1321,'Top Level of: Employee Statistics - Payslip Quick View - ClickRedirect','No existing version. New major version.','TEST',1,0,0),(1322,'Top Level of: Employee Statistics - FS3 Quick View','No existing version. New major version.','TEST',1,0,0),(1323,'Employee Statistics - FS3 Quick View - Text Element','No existing version. New major version.','TEST',1,0,0),(1324,'Employee Statistics - FS3 Quick View - FaFa','No existing version. New major version.','TEST',1,0,0),(1325,'Top Level of: Employee Statistics - FS3 Quick View - ClickRedirect','No existing version. New major version.','TEST',1,0,0),(1326,'Top Level of: Employee Statistics - Employee Payroll Statistics','No existing version. New major version.','TEST',1,0,0),(1327,'Employee Statistics - Employee Payroll Statistics - Text Element','No existing version. New major version.','TEST',1,0,0),(1328,'Employee Statistics - Employee Payroll Statistics - FaFa','No existing version. New major version.','TEST',1,0,0),(1329,'Top Level of: Employee Statistics - Employee Payroll Statistics - ClickRedirect','No existing version. New major version.','TEST',1,0,0),(1330,'Top Level of: Absence Statistics - Employee Accruals','No existing version. New major version.','TEST',1,0,0),(1331,'Absence Statistics - Employee Accruals - Text Element','No existing version. New major version.','TEST',1,0,0),(1332,'Absence Statistics - Employee Accruals - FaFa','No existing version. New major version.','TEST',1,0,0),(1333,'Top Level of: Absence Statistics - Employee Accruals - ClickRedirect','No existing version. New major version.','TEST',1,0,0),(1334,'Top Level of: Absence Statistics - Other Absence Statistics','No existing version. New major version.','TEST',1,0,0),(1335,'Absence Statistics - Other Absence Statistics - Text Element','No existing version. New major version.','TEST',1,0,0),(1336,'Absence Statistics - Other Absence Statistics - FaFa','No existing version. New major version.','TEST',1,0,0),(1337,'Top Level of: Absence Statistics - Other Absence Statistics - ClickRedirect','No existing version. New major version.','TEST',1,0,0),(1338,'Top Level of: Reports - Payroll Reports','No existing version. New major version.','TEST',1,0,0),(1339,'Reports - Payroll Reports - Text Element','No existing version. New major version.','TEST',1,0,0),(1340,'Reports - Payroll Reports - FaFa','No existing version. New major version.','TEST',1,0,0),(1341,'Top Level of: Reports - Payroll Reports - ClickRedirect','No existing version. New major version.','TEST',1,0,0),(1342,'Top Level of: Reports - Payslips','No existing version. New major version.','TEST',1,0,0),(1343,'Reports - Payslips - Text Element','No existing version. New major version.','TEST',1,0,0),(1344,'Reports - Payslips - FaFa','No existing version. New major version.','TEST',1,0,0),(1345,'Top Level of: Reports - Payslips - ClickRedirect','No existing version. New major version.','TEST',1,0,0),(1346,'Top Level of: Reports - Direct Credits','No existing version. New major version.','TEST',1,0,0),(1347,'Reports - Direct Credits - Text Element','No existing version. New major version.','TEST',1,0,0),(1348,'Reports - Direct Credits - FaFa','No existing version. New major version.','TEST',1,0,0),(1349,'Top Level of: Reports - Direct Credits - ClickRedirect','No existing version. New major version.','TEST',1,0,0),(1350,'Top Level of: Reports - Global Payroll Analysis','No existing version. New major version.','TEST',1,0,0),(1351,'Reports - Global Payroll Analysis - Text Element','No existing version. New major version.','TEST',1,0,0),(1352,'Reports - Global Payroll Analysis - FaFa','No existing version. New major version.','TEST',1,0,0),(1353,'Top Level of: Reports - Global Payroll Analysis - ClickRedirect','No existing version. New major version.','TEST',1,0,0),(1354,'Top Level of: Reports - Cheque Printing','No existing version. New major version.','TEST',1,0,0),(1355,'Reports - Cheque Printing - Text Element','No existing version. New major version.','TEST',1,0,0),(1356,'Reports - Cheque Printing - FaFa','No existing version. New major version.','TEST',1,0,0),(1357,'Top Level of: Reports - Cheque Printing - ClickRedirect','No existing version. New major version.','TEST',1,0,0),(1358,'Top Level of: Reports - Adjustments Reports','No existing version. New major version.','TEST',1,0,0),(1359,'Reports - Adjustments Reports - Text Element','No existing version. New major version.','TEST',1,0,0),(1360,'Reports - Adjustments Reports - FaFa','No existing version. New major version.','TEST',1,0,0),(1361,'Top Level of: Reports - Adjustments Reports - ClickRedirect','No existing version. New major version.','TEST',1,0,0),(1362,'Top Level of: Reports - HR Related Reports','No existing version. New major version.','TEST',1,0,0),(1363,'Reports - HR Related Reports - Text Element','No existing version. New major version.','TEST',1,0,0),(1364,'Reports - HR Related Reports - FaFa','No existing version. New major version.','TEST',1,0,0),(1365,'Top Level of: Reports - HR Related Reports - ClickRedirect','No existing version. New major version.','TEST',1,0,0),(1366,'Top Level of: Reports - Absence Related Reports','No existing version. New major version.','TEST',1,0,0),(1367,'Reports - Absence Related Reports - Text Element','No existing version. New major version.','TEST',1,0,0),(1368,'Reports - Absence Related Reports - FaFa','No existing version. New major version.','TEST',1,0,0),(1369,'Top Level of: Reports - Absence Related Reports - ClickRedirect','No existing version. New major version.','TEST',1,0,0),(1370,'Top Level of: Bulk Updates - COLA Salary Updates','No existing version. New major version.','TEST',1,0,0),(1371,'Bulk Updates - COLA Salary Updates - Text Element','No existing version. New major version.','TEST',1,0,0),(1372,'Bulk Updates - COLA Salary Updates - FaFa','No existing version. New major version.','TEST',1,0,0),(1373,'Top Level of: Bulk Updates - COLA Salary Updates - ClickRedirect','No existing version. New major version.','TEST',1,0,0),(1374,'Top Level of: Bulk Updates - Employee Creation','No existing version. New major version.','TEST',1,0,0),(1375,'Bulk Updates - Employee Creation - Text Element','No existing version. New major version.','TEST',1,0,0),(1376,'Bulk Updates - Employee Creation - FaFa','No existing version. New major version.','TEST',1,0,0),(1377,'Top Level of: Bulk Updates - Employee Creation - ClickRedirect','No existing version. New major version.','TEST',1,0,0);
/*!40000 ALTER TABLE `version` ENABLE KEYS */;
UNLOCK TABLES;
/*!40103 SET TIME_ZONE=@OLD_TIME_ZONE */;

/*!40101 SET SQL_MODE=@OLD_SQL_MODE */;
/*!40014 SET FOREIGN_KEY_CHECKS=@OLD_FOREIGN_KEY_CHECKS */;
/*!40014 SET UNIQUE_CHECKS=@OLD_UNIQUE_CHECKS */;
/*!40101 SET CHARACTER_SET_CLIENT=@OLD_CHARACTER_SET_CLIENT */;
/*!40101 SET CHARACTER_SET_RESULTS=@OLD_CHARACTER_SET_RESULTS */;
/*!40101 SET COLLATION_CONNECTION=@OLD_COLLATION_CONNECTION */;
/*!40111 SET SQL_NOTES=@OLD_SQL_NOTES */;

-- Dump completed on 2021-05-26 14:40:04
